Accession,ExhibitType,URL,Method,Success,SubsidiaryCount,MaxNestingLevel,HasNested,ErrorMessage
000095017025038693,EX-21,"https://www.sec.gov/Archives/edgar/data/1000209/000095017025038693/mfin-ex21/1.htm",Heuristic,true,4,0,false,
000100022825000014,EX-21,"https://www.sec.gov/Archives/edgar/data/1000228/000100022825000014/exhibit211.htm",Heuristic,true,35,1,true,
000100062325000009,EX-21,"https://www.sec.gov/Archives/edgar/data/1000623/000100062325000009/ex211q42024subsidiaries.htm",Heuristic,true,39,0,false,
000155837025002818,EX-21,"https://www.sec.gov/Archives/edgar/data/1001082/000155837025002818/dish-20241231xex21.htm",Heuristic,true,4,0,false,
000100125025000099,EX-21,"https://www.sec.gov/Archives/edgar/data/1001250/000100125025000099/exhibit211-fy25.htm",Heuristic,true,8,0,false,
000100161425000012,EX-21,"https://www.sec.gov/Archives/edgar/data/1001614/000100161425000012/exhibit211123124.htm",Heuristic,true,4,0,false,
000143774925029909,EX-21,"https://www.sec.gov/Archives/edgar/data/1001907/000143774925029909/ex/831011.htm",Heuristic,true,11,2,true,
000095017025083705,EX-21,"https://www.sec.gov/Archives/edgar/data/1002047/000095017025083705/ntap-ex21/1.htm",Heuristic,true,59,0,false,
000100263825000053,EX-21,"https://www.sec.gov/Archives/edgar/data/1002638/000100263825000053/q4-2510xkexhibit211.htm",Heuristic,true,46,0,false,
000100307825000123,EX-21,"https://www.sec.gov/Archives/edgar/data/1003078/000100307825000123/fy25exhibit211.htm",Heuristic,true,30,1,true,
000095017025047742,EX-21,"https://www.sec.gov/Archives/edgar/data/1004724/000095017025047742/rhe-ex21/1.htm",Heuristic,true,44,0,false,
000162828025058738,EX-21,"https://www.sec.gov/Archives/edgar/data/10048/000162828025058738/exhibitno2193025.htm",Heuristic,true,9,0,false,
000010049325000095,EX-21,"https://www.sec.gov/Archives/edgar/data/100493/000010049325000095/tsn2025q410-kexx21.htm",Heuristic,true,52,0,false,
000100498025000010,EX-21,"https://www.sec.gov/Archives/edgar/data/1004980/000100498025000010/exhibit21-12312024.htm",Heuristic,true,2,0,false,
000143774925017409,EX-21,"https://www.sec.gov/Archives/edgar/data/1004989/000143774925017409/ex/751599.htm",Heuristic,true,17,1,true,
000149315225014286,EX-21,"https://www.sec.gov/Archives/edgar/data/1005101/000149315225014286/ex21-1.htm",Heuristic,true,12,0,false,
000010051725000046,EX-21,"https://www.sec.gov/Archives/edgar/data/100517/000010051725000046/ual/12312410kex21.htm",Heuristic,true,3,0,false,
000100528625000108,EX-21,"https://www.sec.gov/Archives/edgar/data/1005286/000100528625000108/lfcr-20250525xexx211subsid.htm",Heuristic,true,5,0,false,
000149315225016071,EX-21,"https://www.sec.gov/Archives/edgar/data/1005731/000149315225016071/ex21-01.htm",Heuristic,true,10,0,false,
000095017025023962,EX-21,"https://www.sec.gov/Archives/edgar/data/1005757/000095017025023962/csgs-ex21/01.htm",Heuristic,true,46,0,false,
000155837025003039,EX-21,"https://www.sec.gov/Archives/edgar/data/1006281/000155837025003039/plx-20241231xex21d1.htm",Heuristic,true,1,0,false,
000110465925090839,EX-21,"https://www.sec.gov/Archives/edgar/data/1006655/000110465925090839/epm-20250630xex21d1.htm",Heuristic,true,8,0,false,
000100683725000021,EX-21,"https://www.sec.gov/Archives/edgar/data/1006837/000100683725000021/exhibit211-q410k2024.htm",Heuristic,true,3,0,false,
000149315225004500,EX-21,"https://www.sec.gov/Archives/edgar/data/1007019/000149315225004500/ex21-1.htm",Heuristic,true,2,0,false,
000095017025111331,EX-21,"https://www.sec.gov/Archives/edgar/data/100726/000095017025111331/ufi-ex21.htm",Heuristic,true,18,0,false,
000100291025000055,EX-21,"https://www.sec.gov/Archives/edgar/data/100826/000100291025000055/aee202410-kxexhibit211.htm",Heuristic,true,19,0,false,
000143774925014208,EX-21,"https://www.sec.gov/Archives/edgar/data/1008586/000143774925014208/ex/667742.htm",Heuristic,true,4,0,false,
000010088525000042,EX-21,"https://www.sec.gov/Archives/edgar/data/100885/000010088525000042/a202410-kexx21.htm",Heuristic,true,1,0,false,
000118518525000170,EX-21,"https://www.sec.gov/Archives/edgar/data/1009829/000118518525000170/jakkex21.htm",Heuristic,true,16,0,false,
000093905725000242,EX-21,"https://www.sec.gov/Archives/edgar/data/1010470/000093905725000242/prov-20250630xex21d1.htm",Heuristic,true,4,0,false,
000155837025004847,EX-21,"https://www.sec.gov/Archives/edgar/data/1011509/000155837025004847/aumn-20241231xex21d1.htm",Heuristic,true,6,1,true,
000010119925000012,EX-21,"https://www.sec.gov/Archives/edgar/data/101199/000010119925000012/exhibit21123124.htm",Heuristic,true,13,0,false,
000143774925004794,EX-21,"https://www.sec.gov/Archives/edgar/data/1012019/000143774925004794/ex/778987.htm",Heuristic,true,5,0,false,
000101247725000010,EX-21,"https://www.sec.gov/Archives/edgar/data/1012477/000101247725000010/a123124ex-211.htm",Heuristic,true,9,0,false,
000162828025045769,EX-21,"https://www.sec.gov/Archives/edgar/data/1013237/000162828025045769/fds-202508x31xexx21.htm",Heuristic,true,50,0,false,
000156276225000042,EX-21,"https://www.sec.gov/Archives/edgar/data/1013272/000156276225000042/nwfl-20241231xex21.htm",Heuristic,true,4,0,false,
000101346225000009,EX-21,"https://www.sec.gov/Archives/edgar/data/1013462/000101346225000009/anssex211-20241231x10konly.htm",Heuristic,true,38,0,false,
000095017025028420,EX-21,"https://www.sec.gov/Archives/edgar/data/101382/000095017025028420/umbf-ex21/1.htm",Heuristic,true,33,0,false,
000101385725000024,EX-21,"https://www.sec.gov/Archives/edgar/data/1013857/000101385725000024/q42024/ex-211.htm",Heuristic,true,7,0,false,
000101387125000006,EX-21,"https://www.sec.gov/Archives/edgar/data/1013871/000101387125000006/exhibit211q42024.htm",Heuristic,true,39,0,false,
000155837025001823,EX-21,"https://www.sec.gov/Archives/edgar/data/1013880/000155837025001823/ttec-20241231xex21d1.htm",Heuristic,true,31,1,true,
000101447325000006,EX-21,"https://www.sec.gov/Archives/edgar/data/1014473/000101447325000006/vrsn-20241231x10kxex2101.htm",Heuristic,true,15,0,false,
000101473925000012,EX-21,"https://www.sec.gov/Archives/edgar/data/1014739/000101473925000012/ex211-listofsubsidiaries.htm",Heuristic,true,37,0,false,
000114036125012058,EX-21,"https://www.sec.gov/Archives/edgar/data/1015155/000114036125012058/ef20029694/ex21-1.htm",Heuristic,true,1,0,false,
000101532825000093,EX-21,"https://www.sec.gov/Archives/edgar/data/1015328/000101532825000093/exhibit211subsidiaries1231.htm",Heuristic,true,42,0,false,
000095017025086893,EX-21,"https://www.sec.gov/Archives/edgar/data/1015383/000095017025086893/poww-ex21/1.htm",Heuristic,true,6,0,false,
000165495425003048,EX-21,"https://www.sec.gov/Archives/edgar/data/101538/000165495425003048/uamy/ex211.htm",Heuristic,true,11,0,false,
000095017025038714,EX-21,"https://www.sec.gov/Archives/edgar/data/1015739/000095017025038714/awre-ex21/1.htm",Heuristic,true,2,0,false,
000101628125000045,EX-21,"https://www.sec.gov/Archives/edgar/data/1016281/000101628125000045/csv-ex211x20241231x10k.htm",Heuristic,true,44,0,false,
000143774925029711,EX-21,"https://www.sec.gov/Archives/edgar/data/1016504/000143774925029711/ex/834958.htm",Heuristic,true,7,0,false,
000101816425000027,EX-21,"https://www.sec.gov/Archives/edgar/data/1018164/000101816425000027/exhibit211subsidiariesofth.htm",Heuristic,true,33,0,false,
000010182925000005,EX-21,"https://www.sec.gov/Archives/edgar/data/101829/000010182925000005/exhibit212024-12x3110xk.htm",Heuristic,true,38,0,false,
000101839925000013,EX-21,"https://www.sec.gov/Archives/edgar/data/1018399/000101839925000013/ebtc12312410kex21.htm",Heuristic,true,6,0,false,
000101872425000004,EX-21,"https://www.sec.gov/Archives/edgar/data/1018724/000101872425000004/amzn-20241231xex211.htm",Heuristic,true,9,0,false,
000101884025000013,EX-21,"https://www.sec.gov/Archives/edgar/data/1018840/000101884025000013/exhibit211q42024.htm",Heuristic,true,40,0,false,
000162828025007092,EX-21,"https://www.sec.gov/Archives/edgar/data/1018963/000162828025007092/fy202410k211.htm",Heuristic,true,7,0,false,
000101984925000022,EX-21,"https://www.sec.gov/Archives/edgar/data/1019849/000101984925000022/a202410kex21.htm",Heuristic,true,34,0,false,
000095017025027906,EX-21,"https://www.sec.gov/Archives/edgar/data/1020214/000095017025027906/cers-ex21/1.htm",Heuristic,true,1,0,false,
000010203725000028,EX-21,"https://www.sec.gov/Archives/edgar/data/102037/000010203725000028/uvv-exhibit21x03312025.htm",Heuristic,true,31,1,true,
000102056925000040,EX-21,"https://www.sec.gov/Archives/edgar/data/1020569/000102056925000040/irm2024ex-211.htm",Heuristic,true,40,0,false,
000102085925000054,EX-21,"https://www.sec.gov/Archives/edgar/data/1020859/000102085925000054/exhibit21subsidiarylisting.htm",Heuristic,true,44,0,false,
000141057825001522,EX-21,"https://www.sec.gov/Archives/edgar/data/102109/000141057825001522/uuu-20250331xex21.htm",Heuristic,true,3,0,false,
000102232125000023,EX-21,"https://www.sec.gov/Archives/edgar/data/1022321/000102232125000023/a110/annualxex211xgel12312.htm",Heuristic,true,45,0,false,
000155837025001271,EX-21,"https://www.sec.gov/Archives/edgar/data/1022344/000155837025001271/spg-20241231xex21d1.htm",Heuristic,true,14,1,true,
000149315225028364,EX-21,"https://www.sec.gov/Archives/edgar/data/1022505/000149315225028364/ex21-1.htm",Heuristic,true,1,0,false,
000102265225000005,EX-21,"https://www.sec.gov/Archives/edgar/data/1022652/000102265225000005/insg20241231ex21.htm",Heuristic,true,12,0,false,
000155837025001886,EX-21,"https://www.sec.gov/Archives/edgar/data/1022671/000155837025001886/stld-20241231xex21d1.htm",Heuristic,true,16,0,false,
000102302425000015,EX-21,"https://www.sec.gov/Archives/edgar/data/1023024/000102302425000015/anip-20241231xexx21.htm",Heuristic,true,11,0,false,
000102312825000026,EX-21,"https://www.sec.gov/Archives/edgar/data/1023128/000102312825000026/a2024q4exx21subsidiaries.htm",Heuristic,true,53,0,false,
000095017025035158,EX-21,"https://www.sec.gov/Archives/edgar/data/1023313/000095017025035158/forr-ex21.htm",Heuristic,true,16,0,false,
000102430525000030,EX-21,"https://www.sec.gov/Archives/edgar/data/1024305/000102430525000030/exhibit211-subsidiarieslis.htm",Heuristic,true,42,0,false,
000102447825000116,EX-21,"https://www.sec.gov/Archives/edgar/data/1024478/000102447825000116/rok10k2025ex21.htm",Heuristic,true,28,0,false,
000095017025026703,EX-21,"https://www.sec.gov/Archives/edgar/data/1024795/000095017025026703/hlio-ex21/1.htm",Heuristic,true,31,0,false,
000102537825000031,EX-21,"https://www.sec.gov/Archives/edgar/data/1025378/000102537825000031/wpc202410-kexh211.htm",Heuristic,true,44,0,false,
000102583525000039,EX-21,"https://www.sec.gov/Archives/edgar/data/1025835/000102583525000039/a20241231-ex211.htm",Heuristic,true,4,0,false,
000010272925000009,EX-21,"https://www.sec.gov/Archives/edgar/data/102729/000010272925000009/vmi-20241228xex21.htm",Heuristic,true,15,0,false,
000102891825000014,EX-21,"https://www.sec.gov/Archives/edgar/data/1028918/000102891825000014/ppbi202410-kex21.htm",Heuristic,true,4,0,false,
000107997325000156,EX-21,"https://www.sec.gov/Archives/edgar/data/1031093/000107997325000156/ex21x.htm",Heuristic,true,8,1,true,
000095017025045186,EX-21,"https://www.sec.gov/Archives/edgar/data/1031235/000095017025045186/self-ex21/1.htm",Heuristic,true,16,0,false,
000103130825000002,EX-21,"https://www.sec.gov/Archives/edgar/data/1031308/000103130825000002/a24q4exhibit21.htm",Heuristic,true,36,0,false,
000155837025000806,EX-21,"https://www.sec.gov/Archives/edgar/data/1031316/000155837025000806/fsp-20241231xex21d1.htm",Heuristic,true,34,0,false,
000155837025001001,EX-21,"https://www.sec.gov/Archives/edgar/data/103145/000155837025001001/veco-20241231xex21d1.htm",Heuristic,true,15,1,true,
000162828025006776,EX-21,"https://www.sec.gov/Archives/edgar/data/1032033/000162828025006776/slmex21112312024.htm",Heuristic,true,1,0,false,
000103222025000053,EX-21,"https://www.sec.gov/Archives/edgar/data/1032220/000103222025000053/a211-mmsx2025x09x30xxex211.htm",Heuristic,true,24,1,true,
000103297525000029,EX-21,"https://www.sec.gov/Archives/edgar/data/1032975/000103297525000029/exhibit21110k-2025.htm",Heuristic,true,7,1,true,
000010337925000023,EX-21,"https://www.sec.gov/Archives/edgar/data/103379/000010337925000023/vfc3292025ex211.htm",Heuristic,true,42,0,false,
000103405425000002,EX-21,"https://www.sec.gov/Archives/edgar/data/1034054/000103405425000002/sbac-20241231xex21.htm",Heuristic,true,24,0,false,
000165495425004306,EX-21,"https://www.sec.gov/Archives/edgar/data/1034760/000165495425004306/wyy/ex21.htm",Heuristic,true,5,0,false,
000103500225000005,EX-21,"https://www.sec.gov/Archives/edgar/data/1035002/000103500225000005/a12312024exh2101.htm",Heuristic,true,38,0,false,
000103520125000003,EX-21,"https://www.sec.gov/Archives/edgar/data/1035201/000103520125000003/cwt-20241231xex21.htm",Heuristic,true,7,0,false,
000103526725000017,EX-21,"https://www.sec.gov/Archives/edgar/data/1035267/000103526725000017/q424ex-211xsubsidiariesq4o.htm",Heuristic,true,40,0,false,
000103544325000067,EX-21,"https://www.sec.gov/Archives/edgar/data/1035443/000103544325000067/a2024-ex211.htm",Heuristic,true,3,0,false,
000155837025001222,EX-21,"https://www.sec.gov/Archives/edgar/data/1035983/000155837025001222/fix-20241231xex21d1.htm",Heuristic,true,47,0,false,
000095017025040387,EX-21,"https://www.sec.gov/Archives/edgar/data/1036044/000095017025040387/inve-ex21/1.htm",Heuristic,true,12,0,false,
000143774925007520,EX-21,"https://www.sec.gov/Archives/edgar/data/1036262/000143774925007520/ex/786771.htm",Heuristic,true,18,0,false,
000103703825000011,EX-21,"https://www.sec.gov/Archives/edgar/data/1037038/000103703825000011/rl-20250329x10kex211.htm",Heuristic,true,39,0,false,
000165642325000009,EX-21,"https://www.sec.gov/Archives/edgar/data/1037540/000165642325000009/bxpbplp-20241231ex211.htm",Heuristic,true,43,0,false,
000103764625000012,EX-21,"https://www.sec.gov/Archives/edgar/data/1037646/000103764625000012/mtd/exhibit2112312024.htm",Heuristic,true,52,0,false,
000103786825000012,EX-21,"https://www.sec.gov/Archives/edgar/data/1037868/000103786825000012/ame-20241231xex21.htm",Heuristic,true,39,0,false,
000103797625000006,EX-21,"https://www.sec.gov/Archives/edgar/data/1037976/000103797625000006/exhibit211-jll2024q4subsid.htm",Heuristic,true,41,0,false,
000143774925006015,EX-21,"https://www.sec.gov/Archives/edgar/data/1038277/000143774925006015/ex/727403.htm",Heuristic,true,7,0,false,
000155837025003135,EX-21,"https://www.sec.gov/Archives/edgar/data/1038773/000155837025003135/smbk-20241231xex21d1.htm",Heuristic,true,7,0,false,
000141057825001887,EX-21,"https://www.sec.gov/Archives/edgar/data/1039065/000141057825001887/osis-20250630xex21d1.htm",Heuristic,true,46,0,false,
000103939925000023,EX-21,"https://www.sec.gov/Archives/edgar/data/1039399/000103939925000023/a10-kxformxex211x2024.htm",Heuristic,true,8,1,true,
000103968425000036,EX-21,"https://www.sec.gov/Archives/edgar/data/1039684/000103968425000036/oke10-k2024exhibit21.htm",Heuristic,true,41,0,false,
000104013025000072,EX-21,"https://www.sec.gov/Archives/edgar/data/1040130/000104013025000072/pets-20250331xexx211.htm",Heuristic,true,5,0,false,
000155837025001286,EX-21,"https://www.sec.gov/Archives/edgar/data/1040829/000155837025001286/rhp-20241231xex21.htm",Heuristic,true,56,0,false,
000104097125000010,EX-21,"https://www.sec.gov/Archives/edgar/data/1040971/000104097125000010/slg-20241231x10kex211.htm",Heuristic,true,45,0,false,
000104106125000013,EX-21,"https://www.sec.gov/Archives/edgar/data/1041061/000104106125000013/yum-12312024xex211.htm",Heuristic,true,39,0,false,
000093905725000159,EX-21,"https://www.sec.gov/Archives/edgar/data/1041368/000093905725000159/rvsb-20250331xex21.htm",Heuristic,true,3,1,true,
000010416925000021,EX-21,"https://www.sec.gov/Archives/edgar/data/104169/000010416925000021/wmtexhibit21fy25.htm",Heuristic,true,13,0,false,
000104180325000060,EX-21,"https://www.sec.gov/Archives/edgar/data/1041803/000104180325000060/psmt-20250831x10xkxexx2111.htm",Heuristic,true,30,0,false,
000104204625000011,EX-21,"https://www.sec.gov/Archives/edgar/data/1042046/000104204625000011/afg-20241231xex21.htm",Heuristic,true,48,0,false,
000104277625000042,EX-21,"https://www.sec.gov/Archives/edgar/data/1042776/000104277625000042/pdm123124ex211.htm",Heuristic,true,44,0,false,
000104300025000010,EX-21,"https://www.sec.gov/Archives/edgar/data/1043000/000104300025000010/snda-20241231xex211listofs.htm",Heuristic,true,37,0,false,
000143774925005086,EX-21,"https://www.sec.gov/Archives/edgar/data/1043186/000143774925005086/ex/728462.htm",Heuristic,true,15,0,false,
000104333725000012,EX-21,"https://www.sec.gov/Archives/edgar/data/1043337/000104333725000012/sri-20241231xexx211.htm",Heuristic,true,25,0,false,
000104360425000025,EX-21,"https://www.sec.gov/Archives/edgar/data/1043604/000104360425000025/jnpr-20241231ex211.htm",Heuristic,true,2,0,false,
000155837025003817,EX-21,"https://www.sec.gov/Archives/edgar/data/1043961/000155837025003817/prpo-20241231xex21d1.htm",Heuristic,true,3,0,false,
000162828025008750,EX-21,"https://www.sec.gov/Archives/edgar/data/1044777/000162828025008750/ex21subsidiariesofregistra.htm",Heuristic,true,19,0,false,
000104545025000051,EX-21,"https://www.sec.gov/Archives/edgar/data/1045450/000104545025000051/exhibit21-123124x10k.htm",Heuristic,true,45,0,false,
000095017025021272,EX-21,"https://www.sec.gov/Archives/edgar/data/1045610/000095017025021272/pld-ex21/1.htm",Heuristic,true,25,0,false,
000162828025007201,EX-21,"https://www.sec.gov/Archives/edgar/data/10456/000162828025007201/bax-20241231xexx21.htm",Heuristic,true,36,0,false,
000104581025000023,EX-21,"https://www.sec.gov/Archives/edgar/data/1045810/000104581025000023/subsidiariesofregistrantfy.htm",Heuristic,true,3,0,false,
000104602525000046,EX-21,"https://www.sec.gov/Archives/edgar/data/1046025/000104602525000046/ex-21010kq424.htm",Heuristic,true,8,0,false,
000093905725000319,EX-21,"https://www.sec.gov/Archives/edgar/data/1046050/000093905725000319/tsbk-9302025x10kxex21.htm",Heuristic,true,2,0,false,
000162828025008201,EX-21,"https://www.sec.gov/Archives/edgar/data/1046102/000162828025008201/rba20241231-ex211.htm",Heuristic,true,40,0,false,
000104631125000007,EX-21,"https://www.sec.gov/Archives/edgar/data/1046311/000104631125000007/chh12312024ex2101.htm",Heuristic,true,20,0,false,
000095017025022187,EX-21,"https://www.sec.gov/Archives/edgar/data/1046568/000095017025022187/prdo-ex21.htm",Heuristic,true,21,0,false,
000104712725000030,EX-21,"https://www.sec.gov/Archives/edgar/data/1047127/000104712725000030/amkr123124ex211.htm",Heuristic,true,19,2,true,
000143774925005690,EX-21,"https://www.sec.gov/Archives/edgar/data/1047335/000143774925005690/ex/774705.htm",Heuristic,true,48,0,false,
000104734025000009,EX-21,"https://www.sec.gov/Archives/edgar/data/1047340/000104734025000009/fdp-122724xex211.htm",Heuristic,true,6,0,false,
000104826825000174,EX-21,"https://www.sec.gov/Archives/edgar/data/1048268/000104826825000174/q42025ex211-sep.htm",Heuristic,true,38,0,false,
000162828025004818,EX-21,"https://www.sec.gov/Archives/edgar/data/1048286/000162828025004818/mar-q42024xexx21.htm",Heuristic,true,40,0,false,
000104847725000007,EX-21,"https://www.sec.gov/Archives/edgar/data/1048477/000104847725000007/bmrn-2024xexx211.htm",Heuristic,true,2,0,false,
000104869525000157,EX-21,"https://www.sec.gov/Archives/edgar/data/1048695/000104869525000157/ffiv10kex2119302025.htm",Heuristic,true,19,0,false,
000010488925000022,EX-21,"https://www.sec.gov/Archives/edgar/data/104889/000010488925000022/a2024q410-kex21.htm",Heuristic,true,7,0,false,
000104891125000011,EX-21,"https://www.sec.gov/Archives/edgar/data/1048911/000104891125000011/fdx-exx21fy2025q4.htm",Heuristic,true,38,0,false,
000010489425000020,EX-21,"https://www.sec.gov/Archives/edgar/data/104894/000010489425000020/q42024exhibit21-entities.htm",Heuristic,true,48,0,false,
000095017025027077,EX-21,"https://www.sec.gov/Archives/edgar/data/104918/000095017025027077/ava-ex21.htm",Heuristic,true,13,0,false,
000095017025026433,EX-21,"https://www.sec.gov/Archives/edgar/data/1049502/000095017025026433/mksi-ex21/1.htm",Heuristic,true,45,0,false,
000155837025002264,EX-21,"https://www.sec.gov/Archives/edgar/data/1049606/000155837025002264/cix-20241231xex21d1.htm",Heuristic,true,5,0,false,
000119312525041730,EX-21,"https://www.sec.gov/Archives/edgar/data/105016/000119312525041730/d898605dex211.htm",Heuristic,true,21,1,true,
000105044125000051,EX-21,"https://www.sec.gov/Archives/edgar/data/1050441/000105044125000051/ex21/subsidiaries.htm",Heuristic,true,6,0,false,
000105079725000023,EX-21,"https://www.sec.gov/Archives/edgar/data/1050797/000105079725000023/exhibit211.htm",Heuristic,true,40,0,false,
000105091525000005,EX-21,"https://www.sec.gov/Archives/edgar/data/1050915/000105091525000005/pwr-ex211x12312024.htm",Heuristic,true,30,1,true,
000010513225000067,EX-21,"https://www.sec.gov/Archives/edgar/data/105132/000010513225000067/wdfc-20250831xex21.htm",Heuristic,true,13,1,true,
000105147025000089,EX-21,"https://www.sec.gov/Archives/edgar/data/1051470/000105147025000089/exhibit21123124q4.htm",Heuristic,true,31,0,false,
000105151225000011,EX-21,"https://www.sec.gov/Archives/edgar/data/1051512/000105151225000011/tds202410-kexhibit21.htm",Heuristic,true,1,0,false,
000155837025003004,EX-21,"https://www.sec.gov/Archives/edgar/data/1051627/000155837025003004/axti-20241231xex21d1.htm",Heuristic,true,3,0,false,
000095017025019976,EX-21,"https://www.sec.gov/Archives/edgar/data/1052752/000095017025019976/gty-ex21.htm",Heuristic,true,18,0,false,
000143774925007829,EX-21,"https://www.sec.gov/Archives/edgar/data/1053691/000143774925007829/ex/790705.htm",Heuristic,true,2,0,false,
000105370625000007,EX-21,"https://www.sec.gov/Archives/edgar/data/1053706/000105370625000007/craiq4-202410xkexx211.htm",Heuristic,true,11,0,false,
000105516025000004,EX-21,"https://www.sec.gov/Archives/edgar/data/1055160/000105516025000004/exhibit21subsidiariesofthe.htm",Heuristic,true,8,0,false,
000105572625000012,EX-21,"https://www.sec.gov/Archives/edgar/data/1055726/000105572625000012/ino-12312024x10kex211.htm",Heuristic,true,1,0,false,
000095017025062753,EX-21,"https://www.sec.gov/Archives/edgar/data/1056285/000095017025062753/kirk-ex21/1.htm",Heuristic,true,3,0,false,
000010563425000015,EX-21,"https://www.sec.gov/Archives/edgar/data/105634/000010563425000015/eme-ex21/20241231xq4.htm",Heuristic,true,8,0,false,
000095017025016295,EX-21,"https://www.sec.gov/Archives/edgar/data/1056696/000095017025016295/manh-ex21.htm",Heuristic,true,14,0,false,
000119312525284680,EX-21,"https://www.sec.gov/Archives/edgar/data/1057060/000119312525284680/hzo-ex21.htm",Heuristic,true,55,0,false,
000105735225000016,EX-21,"https://www.sec.gov/Archives/edgar/data/1057352/000105735225000016/csgp-ex21120241231.htm",Heuristic,true,35,0,false,
000095017025030037,EX-21,"https://www.sec.gov/Archives/edgar/data/1057379/000095017025030037/hckt-ex21/1.htm",Heuristic,true,18,0,false,
000105809025000014,EX-21,"https://www.sec.gov/Archives/edgar/data/1058090/000105809025000014/cmg-20241231xex211.htm",Heuristic,true,21,0,false,
000105829025000017,EX-21,"https://www.sec.gov/Archives/edgar/data/1058290/000105829025000017/ctshexhibit21112312024.htm",Heuristic,true,42,0,false,
000143774925008787,EX-21,"https://www.sec.gov/Archives/edgar/data/1058307/000143774925008787/ex/730827.htm",Heuristic,true,10,0,false,
000095017025039120,EX-21,"https://www.sec.gov/Archives/edgar/data/1058867/000095017025039120/gnty-ex21/1.htm",Heuristic,true,10,0,false,
000095017025023761,EX-21,"https://www.sec.gov/Archives/edgar/data/1059142/000095017025023761/ghi-ex21.htm",Heuristic,true,12,0,false,
000106039125000091,EX-21,"https://www.sec.gov/Archives/edgar/data/1060391/000106039125000091/exhibit211-subsidiariesoft.htm",Heuristic,true,44,0,false,
000010604025000038,EX-21,"https://www.sec.gov/Archives/edgar/data/106040/000010604025000038/exhibit21-subsidiariesofth.htm",Heuristic,true,42,0,false,
000143774925008584,EX-21,"https://www.sec.gov/Archives/edgar/data/1061069/000143774925008584/ex/788424.htm",Heuristic,true,19,1,true,
000106163025000024,EX-21,"https://www.sec.gov/Archives/edgar/data/1061630/000106163025000024/exhibit2112024.htm",Heuristic,true,41,0,false,
000106223125000008,EX-21,"https://www.sec.gov/Archives/edgar/data/1062231/000106223125000008/exhibit21subsidiariesofthe.htm",Heuristic,true,55,0,false,
000106472825000018,EX-21,"https://www.sec.gov/Archives/edgar/data/1064728/000106472825000018/btu/20241231xex21.htm",Heuristic,true,41,0,false,
000106505925000006,EX-21,"https://www.sec.gov/Archives/edgar/data/1065059/000106505925000006/exhibit/21x20241231xlistof.htm",Heuristic,true,3,0,false,
000107261325000187,EX-21,"https://www.sec.gov/Archives/edgar/data/1065078/000107261325000187/exh21-1/18932.htm",Heuristic,true,2,0,false,
000106508825000037,EX-21,"https://www.sec.gov/Archives/edgar/data/1065088/000106508825000037/ebay123124ex2101.htm",Heuristic,true,5,0,false,
000106528025000044,EX-21,"https://www.sec.gov/Archives/edgar/data/1065280/000106528025000044/ex211-q424.htm",Heuristic,true,11,0,false,
000095017025021254,EX-21,"https://www.sec.gov/Archives/edgar/data/106535/000095017025021254/wy-ex21.htm",Heuristic,true,5,0,false,
000106569625000015,EX-21,"https://www.sec.gov/Archives/edgar/data/1065696/000106569625000015/lkq-ex211/20241231.htm",Heuristic,true,31,0,false,
000095017025030016,EX-21,"https://www.sec.gov/Archives/edgar/data/1065837/000095017025030016/skx-ex21/1.htm",Heuristic,true,53,0,false,
000095017025021359,EX-21,"https://www.sec.gov/Archives/edgar/data/1066247/000095017025021359/reg-ex21.htm",Heuristic,true,36,1,true,
000010664025000011,EX-21,"https://www.sec.gov/Archives/edgar/data/106640/000010664025000011/exb21listofsubsidiaries123.htm",Heuristic,true,42,0,false,
000121390025032096,EX-21,"https://www.sec.gov/Archives/edgar/data/1066923/000121390025032096/ea023730601ex21-1/future.htm",Heuristic,true,10,0,false,
000092490125000011,EX-21,"https://www.sec.gov/Archives/edgar/data/1067063/000092490125000011/vre-20241231xexx211.htm",Heuristic,true,38,0,false,
000106770125000008,EX-21,"https://www.sec.gov/Archives/edgar/data/1067701/000106770125000008/uri-2024123110kex21.htm",Heuristic,true,29,1,true,
000095017025025210,EX-21,"https://www.sec.gov/Archives/edgar/data/1067983/000095017025025210/brka-ex21.htm",Heuristic,true,48,0,false,
000095017025029222,EX-21,"https://www.sec.gov/Archives/edgar/data/1068851/000095017025029222/pb-ex21/1.htm",Heuristic,true,7,0,false,
000106915725000025,EX-21,"https://www.sec.gov/Archives/edgar/data/1069157/000106915725000025/ewbc21110k12312024.htm",Heuristic,true,1,0,false,
000162828025004859,EX-21,"https://www.sec.gov/Archives/edgar/data/1069202/000162828025004859/lii-ex211/20241231x10k.htm",Heuristic,true,10,1,true,
000143774925005919,EX-21,"https://www.sec.gov/Archives/edgar/data/1069530/000143774925005919/ex/756946.htm",Heuristic,true,1,0,false,
000095017025025780,EX-21,"https://www.sec.gov/Archives/edgar/data/1069878/000095017025025780/trex-ex21.htm",Heuristic,true,1,0,false,
000155837025011776,EX-21,"https://www.sec.gov/Archives/edgar/data/1069899/000155837025011776/pahc-20250630xex21d1.htm",Heuristic,true,50,1,true,
000107008125000012,EX-21,"https://www.sec.gov/Archives/edgar/data/1070081/000107008125000012/tmb-20241231xex21d1.htm",Heuristic,true,5,0,false,
000107023525000068,EX-21,"https://www.sec.gov/Archives/edgar/data/1070235/000107023525000068/exhibit21-bbsubsidiariesfe.htm",Heuristic,true,28,0,false,
000117184325001868,EX-21,"https://www.sec.gov/Archives/edgar/data/1070296/000117184325001868/ex/792787.htm",Heuristic,true,7,0,false,
000107042325000006,EX-21,"https://www.sec.gov/Archives/edgar/data/1070423/000107042325000006/paa202410-kexhibit211.htm",Heuristic,true,42,1,true,
000095017025029253,EX-21,"https://www.sec.gov/Archives/edgar/data/1070494/000095017025029253/acad-ex21/1.htm",Heuristic,true,11,0,false,
000114036125034176,EX-21,"https://www.sec.gov/Archives/edgar/data/1070524/000114036125034176/ef20050516/ex-21.htm",Heuristic,true,3,0,false,
000107075025000071,EX-21,"https://www.sec.gov/Archives/edgar/data/1070750/000107075025000071/hst-20241231xexx211.htm",Heuristic,true,43,0,false,
000107123625000026,EX-21,"https://www.sec.gov/Archives/edgar/data/1071236/000107123625000026/rrbiexhibit211202410-k.htm",Heuristic,true,1,0,false,
000107125525000010,EX-21,"https://www.sec.gov/Archives/edgar/data/1071255/000107125525000010/a12312410kex-211.htm",Heuristic,true,40,0,false,
000141057825000598,EX-21,"https://www.sec.gov/Archives/edgar/data/1072379/000141057825000598/nwbo-20241231xex21d1.htm",Heuristic,true,5,0,false,
000143774925008039,EX-21,"https://www.sec.gov/Archives/edgar/data/1072627/000143774925008039/ex/728068.htm",Heuristic,true,31,0,false,
000010726325000031,EX-21,"https://www.sec.gov/Archives/edgar/data/107263/000010726325000031/wmb/20241231x10kxex21.htm",Heuristic,true,39,0,false,
000107541525000012,EX-21,"https://www.sec.gov/Archives/edgar/data/1075415/000107541525000012/dhc/123124xexhibitx211.htm",Heuristic,true,7,0,false,
000107553125000010,EX-21,"https://www.sec.gov/Archives/edgar/data/1075531/000107553125000010/bkng12312410kex21.htm",Heuristic,true,12,0,false,
000165495425002287,EX-21,"https://www.sec.gov/Archives/edgar/data/1075736/000165495425002287/cxdo/ex211.htm",Heuristic,true,8,0,false,
000010768725000034,EX-21,"https://www.sec.gov/Archives/edgar/data/107687/000010768725000034/exh21202510-k.htm",Heuristic,true,13,0,false,
000095017025026131,EX-21,"https://www.sec.gov/Archives/edgar/data/1076930/000095017025026131/novt-ex21/1.htm",Heuristic,true,31,0,false,
000107742825000036,EX-21,"https://www.sec.gov/Archives/edgar/data/1077428/000107742825000036/ex21-subsidiariesoftheregi.htm",Heuristic,true,6,0,false,
000162828025025982,EX-21,"https://www.sec.gov/Archives/edgar/data/1078075/000162828025025982/ntct-ex21/2025331.htm",Heuristic,true,39,0,false,
000095017025109742,EX-21,"https://www.sec.gov/Archives/edgar/data/1078271/000095017025109742/extr-ex21/1.htm",Heuristic,true,42,0,false,
000035254125000014,EX-21,"https://www.sec.gov/Archives/edgar/data/107832/000035254125000014/lnt1231202410-kex211.htm",Heuristic,true,3,0,false,
000001079525000099,EX-21,"https://www.sec.gov/Archives/edgar/data/10795/000001079525000099/a09-30x2025ex21.htm",Heuristic,true,36,0,false,
000095017025027864,EX-21,"https://www.sec.gov/Archives/edgar/data/1080014/000095017025027864/inva-ex21/1.htm",Heuristic,true,20,0,false,
000143774925010185,EX-21,"https://www.sec.gov/Archives/edgar/data/1080657/000143774925010185/ex/754897.htm",Heuristic,true,28,0,false,
000164117225000274,EX-21,"https://www.sec.gov/Archives/edgar/data/1081745/000164117225000274/ex21-1.htm",Heuristic,true,2,0,false,
000121465925005928,EX-21,"https://www.sec.gov/Archives/edgar/data/1081834/000121465925005928/ex21/1.htm",Heuristic,true,5,0,false,
000119312525296204,EX-21,"https://www.sec.gov/Archives/edgar/data/108312/000119312525296204/wwd-ex21/1.htm",Heuristic,true,29,0,false,
000095017025039122,EX-21,"https://www.sec.gov/Archives/edgar/data/1083446/000095017025039122/asth-ex21/1.htm",Heuristic,true,14,0,false,
000010838525000041,EX-21,"https://www.sec.gov/Archives/edgar/data/108385/000010838525000041/exhibit21q4fy25.htm",Heuristic,true,25,0,false,
000108404825000007,EX-21,"https://www.sec.gov/Archives/edgar/data/1084048/000108404825000007/zd20241231ex-211.htm",Heuristic,true,42,0,false,
000108476525000115,EX-21,"https://www.sec.gov/Archives/edgar/data/1084765/000108476525000115/exhibit211-listofsubsidiar.htm",Heuristic,true,28,1,true,
000108496125000011,EX-21,"https://www.sec.gov/Archives/edgar/data/1084961/000108496125000011/ecpg-20241231ex21.htm",Heuristic,true,34,0,false,
000101376225004096,EX-21,"https://www.sec.gov/Archives/edgar/data/1086303/000101376225004096/ea023556801ex21-1/hongchang.htm",Heuristic,true,8,0,false,
000143774925009368,EX-21,"https://www.sec.gov/Archives/edgar/data/1088034/000143774925009368/ex/727025.htm",Heuristic,true,3,0,false,
000143774925028050,EX-21,"https://www.sec.gov/Archives/edgar/data/1088413/000143774925028050/ex/843520.htm",Heuristic,true,2,0,false,
000143774925010652,EX-21,"https://www.sec.gov/Archives/edgar/data/1089815/000143774925010652/ex/792947.htm",Heuristic,true,4,0,false,
000108981925000003,EX-21,"https://www.sec.gov/Archives/edgar/data/1089819/000108981925000003/cnl-20241231x10kxex21.htm",Heuristic,true,5,0,false,
000095017025036287,EX-21,"https://www.sec.gov/Archives/edgar/data/1089872/000095017025036287/gaia-ex21/1.htm",Heuristic,true,5,0,false,
000162828025013989,EX-21,"https://www.sec.gov/Archives/edgar/data/1089907/000162828025013989/q424exhbit211subsidiaries.htm",Heuristic,true,6,0,false,
000109166725000034,EX-21,"https://www.sec.gov/Archives/edgar/data/1091667/000109166725000034/chtr123124exh-211.htm",Heuristic,true,37,0,false,
000010917725000043,EX-21,"https://www.sec.gov/Archives/edgar/data/109177/000010917725000043/fromex211listofsubsidiaries.htm",Heuristic,true,52,0,false,
000010919825000010,EX-21,"https://www.sec.gov/Archives/edgar/data/109198/000010919825000010/tjx-20250201exhibit21.htm",Heuristic,true,39,0,false,
000109269925000011,EX-21,"https://www.sec.gov/Archives/edgar/data/1092699/000109269925000011/a2024/xex211-subsidiarylist.htm",Heuristic,true,28,2,true,
000095017025088157,EX-21,"https://www.sec.gov/Archives/edgar/data/1092796/000095017025088157/swbi-ex21/1.htm",Heuristic,true,2,0,false,
000109355725000036,EX-21,"https://www.sec.gov/Archives/edgar/data/1093557/000109355725000036/dxcm12312024-exhibit211.htm",Heuristic,true,3,0,false,
000010938025000040,EX-21,"https://www.sec.gov/Archives/edgar/data/109380/000010938025000040/exh21listofsubs20241231.htm",Heuristic,true,14,0,false,
000109428525000053,EX-21,"https://www.sec.gov/Archives/edgar/data/1094285/000109428525000053/tdy-ex21subsidiariesoftele.htm",Heuristic,true,34,0,false,
000162828025009421,EX-21,"https://www.sec.gov/Archives/edgar/data/1094831/000162828025009421/bgc-20241231xexx211.htm",Heuristic,true,40,0,false,
000109507325000015,EX-21,"https://www.sec.gov/Archives/edgar/data/1095073/000109507325000015/eg-20241231xexx211.htm",Heuristic,true,39,0,false,
000143774925005705,EX-21,"https://www.sec.gov/Archives/edgar/data/1095565/000143774925005705/ex/727656.htm",Heuristic,true,3,0,false,
000010956325000080,EX-21,"https://www.sec.gov/Archives/edgar/data/109563/000010956325000080/ait-2025630x10kexx21.htm",Heuristic,true,32,0,false,
000109565125000006,EX-21,"https://www.sec.gov/Archives/edgar/data/1095651/000109565125000006/safe-20241231xex21d1.htm",Heuristic,true,59,0,false,
000095017025047698,EX-21,"https://www.sec.gov/Archives/edgar/data/1095981/000095017025047698/pstv-ex21.htm",Heuristic,true,1,0,false,
000164117225000850,EX-21,"https://www.sec.gov/Archives/edgar/data/1096275/000164117225000850/ex21-1.htm",Heuristic,true,4,0,false,
000109634325000027,EX-21,"https://www.sec.gov/Archives/edgar/data/1096343/000109634325000027/mkl12312024ex21.htm",Heuristic,true,44,0,false,
000162828025052765,EX-21,"https://www.sec.gov/Archives/edgar/data/1096752/000162828025052765/epc10k93025ex211.htm",Heuristic,true,41,0,false,
000143774925007555,EX-21,"https://www.sec.gov/Archives/edgar/data/1098151/000143774925007555/ex/727268.htm",Heuristic,true,1,0,false,
000106299325016994,EX-21,"https://www.sec.gov/Archives/edgar/data/1099369/000106299325016994/exhibit21-1.htm",Heuristic,true,3,0,false,
000109959025000007,EX-21,"https://www.sec.gov/Archives/edgar/data/1099590/000109959025000007/meli-20241231xexx2101.htm",Heuristic,true,45,0,false,
000109980025000005,EX-21,"https://www.sec.gov/Archives/edgar/data/1099800/000109980025000005/ex-21110xkq42024.htm",Heuristic,true,4,1,true,
000110068225000011,EX-21,"https://www.sec.gov/Archives/edgar/data/1100682/000110068225000011/crl1228202410-kex211.htm",Heuristic,true,35,0,false,
000165495425002948,EX-21,"https://www.sec.gov/Archives/edgar/data/1101026/000165495425002948/zivo/ex211.htm",Heuristic,true,8,0,false,
000110121525000031,EX-21,"https://www.sec.gov/Archives/edgar/data/1101215/000110121525000031/bfh-12312024xexx21.htm",Heuristic,true,13,0,false,
000162828025005126,EX-21,"https://www.sec.gov/Archives/edgar/data/1101239/000162828025005126/eqix-123124xexhibit211.htm",Heuristic,true,41,0,false,
000110130225000015,EX-21,"https://www.sec.gov/Archives/edgar/data/1101302/000110130225000015/entg-12312024xex211.htm",Heuristic,true,43,0,false,
000165495425004291,EX-21,"https://www.sec.gov/Archives/edgar/data/1101433/000165495425004291/qmci/ex21.htm",Heuristic,true,1,0,false,
000121465925004279,EX-21,"https://www.sec.gov/Archives/edgar/data/1104038/000121465925004279/ex21/1.htm",Heuristic,true,1,0,false,
000110450625000009,EX-21,"https://www.sec.gov/Archives/edgar/data/1104506/000110450625000009/insm20241231ex211.htm",Heuristic,true,13,1,true,
000110465725000024,EX-21,"https://www.sec.gov/Archives/edgar/data/1104657/000110465725000024/mtrn-ex21/20241231.htm",Heuristic,true,28,0,false,
000011047125000046,EX-21,"https://www.sec.gov/Archives/edgar/data/110471/000011047125000046/a2024-q4ex21subsidiaries.htm",Heuristic,true,42,1,true,
000095017025098313,EX-21,"https://www.sec.gov/Archives/edgar/data/110621/000095017025098313/rpm-ex21/1.htm",Heuristic,true,52,0,false,
000110784325000009,EX-21,"https://www.sec.gov/Archives/edgar/data/1107843/000110784325000009/qlys-20241231xex211.htm",Heuristic,true,18,0,false,
000110813425000003,EX-21,"https://www.sec.gov/Archives/edgar/data/1108134/000110813425000003/ex212024.htm",Heuristic,true,21,2,true,
000110820525000031,EX-21,"https://www.sec.gov/Archives/edgar/data/1108205/000110820525000031/cris-12312024x10kexx21.htm",Heuristic,true,2,0,false,
000110852425000006,EX-21,"https://www.sec.gov/Archives/edgar/data/1108524/000110852425000006/ex211listofsubsidiariesfy25.htm",Heuristic,true,40,0,false,
000095017025029782,EX-21,"https://www.sec.gov/Archives/edgar/data/1109242/000095017025029782/hafc-ex21/1.htm",Heuristic,true,2,0,false,
000095017025030897,EX-21,"https://www.sec.gov/Archives/edgar/data/1109354/000095017025030897/brkr-ex21/1.htm",Heuristic,true,52,0,false,
000168316825002554,EX-21,"https://www.sec.gov/Archives/edgar/data/1110607/000168316825002554/koil/ex2101.htm",Heuristic,true,1,0,false,
000111061125000004,EX-21,"https://www.sec.gov/Archives/edgar/data/1110611/000111061125000004/ex-211ontfsubsidiaries2024.htm",Heuristic,true,6,0,false,
000111080325000019,EX-21,"https://www.sec.gov/Archives/edgar/data/1110803/000111080325000019/fy2410-kex211subsidiariesq4.htm",Heuristic,true,38,0,false,
000111171125000008,EX-21,"https://www.sec.gov/Archives/edgar/data/1111711/000111171125000008/ni-ex21x20241231.htm",Heuristic,true,32,0,false,
000111192825000023,EX-21,"https://www.sec.gov/Archives/edgar/data/1111928/000111192825000023/ex211q42024.htm",Heuristic,true,1,0,false,
000111316925000007,EX-21,"https://www.sec.gov/Archives/edgar/data/1113169/000111316925000007/a202410k-exhibit21q42024.htm",Heuristic,true,35,0,false,
000143774925012234,EX-21,"https://www.sec.gov/Archives/edgar/data/1113809/000143774925012234/ex/757856.htm",Heuristic,true,8,1,true,
000111448325000034,EX-21,"https://www.sec.gov/Archives/edgar/data/1114483/000111448325000034/itgr-20241231ex211.htm",Heuristic,true,33,0,false,
000168316825006532,EX-21,"https://www.sec.gov/Archives/edgar/data/1114925/000168316825006532/lantronix/ex2101.htm",Heuristic,true,5,1,true,
000111505525000042,EX-21,"https://www.sec.gov/Archives/edgar/data/1115055/000111505525000042/exhibit21112312024.htm",Heuristic,true,30,1,true,
000111613225000019,EX-21,"https://www.sec.gov/Archives/edgar/data/1116132/000111613225000019/exhibit211-fy25.htm",Heuristic,true,43,0,false,
000111646325000010,EX-21,"https://www.sec.gov/Archives/edgar/data/1116463/000111646325000010/orasuretechnologiesinc/201.htm",Heuristic,true,6,0,false,
000095017025024839,EX-21,"https://www.sec.gov/Archives/edgar/data/1116942/000095017025024839/ttmi-ex21/1.htm",Heuristic,true,41,0,false,
000121390025031064,EX-21,"https://www.sec.gov/Archives/edgar/data/1117057/000121390025031064/ea023475501ex21-1/planet.htm",Heuristic,true,10,0,false,
000121390025024539,EX-21,"https://www.sec.gov/Archives/edgar/data/1117171/000121390025024539/ea023411801ex21-1/cbakenergy.htm",Heuristic,true,18,0,false,
000095017025110629,EX-21,"https://www.sec.gov/Archives/edgar/data/1117297/000095017025110629/qnst-ex21/1.htm",Heuristic,true,16,0,false,
000111800425000007,EX-21,"https://www.sec.gov/Archives/edgar/data/1118004/000111800425000007/a4q24exhibit211.htm",Heuristic,true,11,0,false,
000143774925006301,EX-21,"https://www.sec.gov/Archives/edgar/data/1120370/000143774925006301/ex/726540.htm",Heuristic,true,3,1,true,
000155837025001813,EX-21,"https://www.sec.gov/Archives/edgar/data/1120914/000155837025001813/pdfs-20241231xex21d01.htm",Heuristic,true,16,0,false,
000112148425000024,EX-21,"https://www.sec.gov/Archives/edgar/data/1121484/000112148425000024/ois/20241231xex211.htm",Heuristic,true,19,0,false,
000095017025022760,EX-21,"https://www.sec.gov/Archives/edgar/data/1121788/000095017025022760/grmn-ex21/1.htm",Heuristic,true,48,0,false,
000112297625000008,EX-21,"https://www.sec.gov/Archives/edgar/data/1122976/000112297625000008/avnt-ex211/20241231.htm",Heuristic,true,42,0,false,
000112336025000011,EX-21,"https://www.sec.gov/Archives/edgar/data/1123360/000112336025000011/ex211listofsubsidiaries123.htm",Heuristic,true,24,0,false,
000117184325001472,EX-21,"https://www.sec.gov/Archives/edgar/data/1123494/000117184325001472/ex/785422.htm",Heuristic,true,10,1,true,
000095017025040279,EX-21,"https://www.sec.gov/Archives/edgar/data/1124105/000095017025040279/gyre-ex21/1.htm",Heuristic,true,9,0,false,
000112414025000020,EX-21,"https://www.sec.gov/Archives/edgar/data/1124140/000112414025000020/exas-20241231xexx21.htm",Heuristic,true,3,0,false,
000112479625000021,EX-21,"https://www.sec.gov/Archives/edgar/data/1124796/000112479625000021/exhibit211-q4202410xk.htm",Heuristic,true,7,1,true,
000095017025041181,EX-21,"https://www.sec.gov/Archives/edgar/data/1124804/000095017025041181/mdrx-ex21/1.htm",Heuristic,true,27,0,false,
000112494125000021,EX-21,"https://www.sec.gov/Archives/edgar/data/1124941/000112494125000021/ex212024.htm",Heuristic,true,2,0,false,
000081509725000007,EX-21,"https://www.sec.gov/Archives/edgar/data/1125259/000081509725000007/exhibit21202410-k.htm",Heuristic,true,38,0,false,
000112537625000021,EX-21,"https://www.sec.gov/Archives/edgar/data/1125376/000112537625000021/ensg123124ex211.htm",Heuristic,true,42,0,false,
000162828025013157,EX-21,"https://www.sec.gov/Archives/edgar/data/1127371/000162828025013157/exhibit212024.htm",Heuristic,true,2,0,false,
000112753725000012,EX-21,"https://www.sec.gov/Archives/edgar/data/1127537/000112753725000012/exhibit21/1listofsubsidiar.htm",Heuristic,true,8,0,false,
000143774925012074,EX-21,"https://www.sec.gov/Archives/edgar/data/1128281/000143774925012074/ex/798737.htm",Heuristic,true,1,0,false,
000095017025022243,EX-21,"https://www.sec.gov/Archives/edgar/data/1128928/000095017025022243/flo-ex21/1.htm",Heuristic,true,49,0,false,
000155837025001921,EX-21,"https://www.sec.gov/Archives/edgar/data/1129155/000155837025001921/mpx-20241231xex21.htm",Heuristic,true,5,0,false,
000155837025002056,EX-21,"https://www.sec.gov/Archives/edgar/data/1130144/000155837025002056/bsrr-20241231xex21.htm",Heuristic,true,4,0,false,
000095017025018647,EX-21,"https://www.sec.gov/Archives/edgar/data/1130464/000095017025018647/bkh-ex21.htm",Heuristic,true,32,0,false,
000155837025004165,EX-21,"https://www.sec.gov/Archives/edgar/data/1130598/000155837025004165/tmb-20241231xex21d1.htm",Heuristic,true,4,0,false,
000143774925007223,EX-21,"https://www.sec.gov/Archives/edgar/data/1132651/000143774925007223/ex/684102.htm",Heuristic,true,6,0,false,
000113331125000007,EX-21,"https://www.sec.gov/Archives/edgar/data/1133311/000113331125000007/tzoo-20241231xex211.htm",Heuristic,true,9,0,false,
000114036125011169,EX-21,"https://www.sec.gov/Archives/edgar/data/1133416/000114036125011169/ef20039001/ex21-1.htm",Heuristic,true,2,0,false,
000113342125000006,EX-21,"https://www.sec.gov/Archives/edgar/data/1133421/000113342125000006/noc-12312024xex21.htm",Heuristic,true,2,0,false,
000155837025003707,EX-21,"https://www.sec.gov/Archives/edgar/data/1133869/000155837025003707/capr-20241231xex21d1.htm",Heuristic,true,1,0,false,
000143774925018798,EX-21,"https://www.sec.gov/Archives/edgar/data/1134765/000143774925018798/ex/821618.htm",Heuristic,true,1,0,false,
000162828025017681,EX-21,"https://www.sec.gov/Archives/edgar/data/1136174/000162828025017681/exhibit211-subsidiaries123.htm",Heuristic,true,2,0,false,
000113689325000014,EX-21,"https://www.sec.gov/Archives/edgar/data/1136893/000113689325000014/exhibit211listofsubsidiari.htm",Heuristic,true,40,0,false,
000113709125000005,EX-21,"https://www.sec.gov/Archives/edgar/data/1137091/000113709125000005/exhibit211-psiandconsolida.htm",Heuristic,true,4,0,false,
000113777425000044,EX-21,"https://www.sec.gov/Archives/edgar/data/1137774/000113777425000044/pru-20241231x10kxexh211.htm",Heuristic,true,44,0,false,
000141057825000545,EX-21,"https://www.sec.gov/Archives/edgar/data/1137883/000141057825000545/bcli-20241231xex21.htm",Heuristic,true,5,0,false,
000113811825000005,EX-21,"https://www.sec.gov/Archives/edgar/data/1138118/000113811825000005/cbre-20241231x10kxex21.htm",Heuristic,true,30,0,false,
000119312525191242,EX-21,"https://www.sec.gov/Archives/edgar/data/1138723/000119312525191242/aray-ex21/1.htm",Heuristic,true,18,0,false,
000149315225015825,EX-21,"https://www.sec.gov/Archives/edgar/data/1138724/000149315225015825/ex21-1.htm",Heuristic,true,3,0,false,
000095017025026278,EX-21,"https://www.sec.gov/Archives/edgar/data/1140536/000095017025026278/wtw-ex21/1.htm",Heuristic,true,50,0,false,
000114085925000131,EX-21,"https://www.sec.gov/Archives/edgar/data/1140859/000114085925000131/exhibit21-9302025.htm",Heuristic,true,21,0,false,
000162828025010519,EX-21,"https://www.sec.gov/Archives/edgar/data/1141103/000162828025010519/ccrn20241231-10kex21x1.htm",Heuristic,true,13,0,false,
000114139125000011,EX-21,"https://www.sec.gov/Archives/edgar/data/1141391/000114139125000011/exb21-12312024.htm",Heuristic,true,15,0,false,
000095017025028949,EX-21,"https://www.sec.gov/Archives/edgar/data/1142417/000095017025028949/nxst-ex21/1.htm",Heuristic,true,5,0,false,
000114275025000011,EX-21,"https://www.sec.gov/Archives/edgar/data/1142750/000114275025000011/amn-ex211x20241231x10k.htm",Heuristic,true,25,0,false,
000114421525000082,EX-21,"https://www.sec.gov/Archives/edgar/data/1144215/000114421525000082/ayi-20250831xex21.htm",Heuristic,true,52,0,false,
000114487925000021,EX-21,"https://www.sec.gov/Archives/edgar/data/1144879/000114487925000021/ex211-subsidiariesxq425.htm",Heuristic,true,21,0,false,
000114498025000077,EX-21,"https://www.sec.gov/Archives/edgar/data/1144980/000114498025000077/ex21listofsubsidiaries2024.htm",Heuristic,true,44,0,false,
000114519725000007,EX-21,"https://www.sec.gov/Archives/edgar/data/1145197/000114519725000007/podd-exx211/20241231x10k.htm",Heuristic,true,21,0,false,
000115603925000010,EX-21,"https://www.sec.gov/Archives/edgar/data/1156039/000115603925000010/exhibit21-20241231forform1.htm",Heuristic,true,19,0,false,
000115637525000021,EX-21,"https://www.sec.gov/Archives/edgar/data/1156375/000115637525000021/cme-2024123110kex211.htm",Heuristic,true,43,0,false,
000168316825005821,EX-21,"https://www.sec.gov/Archives/edgar/data/1157075/000168316825005821/pharmacyte/ex2101.htm",Heuristic,true,3,0,false,
000155837025010334,EX-21,"https://www.sec.gov/Archives/edgar/data/1157408/000155837025010334/lrn-20250630xex21d1.htm",Heuristic,true,5,1,true,
000162828025007980,EX-21,"https://www.sec.gov/Archives/edgar/data/1157601/000162828025007980/exhibit211subsidiaries.htm",Heuristic,true,6,0,false,
000183988225014778,EX-21,"https://www.sec.gov/Archives/edgar/data/1157647/000183988225014778/ex21-1.htm",Heuristic,true,2,0,false,
000115817225000021,EX-21,"https://www.sec.gov/Archives/edgar/data/1158172/000115817225000021/exhibit211-listofsubsidiar.htm",Heuristic,true,42,0,false,
000115844925000064,EX-21,"https://www.sec.gov/Archives/edgar/data/1158449/000115844925000064/aap/exhibit211x12282024xa.htm",Heuristic,true,25,0,false,
000115846325000005,EX-21,"https://www.sec.gov/Archives/edgar/data/1158463/000115846325000005/exhibit211listofsubsidiari.htm",Heuristic,true,10,0,false,
000143774925005637,EX-21,"https://www.sec.gov/Archives/edgar/data/1158895/000143774925005637/ex/780711.htm",Heuristic,true,19,1,true,
000115903625000010,EX-21,"https://www.sec.gov/Archives/edgar/data/1159036/000115903625000010/ex211subsidiaries2024.htm",Heuristic,true,4,0,false,
000115916725000011,EX-21,"https://www.sec.gov/Archives/edgar/data/1159167/000115916725000011/irbt-12282024x10kex211.htm",Heuristic,true,15,0,false,
000009212225000018,EX-21,"https://www.sec.gov/Archives/edgar/data/1160661/000009212225000018/ex21-aq42024xsubsidiarieso.htm",Heuristic,true,29,0,false,
000149315225009423,EX-21,"https://www.sec.gov/Archives/edgar/data/1162896/000149315225009423/ex21-1.htm",Heuristic,true,10,0,false,
000116316525000012,EX-21,"https://www.sec.gov/Archives/edgar/data/1163165/000116316525000012/cop2024123110k-exhibit21.htm",Heuristic,true,37,0,false,
000116330225000018,EX-21,"https://www.sec.gov/Archives/edgar/data/1163302/000116330225000018/ex21d241231.htm",Heuristic,true,24,0,false,
000116337025000007,EX-21,"https://www.sec.gov/Archives/edgar/data/1163370/000116337025000007/exhibit211subsidiaries2024.htm",Heuristic,true,3,0,false,
000190359625000149,EX-21,"https://www.sec.gov/Archives/edgar/data/1163389/000190359625000149/ex21.htm",Heuristic,true,4,0,false,
000114036125007609,EX-21,"https://www.sec.gov/Archives/edgar/data/1163668/000114036125007609/ef20039031/ex21-1.htm",Heuristic,true,8,0,false,
000116472725000011,EX-21,"https://www.sec.gov/Archives/edgar/data/1164727/000116472725000011/q42024exhibit21.htm",Heuristic,true,1,0,false,
000116486325000009,EX-21,"https://www.sec.gov/Archives/edgar/data/1164863/000116486325000009/npo-10kx12312024ex21.htm",Heuristic,true,30,0,false,
000116600325000017,EX-21,"https://www.sec.gov/Archives/edgar/data/1166003/000116600325000017/xpo202410-kexx21.htm",Heuristic,true,11,1,true,
000116638825000014,EX-21,"https://www.sec.gov/Archives/edgar/data/1166388/000116638825000014/vrnt-ex211/20250131xform10.htm",Heuristic,true,22,0,false,
000116669125000011,EX-21,"https://www.sec.gov/Archives/edgar/data/1166691/000116669125000011/ex21-12312024.htm",Heuristic,true,45,0,false,
000116692825000012,EX-21,"https://www.sec.gov/Archives/edgar/data/1166928/000116692825000012/wtba-20241231x10kex21.htm",Heuristic,true,2,0,false,
000116944525000042,EX-21,"https://www.sec.gov/Archives/edgar/data/1169445/000116944525000042/a2024q4exhibit211.htm",Heuristic,true,7,0,false,
000116956125000034,EX-21,"https://www.sec.gov/Archives/edgar/data/1169561/000116956125000034/listofsubsidiaries2025.htm",Heuristic,true,30,0,false,
000117001025000024,EX-21,"https://www.sec.gov/Archives/edgar/data/1170010/000117001025000024/kmxfy25exhibit211.htm",Heuristic,true,4,0,false,
000119312525203690,EX-21,"https://www.sec.gov/Archives/edgar/data/1171155/000119312525203690/rlgt-ex21/1.htm",Heuristic,true,37,0,false,
000101376225004076,EX-21,"https://www.sec.gov/Archives/edgar/data/1171326/000101376225004076/ea023491101ex21-1/entrepre.htm",Heuristic,true,2,0,false,
000164117225008127,EX-21,"https://www.sec.gov/Archives/edgar/data/1172178/000164117225008127/ex21-1.htm",Heuristic,true,4,0,false,
000121390025032118,EX-21,"https://www.sec.gov/Archives/edgar/data/1173313/000121390025032118/ea023254001ex21-1/abvcbio.htm",Heuristic,true,8,0,false,
000117184325000387,EX-21,"https://www.sec.gov/Archives/edgar/data/1173420/000117184325000387/ex/766467.htm",Heuristic,true,7,0,false,
000143774925005523,EX-21,"https://www.sec.gov/Archives/edgar/data/1173489/000143774925005523/ex/781607.htm",Heuristic,true,15,0,false,
000117351425000015,EX-21,"https://www.sec.gov/Archives/edgar/data/1173514/000117351425000015/hyexh211202410k.htm",Heuristic,true,49,0,false,
000117485025000008,EX-21,"https://www.sec.gov/Archives/edgar/data/1174850/000117485025000008/nic-12312024x10kxexhibit211.htm",Heuristic,true,3,0,false,
000162828025008746,EX-21,"https://www.sec.gov/Archives/edgar/data/1175454/000162828025008746/ex211listofsubsidiaries123.htm",Heuristic,true,35,0,false,
000143774925007990,EX-21,"https://www.sec.gov/Archives/edgar/data/1175535/000143774925007990/ex/752901.htm",Heuristic,true,53,1,true,
000155837025009617,EX-21,"https://www.sec.gov/Archives/edgar/data/1175680/000155837025009617/cydy-20250531xex21.htm",Heuristic,true,1,0,false,
000117633425000040,EX-21,"https://www.sec.gov/Archives/edgar/data/1176334/000117633425000040/exhibit211-subsidiariesx20.htm",Heuristic,true,6,0,false,
000162828025008665,EX-21,"https://www.sec.gov/Archives/edgar/data/1176948/000162828025008665/a2024q4exhibit211.htm",Heuristic,true,40,0,false,
000117739425000009,EX-21,"https://www.sec.gov/Archives/edgar/data/1177394/000117739425000009/snx-20241130x10kex211.htm",Heuristic,true,39,0,false,
000119312525288121,EX-21,"https://www.sec.gov/Archives/edgar/data/1177648/000119312525288121/enta-ex21/1.htm",Heuristic,true,1,0,false,
000095017025025702,EX-21,"https://www.sec.gov/Archives/edgar/data/1177702/000095017025025702/saia-ex21/1.htm",Heuristic,true,5,0,false,
000117867025000026,EX-21,"https://www.sec.gov/Archives/edgar/data/1178670/000117867025000026/alny2024q4exhibit211.htm",Heuristic,true,25,0,false,
000164117225001720,EX-21,"https://www.sec.gov/Archives/edgar/data/1178697/000164117225001720/ex21-1.htm",Heuristic,true,7,0,false,
000162828025008991,EX-21,"https://www.sec.gov/Archives/edgar/data/1178970/000162828025008991/pfs-12312024ex21.htm",Heuristic,true,1,0,false,
000117992925000023,EX-21,"https://www.sec.gov/Archives/edgar/data/1179929/000117992925000023/moh4q24/ex211.htm",Heuristic,true,42,0,false,
000095017025023207,EX-21,"https://www.sec.gov/Archives/edgar/data/1180262/000095017025023207/hlf-ex21/1.htm",Heuristic,true,53,0,false,
000155837025001402,EX-21,"https://www.sec.gov/Archives/edgar/data/1192448/000155837025001402/gkos-20241231xex21.htm",Heuristic,true,18,1,true,
000119331125000006,EX-21,"https://www.sec.gov/Archives/edgar/data/1193311/000119331125000006/c311-20241231xex21/a.htm",Heuristic,true,8,0,false,
000120179225000004,EX-21,"https://www.sec.gov/Archives/edgar/data/1201792/000120179225000004/apei2024123110kexh211.htm",Heuristic,true,3,0,false,
000120626425000058,EX-21,"https://www.sec.gov/Archives/edgar/data/1206264/000120626425000058/exhibit211-tpxx2023subsidi.htm",Heuristic,true,39,1,true,
000095017025029067,EX-21,"https://www.sec.gov/Archives/edgar/data/1210677/000095017025029067/fa-ex21/1.htm",Heuristic,true,37,0,false,
000121070825000013,EX-21,"https://www.sec.gov/Archives/edgar/data/1210708/000121070825000013/hson-20241231xexx21.htm",Heuristic,true,28,0,false,
000121254525000090,EX-21,"https://www.sec.gov/Archives/edgar/data/1212545/000121254525000090/ex211listofsubsidiaries123.htm",Heuristic,true,24,0,false,
000121481625000056,EX-21,"https://www.sec.gov/Archives/edgar/data/1214816/000121481625000056/axs-20241231xexx211.htm",Heuristic,true,25,0,false,
000121723425000012,EX-21,"https://www.sec.gov/Archives/edgar/data/1217234/000121723425000012/exhibit211-listofsubs2024.htm",Heuristic,true,5,0,false,
000101376225004161,EX-21,"https://www.sec.gov/Archives/edgar/data/1218683/000101376225004161/ea023433201ex21-1/mawson.htm",Heuristic,true,16,1,true,
000121960125000009,EX-21,"https://www.sec.gov/Archives/edgar/data/1219601/000121960125000009/ex21-12312024.htm",Heuristic,true,41,0,false,
000122075425000008,EX-21,"https://www.sec.gov/Archives/edgar/data/1220754/000122075425000008/ex211-subsidiarylistx2024.htm",Heuristic,true,47,0,false,
000001220825000007,EX-21,"https://www.sec.gov/Archives/edgar/data/12208/000001220825000007/ex211123124.htm",Heuristic,true,40,0,false,
000095017025039513,EX-21,"https://www.sec.gov/Archives/edgar/data/1224133/000095017025039513/mchx-ex21/1.htm",Heuristic,true,10,0,false,
000122460825000006,EX-21,"https://www.sec.gov/Archives/edgar/data/1224608/000122460825000006/cno12312024ex211.htm",Heuristic,true,38,0,false,
000095017025035585,EX-21,"https://www.sec.gov/Archives/edgar/data/1227500/000095017025035585/eqbk-ex21/1.htm",Heuristic,true,12,0,false,
000122765425000199,EX-21,"https://www.sec.gov/Archives/edgar/data/1227654/000122765425000199/cmp-2025xex211listofsubsid.htm",Heuristic,true,41,0,false,
000122845425000003,EX-21,"https://www.sec.gov/Archives/edgar/data/1228454/000122845425000003/bcbp-20241231xex21.htm",Heuristic,true,4,0,false,
000114036125011410,EX-21,"https://www.sec.gov/Archives/edgar/data/1228627/000114036125011410/ef20039022/ex21-1.htm",Heuristic,true,1,0,false,
000089262625000011,EX-21,"https://www.sec.gov/Archives/edgar/data/1230058/000089262625000011/kaa-k24exh21.htm",Heuristic,true,14,0,false,
000123024525000038,EX-21,"https://www.sec.gov/Archives/edgar/data/1230245/000123024525000038/pscq42024ex211.htm",Heuristic,true,44,2,true,
000123252425000011,EX-21,"https://www.sec.gov/Archives/edgar/data/1232524/000123252425000011/jazzq42024ex211.htm",Heuristic,true,16,0,false,
000119312525289159,EX-21,"https://www.sec.gov/Archives/edgar/data/1235468/000119312525289159/lqdt-ex21/1.htm",Heuristic,true,6,0,false,
000156276225000026,EX-21,"https://www.sec.gov/Archives/edgar/data/1237831/000156276225000026/gmed-20241231xex21/1.htm",Heuristic,true,21,0,false,
000162828025007183,EX-21,"https://www.sec.gov/Archives/edgar/data/1253986/000162828025007183/abr-12312024ex211.htm",Heuristic,true,15,0,false,
000155837025002395,EX-21,"https://www.sec.gov/Archives/edgar/data/1257640/000155837025002395/kro-20241231xex21d1.htm",Heuristic,true,15,0,false,
000126022125000081,EX-21,"https://www.sec.gov/Archives/edgar/data/1260221/000126022125000081/exhibit211tdg202510-k.htm",Heuristic,true,39,0,false,
000126133325000024,EX-21,"https://www.sec.gov/Archives/edgar/data/1261333/000126133325000024/fy25exhibit211subsidiaries.htm",Heuristic,true,21,0,false,
000126165425000025,EX-21,"https://www.sec.gov/Archives/edgar/data/1261654/000126165425000025/exhibit211-9302025.htm",Heuristic,true,27,0,false,
000126203925000011,EX-21,"https://www.sec.gov/Archives/edgar/data/1262039/000126203925000011/ftnt-ex211/20241231xk.htm",Heuristic,true,51,0,false,
000126282325000011,EX-21,"https://www.sec.gov/Archives/edgar/data/1262823/000126282325000011/exhibit2112312410-k.htm",Heuristic,true,33,1,true,
000162828025039200,EX-21,"https://www.sec.gov/Archives/edgar/data/1262976/000162828025039200/ex211subsidiariesofcimpres.htm",Heuristic,true,39,0,false,
000155837025001023,EX-21,"https://www.sec.gov/Archives/edgar/data/1265131/000155837025001023/hth-20241231xex21d1.htm",Heuristic,true,33,1,true,
000160529725000016,EX-21,"https://www.sec.gov/Archives/edgar/data/12659/000160529725000016/hrb20250630exhibit21.htm",Heuristic,true,49,0,false,
000126723825000008,EX-21,"https://www.sec.gov/Archives/edgar/data/1267238/000126723825000008/aiz12312024-ex214q24.htm",Heuristic,true,20,0,false,
000155837025001801,EX-21,"https://www.sec.gov/Archives/edgar/data/1267565/000155837025001801/coll-20241231xex21d1.htm",Heuristic,true,9,0,false,
000143774925007158,EX-21,"https://www.sec.gov/Archives/edgar/data/1270436/000143774925007158/ex/726875.htm",Heuristic,true,10,0,false,
000127344125000002,EX-21,"https://www.sec.gov/Archives/edgar/data/1273441/000127344125000002/gte-20241231xex211.htm",Heuristic,true,18,0,false,
000127368525000028,EX-21,"https://www.sec.gov/Archives/edgar/data/1273685/000127368525000028/ex211december2024.htm",Heuristic,true,7,1,true,
000127449425000010,EX-21,"https://www.sec.gov/Archives/edgar/data/1274494/000127449425000010/ex211listofsubsidiaries2024.htm",Heuristic,true,8,0,false,
000156276225000054,EX-21,"https://www.sec.gov/Archives/edgar/data/1275101/000156276225000054/botj-20241231xex21/1.htm",Heuristic,true,4,0,false,
000127515825000016,EX-21,"https://www.sec.gov/Archives/edgar/data/1275158/000127515825000016/a2024q4ex211/listingofsubs.htm",Heuristic,true,7,0,false,
000127518725000014,EX-21,"https://www.sec.gov/Archives/edgar/data/1275187/000127518725000014/ex2105312025.htm",Heuristic,true,8,0,false,
000137647425000498,EX-21,"https://www.sec.gov/Archives/edgar/data/1276531/000137647425000498/se/ex21.htm",Heuristic,true,11,1,true,
000127790225000043,EX-21,"https://www.sec.gov/Archives/edgar/data/1277902/000127790225000043/exhibit21-subsidiariesofmv.htm",Heuristic,true,8,0,false,
000095017025025606,EX-21,"https://www.sec.gov/Archives/edgar/data/1278021/000095017025025606/mktx-ex21/1.htm",Heuristic,true,19,0,false,
000101376225001874,EX-21,"https://www.sec.gov/Archives/edgar/data/1279620/000101376225001874/ea023437501ex21-1/zoned.htm",Heuristic,true,13,0,false,
000143774925005171,EX-21,"https://www.sec.gov/Archives/edgar/data/1279695/000143774925005171/ex/776981.htm",Heuristic,true,4,0,false,
000141057825000329,EX-21,"https://www.sec.gov/Archives/edgar/data/1279704/000141057825000329/clrb-20241231xex21d1.htm",Heuristic,true,1,0,false,
000121465925004885,EX-21,"https://www.sec.gov/Archives/edgar/data/1279715/000121465925004885/ex21.htm",Heuristic,true,2,0,false,
000128077625000005,EX-21,"https://www.sec.gov/Archives/edgar/data/1280776/000128077625000005/imux-123124xexhibit211.htm",Heuristic,true,1,0,false,
000128078425000007,EX-21,"https://www.sec.gov/Archives/edgar/data/1280784/000128078425000007/ex-21/1subsidiaries.htm",Heuristic,true,26,0,false,
000095017025029002,EX-21,"https://www.sec.gov/Archives/edgar/data/1281895/000095017025029002/rckt-ex21/1.htm",Heuristic,true,9,0,false,
000128263725000004,EX-21,"https://www.sec.gov/Archives/edgar/data/1282637/000128263725000004/neu-20241231xex21subsidiar.htm",Heuristic,true,48,0,false,
000155837025004183,EX-21,"https://www.sec.gov/Archives/edgar/data/1282648/000155837025004183/batl-20241231xex21d1.htm",Heuristic,true,8,2,true,
000128369925000012,EX-21,"https://www.sec.gov/Archives/edgar/data/1283699/000128369925000012/tmus12312024ex211.htm",Heuristic,true,38,0,false,
000128481225000087,EX-21,"https://www.sec.gov/Archives/edgar/data/1284812/000128481225000087/cns10k-123124ex211.htm",Heuristic,true,7,1,true,
000095017025027934,EX-21,"https://www.sec.gov/Archives/edgar/data/1285550/000095017025027934/clpt-ex21.htm",Heuristic,true,4,0,false,
000161803425000003,EX-21,"https://www.sec.gov/Archives/edgar/data/1285785/000161803425000003/exhibit21/20241231.htm",Heuristic,true,40,0,false,
000114036125006937,EX-21,"https://www.sec.gov/Archives/edgar/data/1286613/000114036125006937/ef20039011/ex21-1.htm",Heuristic,true,6,0,false,
000155837025002721,EX-21,"https://www.sec.gov/Archives/edgar/data/1287098/000155837025002721/mxct-20241231xex21d1.htm",Heuristic,true,2,1,true,
000128775025000007,EX-21,"https://www.sec.gov/Archives/edgar/data/1287750/000128775025000007/arccq4-24exhibit211.htm",Heuristic,true,53,0,false,
000155837025002116,EX-21,"https://www.sec.gov/Archives/edgar/data/1288403/000155837025002116/wti-20241231xex21d1.htm",Heuristic,true,14,0,false,
000128846925000008,EX-21,"https://www.sec.gov/Archives/edgar/data/1288469/000128846925000008/a12312024exhibit211.htm",Heuristic,true,1,0,false,
000128884725000028,EX-21,"https://www.sec.gov/Archives/edgar/data/1288847/000128884725000028/a123124exhibit211.htm",Heuristic,true,3,0,false,
000128941925000041,EX-21,"https://www.sec.gov/Archives/edgar/data/1289419/000128941925000041/morn/exhibitx211x12312024.htm",Heuristic,true,26,0,false,
000155837025001904,EX-21,"https://www.sec.gov/Archives/edgar/data/1289460/000155837025001904/txrh-20241231xex21d1.htm",Heuristic,true,15,0,false,
000162828025009060,EX-21,"https://www.sec.gov/Archives/edgar/data/1289490/000162828025009060/q4202410kex211.htm",Heuristic,true,1,1,true,
000128984825000032,EX-21,"https://www.sec.gov/Archives/edgar/data/1289848/000128984825000032/hurn20241231exhibit211.htm",Heuristic,true,21,0,false,
000155837025003706,EX-21,"https://www.sec.gov/Archives/edgar/data/1290476/000155837025003706/vbfc-20241231xex21.htm",Heuristic,true,6,1,true,
000162828025012913,EX-21,"https://www.sec.gov/Archives/edgar/data/1290900/000162828025012913/exhibit211q42024.htm",Heuristic,true,28,0,false,
000001292725000015,EX-21,"https://www.sec.gov/Archives/edgar/data/12927/000001292725000015/a202412dec3110kex21.htm",Heuristic,true,18,0,false,
000182912625006628,EX-21,"https://www.sec.gov/Archives/edgar/data/1293818/000182912625006628/opgeninc/ex21-1.htm",Heuristic,true,1,0,false,
000095017025029993,EX-21,"https://www.sec.gov/Archives/edgar/data/1294133/000095017025029993/ingn-ex21/1.htm",Heuristic,true,3,0,false,
000118518525000249,EX-21,"https://www.sec.gov/Archives/edgar/data/1296884/000118518525000249/lvpr1ex21-1.htm",Heuristic,true,11,0,false,
000129718425000008,EX-21,"https://www.sec.gov/Archives/edgar/data/1297184/000129718425000008/amph-20241231xex21d1.htm",Heuristic,true,7,0,false,
000129798925000002,EX-21,"https://www.sec.gov/Archives/edgar/data/1297989/000129798925000002/exls-ex211x12312024x10xk.htm",Heuristic,true,42,0,false,
000129894625000015,EX-21,"https://www.sec.gov/Archives/edgar/data/1298946/000129894625000015/drh/exhibit211x12312024.htm",Heuristic,true,43,0,false,
000129913025000061,EX-21,"https://www.sec.gov/Archives/edgar/data/1299130/000129913025000061/pacb-exx211x2024.htm",Heuristic,true,12,0,false,
000129970925000125,EX-21,"https://www.sec.gov/Archives/edgar/data/1299709/000129970925000125/ex2112025063010-kexhibitq4.htm",Heuristic,true,23,0,false,
000129996925000004,EX-21,"https://www.sec.gov/Archives/edgar/data/1299969/000129996925000004/q424form10-kxex211.htm",Heuristic,true,10,0,false,
000129867525000011,EX-21,"https://www.sec.gov/Archives/edgar/data/1300485/000129867525000011/cube-20241231xex21d1.htm",Heuristic,true,58,0,false,
000130051425000040,EX-21,"https://www.sec.gov/Archives/edgar/data/1300514/000130051425000040/lvs-ex211/20241231x10k.htm",Heuristic,true,11,0,false,
000095017025047657,EX-21,"https://www.sec.gov/Archives/edgar/data/1301236/000095017025047657/soho-ex21/1.htm",Heuristic,true,43,0,false,
000130221525000024,EX-21,"https://www.sec.gov/Archives/edgar/data/1302215/000130221525000024/q4fy25-ex211.htm",Heuristic,true,8,0,false,
000095017025045947,EX-21,"https://www.sec.gov/Archives/edgar/data/1302387/000095017025045947/bvfl-ex21.htm",Heuristic,true,4,0,false,
000165495425000915,EX-21,"https://www.sec.gov/Archives/edgar/data/1304161/000165495425000915/pbsv/ex211.htm",Heuristic,true,6,0,false,
000130428025000023,EX-21,"https://www.sec.gov/Archives/edgar/data/1304280/000130428025000023/nvl-10xkxexh211fy2025.htm",Heuristic,true,40,0,false,
000130449225000056,EX-21,"https://www.sec.gov/Archives/edgar/data/1304492/000130449225000056/a211listofsubsidiaries.htm",Heuristic,true,2,0,false,
000130683025000027,EX-21,"https://www.sec.gov/Archives/edgar/data/1306830/000130683025000027/ex211-10k123124.htm",Heuristic,true,46,0,false,
000130774825000028,EX-21,"https://www.sec.gov/Archives/edgar/data/1307748/000130774825000028/ivtp1231202410-kexh211.htm",Heuristic,true,44,0,false,
000143774925004205,EX-21,"https://www.sec.gov/Archives/edgar/data/1307954/000143774925004205/ex/705564.htm",Heuristic,true,47,2,true,
000095017025040283,EX-21,"https://www.sec.gov/Archives/edgar/data/1308208/000095017025040283/ulh-ex21/1.htm",Heuristic,true,46,0,false,
000130854725000007,EX-21,"https://www.sec.gov/Archives/edgar/data/1308547/000130854725000007/exhibit211-fy25q4.htm",Heuristic,true,5,0,false,
000130910825000017,EX-21,"https://www.sec.gov/Archives/edgar/data/1309108/000130910825000017/wex20241231ex211listofsubs.htm",Heuristic,true,43,0,false,
000130940225000008,EX-21,"https://www.sec.gov/Archives/edgar/data/1309402/000130940225000008/ex211-12312024.htm",Heuristic,true,24,0,false,
000162828025007441,EX-21,"https://www.sec.gov/Archives/edgar/data/1311370/000162828025007441/laz-20241231xex211.htm",Heuristic,true,15,0,false,
000173112225001596,EX-21,"https://www.sec.gov/Archives/edgar/data/1314052/000173112225001596/e7052/ex21-1.htm",Heuristic,true,3,0,false,
000095017025034601,EX-21,"https://www.sec.gov/Archives/edgar/data/1314102/000095017025034601/eypt-ex21/1.htm",Heuristic,true,4,0,false,
000131415225000031,EX-21,"https://www.sec.gov/Archives/edgar/data/1314152/000131415225000031/a123124subsidiarylisting.htm",Heuristic,true,42,0,false,
000131509825000033,EX-21,"https://www.sec.gov/Archives/edgar/data/1315098/000131509825000033/exhibit211-listofsubsidiar.htm",Heuristic,true,21,0,false,
000095017025028542,EX-21,"https://www.sec.gov/Archives/edgar/data/1315257/000095017025028542/kop-ex21.htm",Heuristic,true,46,0,false,
000131539925000025,EX-21,"https://www.sec.gov/Archives/edgar/data/1315399/000131539925000025/pkbk-q4x12312024ex21.htm",Heuristic,true,5,0,false,
000131763025000002,EX-21,"https://www.sec.gov/Archives/edgar/data/1317630/000131763025000002/itc20241231ex/21.htm",Heuristic,true,4,0,false,
000149315225009512,EX-21,"https://www.sec.gov/Archives/edgar/data/1317945/000149315225009512/ex21-1.htm",Heuristic,true,4,0,false,
000095017025038692,EX-21,"https://www.sec.gov/Archives/edgar/data/1318008/000095017025038692/zumz-ex21/1.htm",Heuristic,true,20,1,true,
000175392625001384,EX-21,"https://www.sec.gov/Archives/edgar/data/1318268/000175392625001384/g084595/ex21-1.htm",Heuristic,true,1,0,false,
000175392625001663,EX-21,"https://www.sec.gov/Archives/edgar/data/1318268/000175392625001663/g084973/ex21-1.htm",Heuristic,true,1,0,false,
000155837025004897,EX-21,"https://www.sec.gov/Archives/edgar/data/1318484/000155837025004897/ctrn-20250201xex21d1.htm",Heuristic,true,1,1,true,
000131856825000004,EX-21,"https://www.sec.gov/Archives/edgar/data/1318568/000131856825000004/a202410kexhibit211.htm",Heuristic,true,34,0,false,
000162828025003063,EX-21,"https://www.sec.gov/Archives/edgar/data/1318605/000162828025003063/tsla-2024x12x31xex211.htm",Heuristic,true,45,0,false,
000155837025001748,EX-21,"https://www.sec.gov/Archives/edgar/data/1318742/000155837025001748/nclc-20241231xex21d1.htm",Heuristic,true,43,0,false,
000131916125000034,EX-21,"https://www.sec.gov/Archives/edgar/data/1319161/000131916125000034/wmg-ex211xq42025.htm",Heuristic,true,45,0,false,
000155837025003840,EX-21,"https://www.sec.gov/Archives/edgar/data/1319229/000155837025003840/tmb-20241231xex21.htm",Heuristic,true,15,0,false,
000131994725000012,EX-21,"https://www.sec.gov/Archives/edgar/data/1319947/000131994725000012/q4202410-kexhibit211.htm",Heuristic,true,35,0,false,
000162828025006833,EX-21,"https://www.sec.gov/Archives/edgar/data/1320414/000162828025006833/sem-1231202410kex211.htm",Heuristic,true,44,2,true,
000132046125000033,EX-21,"https://www.sec.gov/Archives/edgar/data/1320461/000132046125000033/exhibit211q42024.htm",Heuristic,true,43,0,false,
000132069525000007,EX-21,"https://www.sec.gov/Archives/edgar/data/1320695/000132069525000007/a202410-kexhibit211.htm",Heuristic,true,11,0,false,
000165495425004295,EX-21,"https://www.sec.gov/Archives/edgar/data/1320760/000165495425004295/tssi/ex211.htm",Heuristic,true,1,0,false,
000132173225000012,EX-21,"https://www.sec.gov/Archives/edgar/data/1321732/000132173225000012/a10-kpen123124ex211.htm",Heuristic,true,16,0,false,
000155837025001925,EX-21,"https://www.sec.gov/Archives/edgar/data/1323468/000155837025001925/glp-20241231xex21d1.htm",Heuristic,true,12,1,true,
000132440425000006,EX-21,"https://www.sec.gov/Archives/edgar/data/1324404/000132440425000006/cf-12312024xex21.htm",Heuristic,true,29,0,false,
000132442425000008,EX-21,"https://www.sec.gov/Archives/edgar/data/1324424/000132442425000008/q42024ex-21.htm",Heuristic,true,13,0,false,
000155837025005861,EX-21,"https://www.sec.gov/Archives/edgar/data/1325670/000155837025005861/frst-20241231xex21d0.htm",Heuristic,true,2,0,false,
000119312525054851,EX-21,"https://www.sec.gov/Archives/edgar/data/1325702/000119312525054851/d920621dex211.htm",Heuristic,true,12,0,false,
000132611025000033,EX-21,"https://www.sec.gov/Archives/edgar/data/1326110/000132611025000033/ibrx-20241231x10kexhibit211.htm",Heuristic,true,17,0,false,
000132619025000015,EX-21,"https://www.sec.gov/Archives/edgar/data/1326190/000132619025000015/alt-20241231xex21.htm",Heuristic,true,4,0,false,
000155837025001309,EX-21,"https://www.sec.gov/Archives/edgar/data/1326200/000155837025001309/gnk-20241231xex21d1.htm",Heuristic,true,49,0,false,
000118518525000706,EX-21,"https://www.sec.gov/Archives/edgar/data/1326205/000118518525000706/igcex21-1.htm",Heuristic,true,12,0,false,
000164117225001613,EX-21,"https://www.sec.gov/Archives/edgar/data/1326706/000164117225001613/ex21-1.htm",Heuristic,true,2,0,false,
000132673225000029,EX-21,"https://www.sec.gov/Archives/edgar/data/1326732/000132673225000029/xncr-20241231xexx211.htm",Heuristic,true,1,0,false,
000132756725000027,EX-21,"https://www.sec.gov/Archives/edgar/data/1327567/000132756725000027/panwex211fy25.htm",Heuristic,true,83,0,false,
000132760725000020,EX-21,"https://www.sec.gov/Archives/edgar/data/1327607/000132760725000020/myfw-20241231xex21d1.htm",Heuristic,true,1,0,false,
000095017025048692,EX-21,"https://www.sec.gov/Archives/edgar/data/1327688/000095017025048692/ooma-ex21/1.htm",Heuristic,true,15,0,false,
000132781125000056,EX-21,"https://www.sec.gov/Archives/edgar/data/1327811/000132781125000056/wday-01312025xex211.htm",Heuristic,true,51,0,false,
000155837025002411,EX-21,"https://www.sec.gov/Archives/edgar/data/1327978/000155837025002411/are-20241231xex21d1.htm",Heuristic,true,42,0,false,
000133152025000076,EX-21,"https://www.sec.gov/Archives/edgar/data/1331520/000133152025000076/exhibit21120241231-10k.htm",Heuristic,true,13,1,true,
000133187525000013,EX-21,"https://www.sec.gov/Archives/edgar/data/1331875/000133187525000013/exhibit211q42024.htm",Heuristic,true,7,0,false,
000133234925000037,EX-21,"https://www.sec.gov/Archives/edgar/data/1332349/000133234925000037/exhibit21-subsidiariesofth.htm",Heuristic,true,39,0,false,
000095017025039661,EX-21,"https://www.sec.gov/Archives/edgar/data/1332551/000095017025039661/acr-ex21/1.htm",Heuristic,true,36,0,false,
000095017025024217,EX-21,"https://www.sec.gov/Archives/edgar/data/1333274/000095017025024217/merc-ex21/1.htm",Heuristic,true,9,0,false,
000119312525301379,EX-21,"https://www.sec.gov/Archives/edgar/data/1333822/000119312525301379/leds-ex21.htm",Heuristic,true,3,0,false,
000133398625000011,EX-21,"https://www.sec.gov/Archives/edgar/data/1333986/000133398625000011/eqh-12312024exhibit211.htm",Heuristic,true,39,1,true,
000133403625000009,EX-21,"https://www.sec.gov/Archives/edgar/data/1334036/000133403625000009/crox123124ex21.htm",Heuristic,true,52,0,false,
000143774925029761,EX-21,"https://www.sec.gov/Archives/edgar/data/1334933/000143774925029761/ex/832014.htm",Heuristic,true,13,1,true,
000133497825000008,EX-21,"https://www.sec.gov/Archives/edgar/data/1334978/000133497825000008/exhibit21-ccoh2024q4.htm",Heuristic,true,38,0,false,
000162828025015483,EX-21,"https://www.sec.gov/Archives/edgar/data/1336706/000162828025015483/exhibit21-subsidiariesofno.htm",Heuristic,true,1,0,false,
000133691725000078,EX-21,"https://www.sec.gov/Archives/edgar/data/1336917/000133691725000078/ua-03312025xex2101signific.htm",Heuristic,true,5,0,false,
000133692025000006,EX-21,"https://www.sec.gov/Archives/edgar/data/1336920/000133692025000006/ldos1032025ex21.htm",Heuristic,true,23,0,false,
000162828025012095,EX-21,"https://www.sec.gov/Archives/edgar/data/1337013/000162828025012095/infu-20241231xexx211.htm",Heuristic,true,1,0,false,
000095017025019711,EX-21,"https://www.sec.gov/Archives/edgar/data/1338749/000095017025019711/pch-ex21.htm",Heuristic,true,4,0,false,
000095017025024867,EX-21,"https://www.sec.gov/Archives/edgar/data/1339605/000095017025024867/hees-ex21/1.htm",Heuristic,true,7,0,false,
000095017025027896,EX-21,"https://www.sec.gov/Archives/edgar/data/1340476/000095017025027896/drttf-ex21/1.htm",Heuristic,true,1,0,false,
000095017025030102,EX-21,"https://www.sec.gov/Archives/edgar/data/1341235/000095017025030102/aldx-ex21/1.htm",Heuristic,true,3,0,false,
000095017025087926,EX-21,"https://www.sec.gov/Archives/edgar/data/1341439/000095017025087926/orcl-ex21/01.htm",Heuristic,true,12,0,false,
000134176625000024,EX-21,"https://www.sec.gov/Archives/edgar/data/1341766/000134176625000024/celh2024subsidiaries-10xke.htm",Heuristic,true,20,0,false,
000134242325000039,EX-21,"https://www.sec.gov/Archives/edgar/data/1342423/000134242325000039/lmnr103125ex211k.htm",Heuristic,true,14,0,false,
000149315225018109,EX-21,"https://www.sec.gov/Archives/edgar/data/1342936/000149315225018109/ex21-1.htm",Heuristic,true,13,0,false,
000134512625000015,EX-21,"https://www.sec.gov/Archives/edgar/data/1345122/000134512625000015/a12312024ex211.htm",Heuristic,true,46,0,false,
000155837025003345,EX-21,"https://www.sec.gov/Archives/edgar/data/1347858/000155837025003345/xxii-20241231xex21d1.htm",Heuristic,true,13,0,false,
000095017025095011,EX-21,"https://www.sec.gov/Archives/edgar/data/1348911/000095017025095011/kalv-ex21/1.htm",Heuristic,true,6,0,false,
000162828025012086,EX-21,"https://www.sec.gov/Archives/edgar/data/1349436/000162828025012086/ex211subsidiarieslisting12.htm",Heuristic,true,5,0,false,
000135059325000066,EX-21,"https://www.sec.gov/Archives/edgar/data/1350593/000135059325000066/exhibit211subsidiarieslist.htm",Heuristic,true,28,0,false,
000135201025000007,EX-21,"https://www.sec.gov/Archives/edgar/data/1352010/000135201025000007/exhibit211subsidiariesofth.htm",Heuristic,true,40,0,false,
000101376225001600,EX-21,"https://www.sec.gov/Archives/edgar/data/1355839/000101376225001600/ea023378401ex21-1/intell.htm",Heuristic,true,9,0,false,
000168316825002049,EX-21,"https://www.sec.gov/Archives/edgar/data/1355848/000168316825002049/kartoon/ex2101.htm",Heuristic,true,3,0,false,
000143774925007738,EX-21,"https://www.sec.gov/Archives/edgar/data/1356093/000143774925007738/ex/702915.htm",Heuristic,true,3,0,false,
000135611525000003,EX-21,"https://www.sec.gov/Archives/edgar/data/1356115/000135611525000003/a211nxdt-ex211listofsubsid.htm",Heuristic,true,12,0,false,
000119312525118506,EX-21,"https://www.sec.gov/Archives/edgar/data/1356570/000119312525118506/d897405dex211.htm",Heuristic,true,60,0,false,
000135657625000017,EX-21,"https://www.sec.gov/Archives/edgar/data/1356576/000135657625000017/supn-ex21.htm",Heuristic,true,7,1,true,
000135761525000018,EX-21,"https://www.sec.gov/Archives/edgar/data/1357615/000135761525000018/kbr-ex211x1032025.htm",Heuristic,true,31,1,true,
000110465925121185,EX-21,"https://www.sec.gov/Archives/edgar/data/1357971/000110465925121185/esoa-20250930xex21.htm",Heuristic,true,10,0,false,
000135984125000008,EX-21,"https://www.sec.gov/Archives/edgar/data/1359841/000135984125000008/hbi-20241228/exx211.htm",Heuristic,true,29,0,false,
000121390025020368,EX-21,"https://www.sec.gov/Archives/edgar/data/1359931/000121390025020368/ea023164601ex21-1/protara.htm",Heuristic,true,5,0,false,
000164117225000925,EX-21,"https://www.sec.gov/Archives/edgar/data/1360214/000164117225000925/ex21-1.htm",Heuristic,true,7,0,false,
000136060425000032,EX-21,"https://www.sec.gov/Archives/edgar/data/1360604/000136060425000032/hr-20241231xex21.htm",Heuristic,true,41,0,false,
000136090125000005,EX-21,"https://www.sec.gov/Archives/edgar/data/1360901/000136090125000005/evr12312024ex211.htm",Heuristic,true,26,0,false,
000162828025004187,EX-21,"https://www.sec.gov/Archives/edgar/data/1361113/000162828025004187/vrnsq42024211.htm",Heuristic,true,12,0,false,
000155837025001397,EX-21,"https://www.sec.gov/Archives/edgar/data/1361538/000155837025001397/prim-20241231xex21d1.htm",Heuristic,true,37,1,true,
000136165825000012,EX-21,"https://www.sec.gov/Archives/edgar/data/1361658/000136165825000012/tnl-ex211/20241231x10k.htm",Heuristic,true,8,0,false,
000095017025029917,EX-21,"https://www.sec.gov/Archives/edgar/data/1362004/000095017025029917/icfi-ex21/0.htm",Heuristic,true,60,0,false,
000155837025002819,EX-21,"https://www.sec.gov/Archives/edgar/data/1362190/000155837025002819/aeye-20241231xex21.htm",Heuristic,true,1,0,false,
000136246825000008,EX-21,"https://www.sec.gov/Archives/edgar/data/1362468/000136246825000008/a212024listofsubsidiaries.htm",Heuristic,true,14,0,false,
000162828025019189,EX-21,"https://www.sec.gov/Archives/edgar/data/1362988/000162828025019189/ayrq4202410-kex211.htm",Heuristic,true,53,0,false,
000136382925000022,EX-21,"https://www.sec.gov/Archives/edgar/data/1363829/000136382925000022/a2024q4-exx211listingofsub.htm",Heuristic,true,41,0,false,
000136425025000014,EX-21,"https://www.sec.gov/Archives/edgar/data/1364250/000136425025000014/a2024q4ex211-listofsubsidi.htm",Heuristic,true,19,0,false,
000136447925000007,EX-21,"https://www.sec.gov/Archives/edgar/data/1364479/000136447925000007/herc2024q4-ex211subsidiary.htm",Heuristic,true,29,0,false,
000136495425000013,EX-21,"https://www.sec.gov/Archives/edgar/data/1364954/000136495425000013/ex21012024-12x31.htm",Heuristic,true,14,0,false,
000095017025024137,EX-21,"https://www.sec.gov/Archives/edgar/data/1365135/000095017025024137/wu-ex21.htm",Heuristic,true,44,0,false,
000136686825000033,EX-21,"https://www.sec.gov/Archives/edgar/data/1366868/000136686825000033/gsat-20241231xexx211.htm",Heuristic,true,38,1,true,
000136764425000021,EX-21,"https://www.sec.gov/Archives/edgar/data/1367644/000136764425000021/subsidiariesofthecompany.htm",Heuristic,true,22,0,false,
000136785925000033,EX-21,"https://www.sec.gov/Archives/edgar/data/1367859/000136785925000033/czwi-20241231xex21.htm",Heuristic,true,1,0,false,
000155837025001390,EX-21,"https://www.sec.gov/Archives/edgar/data/1368265/000155837025001390/clne-20241231xex21d1.htm",Heuristic,true,3,1,true,
000119312525280122,EX-21,"https://www.sec.gov/Archives/edgar/data/1368458/000119312525280122/sbh-ex21/1.htm",Heuristic,true,48,0,false,
000155837025008838,EX-21,"https://www.sec.gov/Archives/edgar/data/1368622/000155837025008838/avav-20250430xex21d1.htm",Heuristic,true,1,0,false,
000095017025036349,EX-21,"https://www.sec.gov/Archives/edgar/data/1369290/000095017025036349/myo-ex21/1.htm",Heuristic,true,1,0,false,
000137005325000024,EX-21,"https://www.sec.gov/Archives/edgar/data/1370053/000137005325000024/anab-12312024xexx211.htm",Heuristic,true,1,0,false,
000155837025002429,EX-21,"https://www.sec.gov/Archives/edgar/data/1370450/000155837025002429/wldn-20241227xex21d1.htm",Heuristic,true,10,1,true,
000137063725000017,EX-21,"https://www.sec.gov/Archives/edgar/data/1370637/000137063725000017/ex21112312024.htm",Heuristic,true,3,0,false,
000095017025028389,EX-21,"https://www.sec.gov/Archives/edgar/data/1370755/000095017025028389/tcpc-ex21/1.htm",Heuristic,true,4,0,false,
000137094625000077,EX-21,"https://www.sec.gov/Archives/edgar/data/1370946/000137094625000077/oc-20241231x10kxex211.htm",Heuristic,true,42,0,false,
000137128525000052,EX-21,"https://www.sec.gov/Archives/edgar/data/1371285/000137128525000052/ex211q42024.htm",Heuristic,true,24,0,false,
000155837025002897,EX-21,"https://www.sec.gov/Archives/edgar/data/1371489/000155837025002897/iii-20241231xex21d1.htm",Heuristic,true,23,0,false,
000095017025024407,EX-21,"https://www.sec.gov/Archives/edgar/data/1372020/000095017025024407/gldd-ex21.htm",Heuristic,true,10,0,false,
000162828025010271,EX-21,"https://www.sec.gov/Archives/edgar/data/1372299/000162828025010271/ocgn-20241231x10kxex211.htm",Heuristic,true,5,0,false,
000095017025036261,EX-21,"https://www.sec.gov/Archives/edgar/data/1372612/000095017025036261/box-ex21/1.htm",Heuristic,true,12,0,false,
000095017025038754,EX-21,"https://www.sec.gov/Archives/edgar/data/1372807/000095017025038754/ptmn-ex21/1.htm",Heuristic,true,20,0,false,
000137367025000007,EX-21,"https://www.sec.gov/Archives/edgar/data/1373670/000137367025000007/ex21listofsubsidiaries1231.htm",Heuristic,true,44,0,false,
000137371525000010,EX-21,"https://www.sec.gov/Archives/edgar/data/1373715/000137371525000010/now-20241231xex211.htm",Heuristic,true,40,0,false,
000162828025006984,EX-21,"https://www.sec.gov/Archives/edgar/data/1374310/000162828025006984/cboe-20241231xex211.htm",Heuristic,true,15,0,false,
000143774925009469,EX-21,"https://www.sec.gov/Archives/edgar/data/1374328/000143774925009469/ex/786209.htm",Heuristic,true,5,0,false,
000155837025004068,EX-21,"https://www.sec.gov/Archives/edgar/data/1374339/000155837025004068/pmn-20241231xex21d1.htm",Heuristic,true,1,0,false,
000095017025043925,EX-21,"https://www.sec.gov/Archives/edgar/data/1374690/000095017025043925/lrmr-ex21/1.htm",Heuristic,true,1,0,false,
000137613925000008,EX-21,"https://www.sec.gov/Archives/edgar/data/1376139/000137613925000008/exhibit211-cvi202410xk.htm",Heuristic,true,17,0,false,
000137633925000009,EX-21,"https://www.sec.gov/Archives/edgar/data/1376339/000137633925000009/ex211subsidiaries12312024.htm",Heuristic,true,4,0,false,
000155837025001317,EX-21,"https://www.sec.gov/Archives/edgar/data/1377121/000155837025001317/ptgx-20241231xex21d1.htm",Heuristic,true,1,0,false,
000137778925000068,EX-21,"https://www.sec.gov/Archives/edgar/data/1377789/000137778925000068/fy25q4avnw10-kex21sub.htm",Heuristic,true,41,0,false,
000121390025040617,EX-21,"https://www.sec.gov/Archives/edgar/data/1377936/000121390025040617/ea023553601ex21/saratoga.htm",Heuristic,true,5,0,false,
000164117225020888,EX-21,"https://www.sec.gov/Archives/edgar/data/1378140/000164117225020888/ex21-1.htm",Heuristic,true,1,0,false,
000137895025000036,EX-21,"https://www.sec.gov/Archives/edgar/data/1378950/000137895025000036/prts-20241228xex21d1.htm",Heuristic,true,4,0,false,
000137904125000049,EX-21,"https://www.sec.gov/Archives/edgar/data/1379041/000137904125000049/exhibit211/2024.htm",Heuristic,true,9,0,false,
000138119725000036,EX-21,"https://www.sec.gov/Archives/edgar/data/1381197/000138119725000036/ibkr-20241231xex21/1.htm",Heuristic,true,1,1,true,
000138166825000106,EX-21,"https://www.sec.gov/Archives/edgar/data/1381668/000138166825000106/tfslfy25septex211.htm",Heuristic,true,4,0,false,
000138282125000046,EX-21,"https://www.sec.gov/Archives/edgar/data/1382821/000138282125000046/ex211202410-ksubsidiaries.htm",Heuristic,true,15,0,false,
000162828025037656,EX-21,"https://www.sec.gov/Archives/edgar/data/1383312/000162828025037656/exhibit21-subsidiaries2025.htm",Heuristic,true,30,0,false,
000119312525293703,EX-21,"https://www.sec.gov/Archives/edgar/data/1383414/000119312525293703/pnnt-ex21/1.htm",Heuristic,true,9,0,false,
000138410125000014,EX-21,"https://www.sec.gov/Archives/edgar/data/1384101/000138410125000014/vcyt-12312024xex211.htm",Heuristic,true,8,0,false,
000138490525000014,EX-21,"https://www.sec.gov/Archives/edgar/data/1384905/000138490525000014/rng-20241231xex211.htm",Heuristic,true,33,0,false,
000110465925109150,EX-21,"https://www.sec.gov/Archives/edgar/data/1385157/000110465925109150/tel-20250926xex21d1.htm",Heuristic,true,45,0,false,
000138561325000007,EX-21,"https://www.sec.gov/Archives/edgar/data/1385613/000138561325000007/exhibit211subsidiaries2024.htm",Heuristic,true,7,0,false,
000143774925029723,EX-21,"https://www.sec.gov/Archives/edgar/data/1385818/000143774925029723/ex/820735.htm",Heuristic,true,6,1,true,
000138627825000009,EX-21,"https://www.sec.gov/Archives/edgar/data/1386278/000138627825000009/exb211-subsidiariesofgreen.htm",Heuristic,true,5,0,false,
000162828025009774,EX-21,"https://www.sec.gov/Archives/edgar/data/1386570/000162828025009774/cdxcex211subsidiariesq42024.htm",Heuristic,true,10,0,false,
000118518525000229,EX-21,"https://www.sec.gov/Archives/edgar/data/1387061/000118518525000229/ltsv5ex21-1.htm",Heuristic,true,3,0,false,
000162828025041297,EX-21,"https://www.sec.gov/Archives/edgar/data/1387467/000162828025041297/aoslex211fy2025listofsubsi.htm",Heuristic,true,17,1,true,
000138865825000028,EX-21,"https://www.sec.gov/Archives/edgar/data/1388658/000138865825000028/a211listofsubsidiaries/.htm",Heuristic,true,5,1,true,
000138905025000009,EX-21,"https://www.sec.gov/Archives/edgar/data/1389050/000138905025000009/aroc-20241231xex21d1.htm",Heuristic,true,19,0,false,
000121390025026105,EX-21,"https://www.sec.gov/Archives/edgar/data/1389125/000121390025026105/ea023263701ex21-1/frontier.htm",Heuristic,true,4,0,false,
000095017025023983,EX-21,"https://www.sec.gov/Archives/edgar/data/1389170/000095017025023983/trgp-ex21/1.htm",Heuristic,true,14,1,true,
000139047825000003,EX-21,"https://www.sec.gov/Archives/edgar/data/1390478/000139047825000003/sls20241231ex211nextgen.htm",Heuristic,true,3,0,false,
000092708925000064,EX-21,"https://www.sec.gov/Archives/edgar/data/1391933/000092708925000064/ex/792314.htm",Heuristic,true,7,0,false,
000139227225000019,EX-21,"https://www.sec.gov/Archives/edgar/data/1392272/000139227225000019/a211-subsidiaries.htm",Heuristic,true,1,0,false,
000139238025000011,EX-21,"https://www.sec.gov/Archives/edgar/data/1392380/000139238025000011/gevo-20241231xex21d1.htm",Heuristic,true,16,0,false,
000164117225000608,EX-21,"https://www.sec.gov/Archives/edgar/data/1392694/000164117225000608/ex21-1.htm",Heuristic,true,10,0,false,
000139297225000019,EX-21,"https://www.sec.gov/Archives/edgar/data/1392972/000139297225000019/a2024q4ex211subsidiaries.htm",Heuristic,true,15,0,false,
000139331125000036,EX-21,"https://www.sec.gov/Archives/edgar/data/1393311/000139331125000036/psa-123124xex21.htm",Heuristic,true,7,0,false,
000095017025019024,EX-21,"https://www.sec.gov/Archives/edgar/data/1393584/000095017025019024/amwl-ex21/1.htm",Heuristic,true,11,0,false,
000139361225000009,EX-21,"https://www.sec.gov/Archives/edgar/data/1393612/000139361225000009/a4q24dfsex2112312024.htm",Heuristic,true,21,0,false,
000139372625000028,EX-21,"https://www.sec.gov/Archives/edgar/data/1393726/000139372625000028/ex21subsidiaries12-31x2024.htm",Heuristic,true,5,0,false,
000119312525042469,EX-21,"https://www.sec.gov/Archives/edgar/data/1393818/000119312525042469/d912273dex211.htm",Heuristic,true,42,0,false,
000139388325000041,EX-21,"https://www.sec.gov/Archives/edgar/data/1393883/000139388325000041/a2024q4211subsidiariesofre.htm",Heuristic,true,3,0,false,
000143774925007535,EX-21,"https://www.sec.gov/Archives/edgar/data/1395585/000143774925007535/ex/784096.htm",Heuristic,true,4,0,false,
000095017025030394,EX-21,"https://www.sec.gov/Archives/edgar/data/1395937/000095017025030394/sndx-ex21/subsidiaries.htm",Heuristic,true,2,0,false,
000139594225000007,EX-21,"https://www.sec.gov/Archives/edgar/data/1395942/000139594225000007/exhibit211-subsidiariesofo.htm",Heuristic,true,41,0,false,
000139791125000018,EX-21,"https://www.sec.gov/Archives/edgar/data/1397911/000139791125000018/exhibit21120241231.htm",Heuristic,true,13,0,false,
000139865925000035,EX-21,"https://www.sec.gov/Archives/edgar/data/1398659/000139865925000035/exhibit211.htm",Heuristic,true,39,0,false,
000168316825002475,EX-21,"https://www.sec.gov/Archives/edgar/data/1398805/000168316825002475/beam/ex2101.htm",Heuristic,true,2,0,false,
000095017025029999,EX-21,"https://www.sec.gov/Archives/edgar/data/1400810/000095017025029999/hci-ex21.htm",Heuristic,true,38,0,false,
000140089125000009,EX-21,"https://www.sec.gov/Archives/edgar/data/1400891/000140089125000009/exhibit21-ihmedia2024q4.htm",Heuristic,true,25,0,false,
000140125725000012,EX-21,"https://www.sec.gov/Archives/edgar/data/1401257/000140125725000012/exhibit211subsidiaries2024.htm",Heuristic,true,13,0,false,
000093905725000075,EX-21,"https://www.sec.gov/Archives/edgar/data/1401564/000093905725000075/ffnw-20241231x10kexx21.htm",Heuristic,true,2,0,false,
000143774925005496,EX-21,"https://www.sec.gov/Archives/edgar/data/1401667/000143774925005496/ex/761877.htm",Heuristic,true,1,0,false,
000140191425000012,EX-21,"https://www.sec.gov/Archives/edgar/data/1401914/000140191425000012/dare-20241231xex211.htm",Heuristic,true,4,0,false,
000140205725000018,EX-21,"https://www.sec.gov/Archives/edgar/data/1402057/000140205725000018/cdw-20241231x10kxex211.htm",Heuristic,true,14,0,false,
000095017025030421,EX-21,"https://www.sec.gov/Archives/edgar/data/1402436/000095017025030421/ssnc-ex21.htm",Heuristic,true,55,0,false,
000140316125000089,EX-21,"https://www.sec.gov/Archives/edgar/data/1403161/000140316125000089/vex211093025.htm",Heuristic,true,4,0,false,
000140347525000026,EX-21,"https://www.sec.gov/Archives/edgar/data/1403475/000140347525000026/bmrc-ex2101/20241231x10xk.htm",Heuristic,true,1,0,false,
000140352825000013,EX-21,"https://www.sec.gov/Archives/edgar/data/1403528/000140352825000013/exhibit211final31725.htm",Heuristic,true,17,0,false,
000155837025003810,EX-21,"https://www.sec.gov/Archives/edgar/data/1403568/000155837025003810/ulta-20250201xex21.htm",Heuristic,true,5,1,true,
000095017025018873,EX-21,"https://www.sec.gov/Archives/edgar/data/1404655/000095017025018873/hubs-ex21/1.htm",Heuristic,true,2,0,false,
000140491225000015,EX-21,"https://www.sec.gov/Archives/edgar/data/1404912/000140491225000015/kkr-20241231xex211subsidia.htm",Heuristic,true,42,0,false,
000140549525000011,EX-21,"https://www.sec.gov/Archives/edgar/data/1405495/000140549525000011/ex21-subsidiarylistx202410.htm",Heuristic,true,22,0,false,
000162828025053125,EX-21,"https://www.sec.gov/Archives/edgar/data/1406587/000162828025053125/a9302025ex211subsidiarylis.htm",Heuristic,true,29,0,false,
000140666625000008,EX-21,"https://www.sec.gov/Archives/edgar/data/1406666/000140666625000008/calx-20241231xex211subsidi.htm",Heuristic,true,6,1,true,
000095017025045214,EX-21,"https://www.sec.gov/Archives/edgar/data/1407973/000095017025045214/sonx-ex21/1.htm",Heuristic,true,2,1,true,
000140807525000007,EX-21,"https://www.sec.gov/Archives/edgar/data/1408075/000140807525000007/gpkexhibit211-202410xk.htm",Heuristic,true,49,0,false,
000140810025000084,EX-21,"https://www.sec.gov/Archives/edgar/data/1408100/000140810025000084/exhibit21-listofsudsidiari.htm",Heuristic,true,42,0,false,
000140819825000053,EX-21,"https://www.sec.gov/Archives/edgar/data/1408198/000140819825000053/msci-20241231x10kex211.htm",Heuristic,true,10,0,false,
000140871025000039,EX-21,"https://www.sec.gov/Archives/edgar/data/1408710/000140871025000039/fn-20250627x10kexhibit211.htm",Heuristic,true,13,0,false,
000140917125000027,EX-21,"https://www.sec.gov/Archives/edgar/data/1409171/000140917125000027/a10kfy25ex211.htm",Heuristic,true,16,1,true,
000143774925009968,EX-21,"https://www.sec.gov/Archives/edgar/data/1409269/000143774925009968/ex/755216.htm",Heuristic,true,11,0,false,
000095017025090385,EX-21,"https://www.sec.gov/Archives/edgar/data/1409375/000095017025090385/oesx-ex21/1.htm",Heuristic,true,5,0,false,
000140997025000009,EX-21,"https://www.sec.gov/Archives/edgar/data/1409970/000140997025000009/lc12312024ex211.htm",Heuristic,true,2,0,false,
000141038425000010,EX-21,"https://www.sec.gov/Archives/edgar/data/1410384/000141038425000010/a241231ex211listofsubsidia.htm",Heuristic,true,1,0,false,
000141063625000022,EX-21,"https://www.sec.gov/Archives/edgar/data/1410636/000141063625000022/ex-211xsubsidiariesofthere.htm",Heuristic,true,39,0,false,
000095017025019379,EX-21,"https://www.sec.gov/Archives/edgar/data/1411207/000095017025019379/alsn-ex21/1.htm",Heuristic,true,1,0,false,
000141210025000011,EX-21,"https://www.sec.gov/Archives/edgar/data/1412100/000141210025000011/q42024ex211subsidiariesofr.htm",Heuristic,true,20,2,true,
000141266525000043,EX-21,"https://www.sec.gov/Archives/edgar/data/1412665/000141266525000043/exhibit21110k2024.htm",Heuristic,true,6,0,false,
000141332925000013,EX-21,"https://www.sec.gov/Archives/edgar/data/1413329/000141332925000013/pm-ex21/123124xq4.htm",Heuristic,true,32,0,false,
000155837025003129,EX-21,"https://www.sec.gov/Archives/edgar/data/1413837/000155837025003129/ffwm-20241231xex21d1.htm",Heuristic,true,2,0,false,
000121390025026353,EX-21,"https://www.sec.gov/Archives/edgar/data/1413891/000121390025026353/ea023602801ex21-1/highwire.htm",Heuristic,true,4,1,true,
000141389825000019,EX-21,"https://www.sec.gov/Archives/edgar/data/1413898/000141389825000019/daln-20241231xex21.htm",Heuristic,true,19,0,false,
000155837025001663,EX-21,"https://www.sec.gov/Archives/edgar/data/1415404/000155837025001663/tmb-20241231xex21.htm",Heuristic,true,7,0,false,
000162828025053207,EX-21,"https://www.sec.gov/Archives/edgar/data/1417398/000162828025053207/ex2112025930.htm",Heuristic,true,48,0,false,
000141813525000013,EX-21,"https://www.sec.gov/Archives/edgar/data/1418135/000141813525000013/kdp-ex211/20241231.htm",Heuristic,true,37,0,false,
000162828025005302,EX-21,"https://www.sec.gov/Archives/edgar/data/1418819/000162828025005302/ex2111231202410k.htm",Heuristic,true,13,0,false,
000095017025046749,EX-21,"https://www.sec.gov/Archives/edgar/data/1419041/000095017025046749/fbrx-ex21/1.htm",Heuristic,true,2,0,false,
000117891325000605,EX-21,"https://www.sec.gov/Archives/edgar/data/1419612/000117891325000605/exhibit/21-1.htm",Heuristic,true,40,0,false,
000173112225000484,EX-21,"https://www.sec.gov/Archives/edgar/data/1419951/000173112225000484/e6430/ex21-1.htm",Heuristic,true,6,0,false,
000142080025000009,EX-21,"https://www.sec.gov/Archives/edgar/data/1420800/000142080025000009/exhibit211-form10xkxxsubsi.htm",Heuristic,true,43,0,false,
000142151725000048,EX-21,"https://www.sec.gov/Archives/edgar/data/1421517/000142151725000048/ex211subsidiaries2024-q4.htm",Heuristic,true,2,0,false,
000162828025015269,EX-21,"https://www.sec.gov/Archives/edgar/data/1422142/000162828025015269/exh211-subsidiary.htm",Heuristic,true,1,0,false,
000162828025008175,EX-21,"https://www.sec.gov/Archives/edgar/data/1422183/000162828025008175/exhibit2114q24.htm",Heuristic,true,21,0,false,
000121390025098514,EX-21,"https://www.sec.gov/Archives/edgar/data/1422892/000121390025098514/ea025668101ex21-1/singular.htm",Heuristic,true,11,0,false,
000142293025000012,EX-21,"https://www.sec.gov/Archives/edgar/data/1422930/000142293025000012/q42024exhibit211.htm",Heuristic,true,6,0,false,
000142322125000100,EX-21,"https://www.sec.gov/Archives/edgar/data/1423221/000142322125000100/nx-exhibit211202510k.htm",Heuristic,true,43,0,false,
000095017025024123,EX-21,"https://www.sec.gov/Archives/edgar/data/1424182/000095017025024123/bnl-ex21/1.htm",Heuristic,true,48,0,false,
000142492925000007,EX-21,"https://www.sec.gov/Archives/edgar/data/1424929/000142492925000007/exhibit211listofsubsidiari.htm",Heuristic,true,41,0,false,
000142529225000004,EX-21,"https://www.sec.gov/Archives/edgar/data/1425292/000142529225000004/exhibit211-uan202410xk.htm",Heuristic,true,3,0,false,
000142545025000015,EX-21,"https://www.sec.gov/Archives/edgar/data/1425450/000142545025000015/exhibit211subsidiariesofor.htm",Heuristic,true,23,0,false,
000147793225002746,EX-21,"https://www.sec.gov/Archives/edgar/data/1425627/000147793225002746/sobr/ex211.htm",Heuristic,true,1,0,false,
000095017025042673,EX-21,"https://www.sec.gov/Archives/edgar/data/1426800/000095017025042673/asmb-ex21/1.htm",Heuristic,true,3,0,false,
000001427225000039,EX-21,"https://www.sec.gov/Archives/edgar/data/14272/000001427225000039/bmy-20241231exhibit21.htm",Heuristic,true,42,0,false,
000142843925000013,EX-21,"https://www.sec.gov/Archives/edgar/data/1428439/000142843925000013/a09fy2024ex211xsubsidiaries.htm",Heuristic,true,8,0,false,
000199937125002786,EX-21,"https://www.sec.gov/Archives/edgar/data/1430306/000199937125002786/ex21-01.htm",Heuristic,true,8,0,false,
000117184325001208,EX-21,"https://www.sec.gov/Archives/edgar/data/1430723/000117184325001208/ex/780451.htm",Heuristic,true,7,0,false,
000143169525000010,EX-21,"https://www.sec.gov/Archives/edgar/data/1431695/000143169525000010/olo202410-kexhibit211.htm",Heuristic,true,2,0,false,
000143213325000025,EX-21,"https://www.sec.gov/Archives/edgar/data/1432133/000143213325000025/exhibit211kalturasubsidiar.htm",Heuristic,true,6,0,false,
000143319525000013,EX-21,"https://www.sec.gov/Archives/edgar/data/1433195/000143319525000013/a123124exhibit211for10-k.htm",Heuristic,true,5,0,false,
000155837025000864,EX-21,"https://www.sec.gov/Archives/edgar/data/1433270/000155837025000864/ar-20241231xex21d1.htm",Heuristic,true,6,0,false,
000143364225000052,EX-21,"https://www.sec.gov/Archives/edgar/data/1433642/000143364225000052/exhibit211-subsidiarylista.htm",Heuristic,true,37,0,false,
000143366025000009,EX-21,"https://www.sec.gov/Archives/edgar/data/1433660/000143366025000009/a123124-jbtexhibit211.htm",Heuristic,true,42,1,true,
000155837025001150,EX-21,"https://www.sec.gov/Archives/edgar/data/1434588/000155837025001150/lope-20241231xex21d0.htm",Heuristic,true,13,0,false,
000143462125000006,EX-21,"https://www.sec.gov/Archives/edgar/data/1434621/000143462125000006/tree-12312024xex211.htm",Heuristic,true,10,0,false,
000149315225029383,EX-21,"https://www.sec.gov/Archives/edgar/data/1435064/000149315225029383/ex21-1.htm",Heuristic,true,5,0,false,
000143612625000026,EX-21,"https://www.sec.gov/Archives/edgar/data/1436126/000143612625000026/a20211231subsidiarylisting.htm",Heuristic,true,31,0,false,
000149315225010973,EX-21,"https://www.sec.gov/Archives/edgar/data/1436229/000149315225010973/ex21-1.htm",Heuristic,true,1,0,false,
000118518525000224,EX-21,"https://www.sec.gov/Archives/edgar/data/1436975/000118518525000224/ltsv2ex21-1.htm",Heuristic,true,35,0,false,
000143707125000007,EX-21,"https://www.sec.gov/Archives/edgar/data/1437071/000143707125000007/ivr-20241231x10kxex211.htm",Heuristic,true,6,0,false,
000143710725000031,EX-21,"https://www.sec.gov/Archives/edgar/data/1437107/000143710725000031/a20241231-ex21listofsubsid.htm",Heuristic,true,41,0,false,
000121465925005083,EX-21,"https://www.sec.gov/Archives/edgar/data/1437283/000121465925005083/ex21/1.htm",Heuristic,true,1,0,false,
000117494725000372,EX-21,"https://www.sec.gov/Archives/edgar/data/1437479/000117494725000372/ex21.htm",Heuristic,true,1,0,false,
000143757825000007,EX-21,"https://www.sec.gov/Archives/edgar/data/1437578/000143757825000007/ex211202410k.htm",Heuristic,true,43,0,false,
000147793225001897,EX-21,"https://www.sec.gov/Archives/edgar/data/1437925/000147793225001897/gmgi/ex211.htm",Heuristic,true,28,1,true,
000143813325000036,EX-21,"https://www.sec.gov/Archives/edgar/data/1438133/000143813325000036/ex211subsidiariesoftheregi.htm",Heuristic,true,6,0,false,
000143774925005471,EX-21,"https://www.sec.gov/Archives/edgar/data/1438231/000143774925005471/ex/761341.htm",Heuristic,true,7,0,false,
000164117225001343,EX-21,"https://www.sec.gov/Archives/edgar/data/1438943/000164117225001343/ex21-1.htm",Heuristic,true,5,0,false,
000143922225000009,EX-21,"https://www.sec.gov/Archives/edgar/data/1439222/000143922225000009/agio-ex211x123124.htm",Heuristic,true,7,0,false,
000168316825002807,EX-21,"https://www.sec.gov/Archives/edgar/data/1439264/000168316825002807/marvion/ex2100.htm",Heuristic,true,4,0,false,
000143928825000019,EX-21,"https://www.sec.gov/Archives/edgar/data/1439288/000143928825000019/ex211listofsubsidiaries123.htm",Heuristic,true,39,0,false,
000150433725000005,EX-21,"https://www.sec.gov/Archives/edgar/data/1441236/000150433725000005/ex21q4-24.htm",Heuristic,true,3,0,false,
000144168325000017,EX-21,"https://www.sec.gov/Archives/edgar/data/1441683/000144168325000017/appn12312024ex211.htm",Heuristic,true,15,0,false,
000095017025037891,EX-21,"https://www.sec.gov/Archives/edgar/data/1442236/000095017025037891/qrhc-ex21/1.htm",Heuristic,true,7,1,true,
000144364625000076,EX-21,"https://www.sec.gov/Archives/edgar/data/1443646/000144364625000076/bah-ex21xq4fy25.htm",Heuristic,true,39,0,false,
000162828025007052,EX-21,"https://www.sec.gov/Archives/edgar/data/1443669/000162828025007052/prlb-20241231xex211.htm",Heuristic,true,9,0,false,
000114036125023259,EX-21,"https://www.sec.gov/Archives/edgar/data/1444192/000114036125023259/ef20047573/ex21-1.htm",Heuristic,true,1,0,false,
000095017025034880,EX-21,"https://www.sec.gov/Archives/edgar/data/1445283/000095017025034880/kant-ex21/1.htm",Heuristic,true,3,0,false,
000144530525000034,EX-21,"https://www.sec.gov/Archives/edgar/data/1445305/000144530525000034/exhibit211subsidiaries1231.htm",Heuristic,true,17,0,false,
000117184325001863,EX-21,"https://www.sec.gov/Archives/edgar/data/1446159/000117184325001863/ex/795206.htm",Heuristic,true,2,0,false,
000144702825000083,EX-21,"https://www.sec.gov/Archives/edgar/data/1447028/000144702825000083/exhibit211listingofsubsidi.htm",Heuristic,true,1,0,false,
000144736225000031,EX-21,"https://www.sec.gov/Archives/edgar/data/1447362/000144736225000031/exhibit211subsidiaries2024.htm",Heuristic,true,4,0,false,
000144766925000035,EX-21,"https://www.sec.gov/Archives/edgar/data/1447669/000144766925000035/twlo-20241231ex211subsidia.htm",Heuristic,true,16,0,false,
000144889325000009,EX-21,"https://www.sec.gov/Archives/edgar/data/1448893/000144889325000009/a123124ex211.htm",Heuristic,true,38,1,true,
000164117225004681,EX-21,"https://www.sec.gov/Archives/edgar/data/1449792/000164117225004681/ex21-1.htm",Heuristic,true,1,0,false,
000145150525000018,EX-21,"https://www.sec.gov/Archives/edgar/data/1451505/000145150525000018/rig-20241231xex21.htm",Heuristic,true,49,0,false,
000145180925000034,EX-21,"https://www.sec.gov/Archives/edgar/data/1451809/000145180925000034/ex211listofsubsidiaries2024.htm",Heuristic,true,10,0,false,
000145247725000014,EX-21,"https://www.sec.gov/Archives/edgar/data/1452477/000145247725000014/sevn/123124xexhibitx211.htm",Heuristic,true,10,0,false,
000149315225009391,EX-21,"https://www.sec.gov/Archives/edgar/data/1453593/000149315225009391/ex21-1.htm",Heuristic,true,15,0,false,
000145368725000060,EX-21,"https://www.sec.gov/Archives/edgar/data/1453687/000145368725000060/exhibit211subsidiariesofca.htm",Heuristic,true,2,0,false,
000141057825000309,EX-21,"https://www.sec.gov/Archives/edgar/data/1454789/000141057825000309/atxs-20241231xex21d1.htm",Heuristic,true,2,0,false,
000145493825000020,EX-21,"https://www.sec.gov/Archives/edgar/data/1454938/000145493825000020/exhibit211-202410xk.htm",Heuristic,true,45,0,false,
000095017025024274,EX-21,"https://www.sec.gov/Archives/edgar/data/1455684/000095017025024274/tpic-ex21/1.htm",Heuristic,true,13,0,false,
000162828025008770,EX-21,"https://www.sec.gov/Archives/edgar/data/1455863/000162828025008770/exhibit211listofsubsidiari.htm",Heuristic,true,42,0,false,
000145677225000013,EX-21,"https://www.sec.gov/Archives/edgar/data/1456772/000145677225000013/opi/123124x10kex211.htm",Heuristic,true,11,0,false,
000145920025000004,EX-21,"https://www.sec.gov/Archives/edgar/data/1459200/000145920025000004/ex211subsidiarylist123124.htm",Heuristic,true,27,0,false,
000145983925000036,EX-21,"https://www.sec.gov/Archives/edgar/data/1459839/000145983925000036/sibn-ex211/12312024listxof.htm",Heuristic,true,3,0,false,
000143774925010194,EX-21,"https://www.sec.gov/Archives/edgar/data/1460329/000143774925010194/ex/727317.htm",Heuristic,true,1,0,false,
000146205625000015,EX-21,"https://www.sec.gov/Archives/edgar/data/1462056/000146205625000015/ex211blze10-k20241231.htm",Heuristic,true,2,0,false,
000146241825000057,EX-21,"https://www.sec.gov/Archives/edgar/data/1462418/000146241825000057/asps12312024-ex211.htm",Heuristic,true,40,0,false,
000146310125000024,EX-21,"https://www.sec.gov/Archives/edgar/data/1463101/000146310125000024/a2024q410-kexx211.htm",Heuristic,true,16,0,false,
000143774925008074,EX-21,"https://www.sec.gov/Archives/edgar/data/1463913/000143774925008074/ex/776348.htm",Heuristic,true,4,0,false,
000143774925007559,EX-21,"https://www.sec.gov/Archives/edgar/data/1464343/000143774925007559/ex/745292.htm",Heuristic,true,42,0,false,
000095017025024124,EX-21,"https://www.sec.gov/Archives/edgar/data/1464423/000095017025024124/pmt-ex21/1.htm",Heuristic,true,5,0,false,
000146479025000011,EX-21,"https://www.sec.gov/Archives/edgar/data/1464790/000146479025000011/exhibit211subsidiarylist.htm",Heuristic,true,38,0,false,
000162828025008420,EX-21,"https://www.sec.gov/Archives/edgar/data/1465128/000162828025008420/stwd/ex-211xye2024.htm",Heuristic,true,40,0,false,
000146574025000083,EX-21,"https://www.sec.gov/Archives/edgar/data/1465740/000146574025000083/twoexh12312024211.htm",Heuristic,true,22,0,false,
000146602625000021,EX-21,"https://www.sec.gov/Archives/edgar/data/1466026/000146602625000021/msbi-20241231211.htm",Heuristic,true,9,0,false,
000146608525000021,EX-21,"https://www.sec.gov/Archives/edgar/data/1466085/000146608525000021/ex211-20241231.htm",Heuristic,true,42,0,false,
000146625825000039,EX-21,"https://www.sec.gov/Archives/edgar/data/1466258/000146625825000039/ex21subsidiarylisting2024.htm",Heuristic,true,20,0,false,
000146659325000034,EX-21,"https://www.sec.gov/Archives/edgar/data/1466593/000146659325000034/a2024ex21subsidiariesofreg.htm",Heuristic,true,7,0,false,
000146737325000217,EX-21,"https://www.sec.gov/Archives/edgar/data/1467373/000146737325000217/a831202510-kexhibit211.htm",Heuristic,true,39,0,false,
000146762325000011,EX-21,"https://www.sec.gov/Archives/edgar/data/1467623/000146762325000011/exhibit211-q424.htm",Heuristic,true,24,0,false,
000095017025017122,EX-21,"https://www.sec.gov/Archives/edgar/data/1467760/000095017025017122/ari-ex21/1.htm",Heuristic,true,34,0,false,
000146785825000032,EX-21,"https://www.sec.gov/Archives/edgar/data/1467858/000146785825000032/ex-21xsignificantsubsidiar.htm",Heuristic,true,45,0,false,
000146817425000009,EX-21,"https://www.sec.gov/Archives/edgar/data/1468174/000146817425000009/a123124exhibit211.htm",Heuristic,true,40,0,false,
000146832725000056,EX-21,"https://www.sec.gov/Archives/edgar/data/1468327/000146832725000056/exhibit211fy2024listofsubs.htm",Heuristic,true,1,0,false,
000095017025026747,EX-21,"https://www.sec.gov/Archives/edgar/data/1468328/000095017025026747/adus-ex21/1.htm",Heuristic,true,46,0,false,
000095017025098326,EX-21,"https://www.sec.gov/Archives/edgar/data/1468492/000095017025098326/hscs-ex21/1.htm",Heuristic,true,1,0,false,
000095017025046098,EX-21,"https://www.sec.gov/Archives/edgar/data/1468748/000095017025046098/kod-ex21/1.htm",Heuristic,true,2,0,false,
000164117225000937,EX-21,"https://www.sec.gov/Archives/edgar/data/1468929/000164117225000937/ex21-1.htm",Heuristic,true,3,0,false,
000001469325000062,EX-21,"https://www.sec.gov/Archives/edgar/data/14693/000001469325000062/bfb-ex21/2025430x10kapril.htm",Heuristic,true,24,0,false,
000001470725000017,EX-21,"https://www.sec.gov/Archives/edgar/data/14707/000001470725000017/cal-20250201xex21.htm",Heuristic,true,39,0,false,
000095017025024488,EX-21,"https://www.sec.gov/Archives/edgar/data/1472787/000095017025024488/faf-ex21.htm",Heuristic,true,25,0,false,
000164117225001773,EX-21,"https://www.sec.gov/Archives/edgar/data/1473334/000164117225001773/ex21-1.htm",Heuristic,true,5,0,false,
000147384425000014,EX-21,"https://www.sec.gov/Archives/edgar/data/1473844/000147384425000014/stel-subsidiaries2024xexx2.htm",Heuristic,true,6,0,false,
000147409825000039,EX-21,"https://www.sec.gov/Archives/edgar/data/1474098/000147409825000039/peb-20241231ex211subsidiar.htm",Heuristic,true,41,0,false,
000147793225002759,EX-21,"https://www.sec.gov/Archives/edgar/data/1474167/000147793225002759/cosm/ex21.htm",Heuristic,true,5,0,false,
000162828025015044,EX-21,"https://www.sec.gov/Archives/edgar/data/1474432/000162828025015044/ex21110kfy2025.htm",Heuristic,true,33,0,false,
000095017025047685,EX-21,"https://www.sec.gov/Archives/edgar/data/1474464/000095017025047685/ck0001474464-ex21/1.htm",Heuristic,true,14,0,false,
000143774925004353,EX-21,"https://www.sec.gov/Archives/edgar/data/1474735/000143774925004353/ex/726582.htm",Heuristic,true,79,0,false,
000147490325000016,EX-21,"https://www.sec.gov/Archives/edgar/data/1474903/000147490325000016/ex2112024.htm",Heuristic,true,11,0,false,
000147511525000026,EX-21,"https://www.sec.gov/Archives/edgar/data/1475115/000147511525000026/exhibit211-subsidiariesofr.htm",Heuristic,true,15,0,false,
000155837025001502,EX-21,"https://www.sec.gov/Archives/edgar/data/1475841/000155837025001502/nbhc-20241231xex21d1.htm",Heuristic,true,6,0,false,
000095017025029882,EX-21,"https://www.sec.gov/Archives/edgar/data/1475922/000095017025029882/pri-ex21/1.htm",Heuristic,true,12,0,false,
000147604525000011,EX-21,"https://www.sec.gov/Archives/edgar/data/1476045/000147604525000011/cldtex211listofsubsidiarie.htm",Heuristic,true,50,0,false,
000147615025000004,EX-21,"https://www.sec.gov/Archives/edgar/data/1476150/000147615025000004/trnoq42024exhibit21.htm",Heuristic,true,46,0,false,
000147620425000030,EX-21,"https://www.sec.gov/Archives/edgar/data/1476204/000147620425000030/pecoq42024ex-211.htm",Heuristic,true,46,0,false,
000147676525000096,EX-21,"https://www.sec.gov/Archives/edgar/data/1476765/000147676525000096/gbdcfy202510-kexhibit211.htm",Heuristic,true,11,0,false,
000147729425000022,EX-21,"https://www.sec.gov/Archives/edgar/data/1477294/000147729425000022/exhibit211/123124.htm",Heuristic,true,51,0,false,
000147744925000005,EX-21,"https://www.sec.gov/Archives/edgar/data/1477449/000147744925000005/tdoc-20241231xexx211.htm",Heuristic,true,37,0,false,
000147824225000045,EX-21,"https://www.sec.gov/Archives/edgar/data/1478242/000147824225000045/ex-2111231202410xk.htm",Heuristic,true,27,0,false,
000143774925007739,EX-21,"https://www.sec.gov/Archives/edgar/data/1478454/000143774925007739/ex/750080.htm",Heuristic,true,4,0,false,
000147909425000006,EX-21,"https://www.sec.gov/Archives/edgar/data/1479094/000147909425000006/q42024-ex21110k.htm",Heuristic,true,56,0,false,
000155837025004081,EX-21,"https://www.sec.gov/Archives/edgar/data/1479419/000155837025004081/kala-20241231xex21d1.htm",Heuristic,true,2,0,false,
000147968125000006,EX-21,"https://www.sec.gov/Archives/edgar/data/1479681/000147968125000006/nutx-20241231xex21d1.htm",Heuristic,true,4,1,true,
000095017025024199,EX-21,"https://www.sec.gov/Archives/edgar/data/1481582/000095017025024199/ryi-ex21/1.htm",Heuristic,true,2,0,false,
000164117225000913,EX-21,"https://www.sec.gov/Archives/edgar/data/1482541/000164117225000913/ex21-1.htm",Heuristic,true,1,0,false,
000149315225018158,EX-21,"https://www.sec.gov/Archives/edgar/data/1482554/000149315225018158/ex21-1.htm",Heuristic,true,3,0,false,
000148298125000032,EX-21,"https://www.sec.gov/Archives/edgar/data/1482981/000148298125000032/exhibit211-listofsubsidiar.htm",Heuristic,true,14,0,false,
000095017025029545,EX-21,"https://www.sec.gov/Archives/edgar/data/1484565/000095017025029545/slno-ex21/1.htm",Heuristic,true,3,0,false,
000001484625000005,EX-21,"https://www.sec.gov/Archives/edgar/data/14846/000001484625000005/exhibit211123124.htm",Heuristic,true,43,1,true,
000148477825000023,EX-21,"https://www.sec.gov/Archives/edgar/data/1484778/000148477825000023/exhibit211q42024.htm",Heuristic,true,2,0,false,
000162828025015673,EX-21,"https://www.sec.gov/Archives/edgar/data/1485003/000162828025015673/carm-20241231xexx211.htm",Heuristic,true,2,0,false,
000148615925000005,EX-21,"https://www.sec.gov/Archives/edgar/data/1486159/000148615925000005/chrd-12312024xex211.htm",Heuristic,true,21,0,false,
000148695725000008,EX-21,"https://www.sec.gov/Archives/edgar/data/1486957/000148695725000008/exhibit211/123124x10k.htm",Heuristic,true,15,0,false,
000162828025005392,EX-21,"https://www.sec.gov/Archives/edgar/data/1487712/000162828025005392/ex211-q424xye.htm",Heuristic,true,3,0,false,
000148813925000018,EX-21,"https://www.sec.gov/Archives/edgar/data/1488139/000148813925000018/amrc/20241231x10-kxex211.htm",Heuristic,true,45,1,true,
000148939325000008,EX-21,"https://www.sec.gov/Archives/edgar/data/1489393/000148939325000008/a2024q4exhibit21.htm",Heuristic,true,36,0,false,
000149028125000005,EX-21,"https://www.sec.gov/Archives/edgar/data/1490281/000149028125000005/exhibit211-2024q4.htm",Heuristic,true,40,0,false,
000149090625000033,EX-21,"https://www.sec.gov/Archives/edgar/data/1490906/000149090625000033/cffn-093025xex21.htm",Heuristic,true,8,0,false,
000149097825000014,EX-21,"https://www.sec.gov/Archives/edgar/data/1490978/000149097825000014/sdgr-20241231xexx211.htm",Heuristic,true,8,0,false,
000143774925022739,EX-21,"https://www.sec.gov/Archives/edgar/data/1491419/000143774925022739/ex/774803.htm",Heuristic,true,12,0,false,
000149229825000008,EX-21,"https://www.sec.gov/Archives/edgar/data/1492298/000149229825000008/sbraex2112024q4.htm",Heuristic,true,41,0,false,
000095017025029507,EX-21,"https://www.sec.gov/Archives/edgar/data/1492422/000095017025029507/apls-ex21/1.htm",Heuristic,true,21,0,false,
000001493025000025,EX-21,"https://www.sec.gov/Archives/edgar/data/14930/000001493025000025/bc20241231ex211.htm",Heuristic,true,55,0,false,
000149359425000054,EX-21,"https://www.sec.gov/Archives/edgar/data/1493594/000149359425000054/ex21110-k2025.htm",Heuristic,true,23,1,true,
000095017025040292,EX-21,"https://www.sec.gov/Archives/edgar/data/1493761/000095017025040292/hear-ex21.htm",Heuristic,true,10,0,false,
000102599625000052,EX-21,"https://www.sec.gov/Archives/edgar/data/1493976/000102599625000052/exhibit211.htm",Heuristic,true,50,0,false,
000143774925009715,EX-21,"https://www.sec.gov/Archives/edgar/data/1494582/000143774925009715/ex/703469.htm",Heuristic,true,29,0,false,
000149465025000064,EX-21,"https://www.sec.gov/Archives/edgar/data/1494650/000149465025000064/listofsubsidiariesex2112024.htm",Heuristic,true,1,0,false,
000155837025001424,EX-21,"https://www.sec.gov/Archives/edgar/data/1494877/000155837025001424/dlr-20241231xex21d1.htm",Heuristic,true,45,0,false,
000095017025037300,EX-21,"https://www.sec.gov/Archives/edgar/data/1494904/000095017025037300/gbli-ex21/1.htm",Heuristic,true,17,0,false,
000149532025000019,EX-21,"https://www.sec.gov/Archives/edgar/data/1495320/000149532025000019/vra-20250201xex211.htm",Heuristic,true,8,0,false,
000155837025001223,EX-21,"https://www.sec.gov/Archives/edgar/data/1495932/000155837025001223/expi-20241231xex21.htm",Heuristic,true,10,0,false,
000148251225000029,EX-21,"https://www.sec.gov/Archives/edgar/data/1496264/000148251225000029/a2024ex211listofsubsidiari.htm",Heuristic,true,41,0,false,
000149764525000013,EX-21,"https://www.sec.gov/Archives/edgar/data/1497645/000149764525000013/a12312024exhibit211.htm",Heuristic,true,38,0,false,
000155837025001503,EX-21,"https://www.sec.gov/Archives/edgar/data/1497770/000155837025001503/wd-20241231xex21.htm",Heuristic,true,42,1,true,
000164117225012903,EX-21,"https://www.sec.gov/Archives/edgar/data/1498148/000164117225012903/ex21-1.htm",Heuristic,true,4,0,false,
000149854725000018,EX-21,"https://www.sec.gov/Archives/edgar/data/1498547/000149854725000018/cmft1231202410kex211.htm",Heuristic,true,43,0,false,
000149983225000040,EX-21,"https://www.sec.gov/Archives/edgar/data/1499832/000149983225000040/exhibit211-listofsubsidiar.htm",Heuristic,true,44,3,true,
000143774925001816,EX-21,"https://www.sec.gov/Archives/edgar/data/1499961/000143774925001816/ex/758820.htm",Heuristic,true,7,0,false,
000162828025013046,EX-21,"https://www.sec.gov/Archives/edgar/data/1500435/000162828025013046/gpro2024-12x31exhibit2101.htm",Heuristic,true,21,0,false,
000150088125000002,EX-21,"https://www.sec.gov/Archives/edgar/data/1500881/000150088125000002/exhibit211-subsidiarieslis.htm",Heuristic,true,23,0,false,
000150158525000006,EX-21,"https://www.sec.gov/Archives/edgar/data/1501585/000150158525000006/hii-ex211202410xk.htm",Heuristic,true,41,0,false,
000162828025012773,EX-21,"https://www.sec.gov/Archives/edgar/data/1501729/000162828025012773/ex-211xfsslx12312024.htm",Heuristic,true,10,0,false,
000162828025017767,EX-21,"https://www.sec.gov/Archives/edgar/data/1501756/000162828025017767/advm-20241231xexx211.htm",Heuristic,true,3,0,false,
000095017025043943,EX-21,"https://www.sec.gov/Archives/edgar/data/1501796/000095017025043943/aura-ex21/1.htm",Heuristic,true,3,0,false,
000095017025046719,EX-21,"https://www.sec.gov/Archives/edgar/data/1502292/000095017025046719/cnfr-ex21/1.htm",Heuristic,true,4,0,false,
000095017025039841,EX-21,"https://www.sec.gov/Archives/edgar/data/1502377/000095017025039841/ctgo-ex21/1.htm",Heuristic,true,5,0,false,
000164117225000792,EX-21,"https://www.sec.gov/Archives/edgar/data/1503658/000164117225000792/ex21.htm",Heuristic,true,9,0,false,
000150370725000019,EX-21,"https://www.sec.gov/Archives/edgar/data/1503707/000150370725000019/nshi12312024exhibit211.htm",Heuristic,true,43,0,false,
000095017025022765,EX-21,"https://www.sec.gov/Archives/edgar/data/1503802/000095017025022765/kpti-ex21/1.htm",Heuristic,true,2,0,false,
000150446125000014,EX-21,"https://www.sec.gov/Archives/edgar/data/1504461/000150446125000014/ex21103312510k.htm",Heuristic,true,39,1,true,
000119312525293672,EX-21,"https://www.sec.gov/Archives/edgar/data/1504619/000119312525293672/pflt-ex21/1.htm",Heuristic,true,11,0,false,
000150477625000010,EX-21,"https://www.sec.gov/Archives/edgar/data/1504776/000150477625000010/exhibit211-subsidiariesofw.htm",Heuristic,true,1,0,false,
000150629325000022,EX-21,"https://www.sec.gov/Archives/edgar/data/1506293/000150629325000022/pins-ex211x20241231.htm",Heuristic,true,1,0,false,
000150630725000008,EX-21,"https://www.sec.gov/Archives/edgar/data/1506307/000150630725000008/kmi-2024x10kxexh211.htm",Heuristic,true,40,0,false,
000114036125008124,EX-21,"https://www.sec.gov/Archives/edgar/data/1506492/000114036125008124/ef20039019/ex21.htm",Heuristic,true,1,0,false,
000164033425001876,EX-21,"https://www.sec.gov/Archives/edgar/data/1506929/000164033425001876/vrdr/ex211.htm",Heuristic,true,8,0,false,
000164117225001861,EX-21,"https://www.sec.gov/Archives/edgar/data/1506983/000164117225001861/ex21-1.htm",Heuristic,true,1,0,false,
000150707925000013,EX-21,"https://www.sec.gov/Archives/edgar/data/1507079/000150707925000013/fnd-20241226x10kexx211.htm",Heuristic,true,8,0,false,
000150760525000003,EX-21,"https://www.sec.gov/Archives/edgar/data/1507605/000150760525000003/exhibit211q4/2024.htm",Heuristic,true,27,0,false,
000095017025019845,EX-21,"https://www.sec.gov/Archives/edgar/data/1508655/000095017025019845/tslx-ex21/1.htm",Heuristic,true,4,0,false,
000141057825000746,EX-21,"https://www.sec.gov/Archives/edgar/data/1509223/000141057825000746/mtbl-20241231xex21d1.htm",Heuristic,true,13,0,false,
000110465925090848,EX-21,"https://www.sec.gov/Archives/edgar/data/1509261/000110465925090848/rzlt-20250630xex21d1.htm",Heuristic,true,2,0,false,
000141057825000454,EX-21,"https://www.sec.gov/Archives/edgar/data/1509745/000141057825000454/lptx-20241231xex21d1.htm",Heuristic,true,4,0,false,
000150999125000026,EX-21,"https://www.sec.gov/Archives/edgar/data/1509991/000150999125000026/exh211-12312024listofsubsi.htm",Heuristic,true,28,0,false,
000151029525000012,EX-21,"https://www.sec.gov/Archives/edgar/data/1510295/000151029525000012/mpc-20241231xex211.htm",Heuristic,true,36,0,false,
000095017025046180,EX-21,"https://www.sec.gov/Archives/edgar/data/1510964/000095017025046180/cvsi-ex21/1.htm",Heuristic,true,1,0,false,
000151133725000007,EX-21,"https://www.sec.gov/Archives/edgar/data/1511337/000151133725000007/exhibit21112312024.htm",Heuristic,true,42,0,false,
000151173725000053,EX-21,"https://www.sec.gov/Archives/edgar/data/1511737/000151173725000053/ui-06302025xex211.htm",Heuristic,true,2,0,false,
000153949725002331,EX-21,"https://www.sec.gov/Archives/edgar/data/1512228/000153949725002331/n2574/x280ex21-1.htm",Heuristic,true,3,0,false,
000143774925005544,EX-21,"https://www.sec.gov/Archives/edgar/data/1512499/000143774925005544/ex/744061.htm",Heuristic,true,33,0,false,
000162828025007376,EX-21,"https://www.sec.gov/Archives/edgar/data/1512673/000162828025007376/exhibit211blockinc2024.htm",Heuristic,true,7,0,false,
000155837025003126,EX-21,"https://www.sec.gov/Archives/edgar/data/1512762/000155837025003126/chrs-20241231xex21d1.htm",Heuristic,true,1,0,false,
000151293125000013,EX-21,"https://www.sec.gov/Archives/edgar/data/1512931/000151293125000013/mrcc20241231ex211.htm",Heuristic,true,22,0,false,
000095017025034612,EX-21,"https://www.sec.gov/Archives/edgar/data/1513363/000095017025034612/fdus-ex21/1.htm",Heuristic,true,9,0,false,
000155837025001743,EX-21,"https://www.sec.gov/Archives/edgar/data/1513761/000155837025001743/nclh-20241231xex21d1.htm",Heuristic,true,44,0,false,
000151428125000026,EX-21,"https://www.sec.gov/Archives/edgar/data/1514281/000151428125000026/a12312024exhibit211.htm",Heuristic,true,7,0,false,
000182912625003553,EX-21,"https://www.sec.gov/Archives/edgar/data/1514443/000182912625003553/ameriguardsec/ex21-1.htm",Heuristic,true,2,0,false,
000151470525000004,EX-21,"https://www.sec.gov/Archives/edgar/data/1514705/000151470525000004/sxc-202410xkex211.htm",Heuristic,true,26,1,true,
000151499125000009,EX-21,"https://www.sec.gov/Archives/edgar/data/1514991/000151499125000009/amcx-12312024xex21.htm",Heuristic,true,9,0,false,
000151515625000014,EX-21,"https://www.sec.gov/Archives/edgar/data/1515156/000151515625000014/exhibit211-subsidiariesofa.htm",Heuristic,true,24,0,false,
000095017025023312,EX-21,"https://www.sec.gov/Archives/edgar/data/1515673/000095017025023312/rare-ex21/1.htm",Heuristic,true,15,0,false,
000117152025000056,EX-21,"https://www.sec.gov/Archives/edgar/data/1515816/000117152025000056/ex21-1.htm",Heuristic,true,87,0,false,
000151651325000056,EX-21,"https://www.sec.gov/Archives/edgar/data/1516513/000151651325000056/exhibit211-listofsubsidiar.htm",Heuristic,true,2,0,false,
000151655125000027,EX-21,"https://www.sec.gov/Archives/edgar/data/1516551/000151655125000027/skye-subsidiariesoftheregi.htm",Heuristic,true,5,0,false,
000151691225000064,EX-21,"https://www.sec.gov/Archives/edgar/data/1516912/000151691225000064/a12312024obnkex21subsidiar.htm",Heuristic,true,9,0,false,
000151717525000002,EX-21,"https://www.sec.gov/Archives/edgar/data/1517175/000151717525000002/subsidiariesofthecompany12.htm",Heuristic,true,37,0,false,
000151730225000015,EX-21,"https://www.sec.gov/Archives/edgar/data/1517302/000151730225000015/apam-ex211x2024x12x31.htm",Heuristic,true,31,0,false,
000151737525000022,EX-21,"https://www.sec.gov/Archives/edgar/data/1517375/000151737525000022/spt226202510-kex211sublist.htm",Heuristic,true,11,0,false,
000151871525000026,EX-21,"https://www.sec.gov/Archives/edgar/data/1518715/000151871525000026/hmst-ex21subsidiarylisting.htm",Heuristic,true,11,0,false,
000155837025001736,EX-21,"https://www.sec.gov/Archives/edgar/data/1519061/000155837025001736/tse-20241231xex21d1.htm",Heuristic,true,49,0,false,
000095017025024903,EX-21,"https://www.sec.gov/Archives/edgar/data/1519401/000095017025024903/rm-ex21/1.htm",Heuristic,true,28,0,false,
000164033425000556,EX-21,"https://www.sec.gov/Archives/edgar/data/1519472/000164033425000556/solarmax/ex211.htm",Heuristic,true,20,0,false,
000095017025026763,EX-21,"https://www.sec.gov/Archives/edgar/data/1519751/000095017025026763/fbin-ex21.htm",Heuristic,true,14,0,false,
000152000625000066,EX-21,"https://www.sec.gov/Archives/edgar/data/1520006/000152000625000066/a20241231mtdr10-kex211.htm",Heuristic,true,35,0,false,
000095017025019011,EX-21,"https://www.sec.gov/Archives/edgar/data/1520262/000095017025019011/alks-ex21/1.htm",Heuristic,true,10,0,false,
000095017025029095,EX-21,"https://www.sec.gov/Archives/edgar/data/1520697/000095017025029095/achc-ex21.htm",Heuristic,true,17,1,true,
000162828025007970,EX-21,"https://www.sec.gov/Archives/edgar/data/1521036/000162828025007970/ex211subsidiariesq42024.htm",Heuristic,true,23,0,false,
000152133225000010,EX-21,"https://www.sec.gov/Archives/edgar/data/1521332/000152133225000010/aptv2024ex211.htm",Heuristic,true,41,0,false,
000162828025008232,EX-21,"https://www.sec.gov/Archives/edgar/data/1522540/000162828025008232/exhibit211-202410xk.htm",Heuristic,true,8,0,false,
000152276725000014,EX-21,"https://www.sec.gov/Archives/edgar/data/1522767/000152276725000014/ex211subsidiariesoftheregi.htm",Heuristic,true,21,0,false,
000162828025014559,EX-21,"https://www.sec.gov/Archives/edgar/data/1522860/000162828025014559/afib-20241231x10kxex211.htm",Heuristic,true,1,0,false,
000162828025017352,EX-21,"https://www.sec.gov/Archives/edgar/data/1524025/000162828025017352/fy2024exhibit211.htm",Heuristic,true,1,1,true,
000152435825000044,EX-21,"https://www.sec.gov/Archives/edgar/data/1524358/000152435825000044/a2024ex211xsubsidiarieslis.htm",Heuristic,true,22,0,false,
000152447225000013,EX-21,"https://www.sec.gov/Archives/edgar/data/1524472/000152447225000013/xyl12312024ex21.htm",Heuristic,true,37,0,false,
000095017025030989,EX-21,"https://www.sec.gov/Archives/edgar/data/1524607/000095017025030989/mpw-ex21/1.htm",Heuristic,true,63,0,false,
000152522125000016,EX-21,"https://www.sec.gov/Archives/edgar/data/1525221/000152522125000016/exhibit211listofsubsidiari.htm",Heuristic,true,37,0,false,
000162828025016941,EX-21,"https://www.sec.gov/Archives/edgar/data/1525769/000162828025016941/a202410-kexhibit211.htm",Heuristic,true,49,2,true,
000152611325000007,EX-21,"https://www.sec.gov/Archives/edgar/data/1526113/000152611325000007/ex211subsidiarylisting1231.htm",Heuristic,true,46,0,false,
000095017025023736,EX-21,"https://www.sec.gov/Archives/edgar/data/1526520/000095017025023736/trip-ex21/1.htm",Heuristic,true,18,1,true,
000152716625000006,EX-21,"https://www.sec.gov/Archives/edgar/data/1527166/000152716625000006/cg2024123110-kex211.htm",Heuristic,true,39,0,false,
000152746925000016,EX-21,"https://www.sec.gov/Archives/edgar/data/1527469/000152746925000016/q42024exhibit211.htm",Heuristic,true,46,1,true,
000162828025009464,EX-21,"https://www.sec.gov/Archives/edgar/data/1527590/000162828025009464/ex21/1readycapitalcorporat.htm",Heuristic,true,29,0,false,
000095017025034820,EX-21,"https://www.sec.gov/Archives/edgar/data/1527599/000095017025034820/sybx-ex21/1.htm",Heuristic,true,2,0,false,
000164117225020300,EX-21,"https://www.sec.gov/Archives/edgar/data/1527613/000164117225020300/ex21-1.htm",Heuristic,true,7,0,false,
000173112225001316,EX-21,"https://www.sec.gov/Archives/edgar/data/1527728/000173112225001316/e6882/ex21-1.htm",Heuristic,true,7,0,false,
000095017025029221,EX-21,"https://www.sec.gov/Archives/edgar/data/1527753/000095017025029221/psnl-ex21/1.htm",Heuristic,true,1,0,false,
000152812925000045,EX-21,"https://www.sec.gov/Archives/edgar/data/1528129/000152812925000045/a4q24ex211.htm",Heuristic,true,1,0,false,
000121390025024009,EX-21,"https://www.sec.gov/Archives/edgar/data/1528356/000121390025024009/ex211/3.htm",Heuristic,true,15,1,true,
000152839625000221,EX-21,"https://www.sec.gov/Archives/edgar/data/1528396/000152839625000221/gwreex211-10kfy25.htm",Heuristic,true,21,1,true,
000155837025004329,EX-21,"https://www.sec.gov/Archives/edgar/data/1528849/000155837025004329/rh-20250201xex21d1.htm",Heuristic,true,35,0,false,
000095017025033568,EX-21,"https://www.sec.gov/Archives/edgar/data/1528985/000095017025033568/ireit-ex21/1.htm",Heuristic,true,36,0,false,
000121390025032213,EX-21,"https://www.sec.gov/Archives/edgar/data/1529113/000121390025032213/ea023530701ex21-1/xtiaero.htm",Heuristic,true,4,0,false,
000152927425000031,EX-21,"https://www.sec.gov/Archives/edgar/data/1529274/000152927425000031/exhibit211listofsubsidiari.htm",Heuristic,true,4,0,false,
000162828025005002,EX-21,"https://www.sec.gov/Archives/edgar/data/1529377/000162828025005002/acreq4-24exhibit211.htm",Heuristic,true,31,0,false,
000152962825000022,EX-21,"https://www.sec.gov/Archives/edgar/data/1529628/000152962825000022/a2024q410kex211.htm",Heuristic,true,21,0,false,
000095017025022244,EX-21,"https://www.sec.gov/Archives/edgar/data/1529864/000095017025022244/enva-ex21/1.htm",Heuristic,true,50,2,true,
000143774925008049,EX-21,"https://www.sec.gov/Archives/edgar/data/1530249/000143774925008049/ex/745653.htm",Heuristic,true,1,0,false,
000153072125000052,EX-21,"https://www.sec.gov/Archives/edgar/data/1530721/000153072125000052/cpri03292025ex211.htm",Heuristic,true,38,0,false,
000153080425000004,EX-21,"https://www.sec.gov/Archives/edgar/data/1530804/000153080425000004/ex211202410k.htm",Heuristic,true,19,0,false,
000153095025000260,EX-21,"https://www.sec.gov/Archives/edgar/data/1530950/000153095025000260/ex21-1xsubsidiariesofphi20.htm",Heuristic,true,41,0,false,
000155837025003114,EX-21,"https://www.sec.gov/Archives/edgar/data/1531031/000155837025003114/esq-20241231xex21.htm",Heuristic,true,1,0,false,
000155837025002386,EX-21,"https://www.sec.gov/Archives/edgar/data/1531978/000155837025002386/fna-20241231xex21d1.htm",Heuristic,true,7,0,false,
000153228625000008,EX-21,"https://www.sec.gov/Archives/edgar/data/1532286/000153228625000008/nine-20241231ye10kex211.htm",Heuristic,true,11,0,false,
000164117225001515,EX-21,"https://www.sec.gov/Archives/edgar/data/1532619/000164117225001515/ex21-1.htm",Heuristic,true,24,0,false,
000162828025007077,EX-21,"https://www.sec.gov/Archives/edgar/data/1532961/000162828025007077/nvee-20241228xex211.htm",Heuristic,true,16,0,false,
000155837025001938,EX-21,"https://www.sec.gov/Archives/edgar/data/1533615/000155837025001938/gmre-20241231xex21.htm",Heuristic,true,41,0,false,
000164117225000070,EX-21,"https://www.sec.gov/Archives/edgar/data/1533743/000164117225000070/ex21-1.htm",Heuristic,true,1,0,false,
000155837025002273,EX-21,"https://www.sec.gov/Archives/edgar/data/1533924/000155837025002273/ampy-20241231xex21d1.htm",Heuristic,true,9,0,false,
000162828025013986,EX-21,"https://www.sec.gov/Archives/edgar/data/1534120/000162828025013986/ex-2112024listofsubsidiari.htm",Heuristic,true,3,0,false,
000153450425000011,EX-21,"https://www.sec.gov/Archives/edgar/data/1534504/000153450425000011/a123124ex211-listofsubsidi.htm",Heuristic,true,46,0,false,
000168316825001686,EX-21,"https://www.sec.gov/Archives/edgar/data/1534525/000168316825001686/xenetic/ex2101.htm",Heuristic,true,5,0,false,
000149315225008697,EX-21,"https://www.sec.gov/Archives/edgar/data/1534675/000149315225008697/ex21.htm",Heuristic,true,24,0,false,
000153470125000074,EX-21,"https://www.sec.gov/Archives/edgar/data/1534701/000153470125000074/psx-2024/12x31xex21.htm",Heuristic,true,40,0,false,
000153552725000009,EX-21,"https://www.sec.gov/Archives/edgar/data/1535527/000153552725000009/crwd-20250131xexx211.htm",Heuristic,true,9,0,false,
000153592925000017,EX-21,"https://www.sec.gov/Archives/edgar/data/1535929/000153592925000017/a2024q4voyaex211listofsubs.htm",Heuristic,true,24,0,false,
000095017025039384,EX-21,"https://www.sec.gov/Archives/edgar/data/1537054/000095017025039384/gogo-ex21/1.htm",Heuristic,true,8,0,false,
000153826325000040,EX-21,"https://www.sec.gov/Archives/edgar/data/1538263/000153826325000040/htbi-2024x12x31x10kxex21.htm",Heuristic,true,2,0,false,
000162828025008240,EX-21,"https://www.sec.gov/Archives/edgar/data/1538379/000162828025008240/exhibit211-listofsubsidiar.htm",Heuristic,true,1,0,false,
000153871625000013,EX-21,"https://www.sec.gov/Archives/edgar/data/1538716/000153871625000013/exhibit/211.htm",Heuristic,true,30,0,false,
000095017025028082,EX-21,"https://www.sec.gov/Archives/edgar/data/1538849/000095017025028082/capl-ex21/1.htm",Heuristic,true,55,0,false,
000095017025033855,EX-21,"https://www.sec.gov/Archives/edgar/data/1538990/000095017025033855/ck0001538990-ex21.htm",Heuristic,true,51,1,true,
000162828025004879,EX-21,"https://www.sec.gov/Archives/edgar/data/1539638/000162828025004879/tfin-ex211subsidiaries2024.htm",Heuristic,true,2,0,false,
000153983825000021,EX-21,"https://www.sec.gov/Archives/edgar/data/1539838/000153983825000021/diamondback202410-kxex211.htm",Heuristic,true,6,0,false,
000164117225005354,EX-21,"https://www.sec.gov/Archives/edgar/data/1539850/000164117225005354/ex21-1.htm",Heuristic,true,5,0,false,
000110465925120879,EX-21,"https://www.sec.gov/Archives/edgar/data/1540013/000110465925120879/qipt-20250930xex21.htm",Heuristic,true,45,0,false,
000149315225010384,EX-21,"https://www.sec.gov/Archives/edgar/data/1540684/000149315225010384/ex21-1.htm",Heuristic,true,11,0,false,
000095017025054278,EX-21,"https://www.sec.gov/Archives/edgar/data/1541157/000095017025054278/aktx-ex21/1.htm",Heuristic,true,8,0,false,
000141626525000006,EX-21,"https://www.sec.gov/Archives/edgar/data/1542574/000141626525000006/exhibit211-pmisubsidiaries.htm",Heuristic,true,6,0,false,
000155837025000964,EX-21,"https://www.sec.gov/Archives/edgar/data/1543418/000155837025000964/tmq-20241130xex21d1.htm",Heuristic,true,3,0,false,
000149315225010927,EX-21,"https://www.sec.gov/Archives/edgar/data/1544190/000149315225010927/ex21-1.htm",Heuristic,true,2,0,false,
000154420625000011,EX-21,"https://www.sec.gov/Archives/edgar/data/1544206/000154420625000011/csli/20241231xxex211listof.htm",Heuristic,true,4,0,false,
000154452225000010,EX-21,"https://www.sec.gov/Archives/edgar/data/1544522/000154452225000010/ex211-listofsubsidiariesfy.htm",Heuristic,true,10,0,false,
000154565425000005,EX-21,"https://www.sec.gov/Archives/edgar/data/1545654/000154565425000005/a2024ex211subsidiarieslist.htm",Heuristic,true,42,1,true,
000143774925010108,EX-21,"https://www.sec.gov/Archives/edgar/data/1546296/000143774925010108/ex/752402.htm",Heuristic,true,3,0,false,
000154641725000034,EX-21,"https://www.sec.gov/Archives/edgar/data/1546417/000154641725000034/blmn-122924/ex211.htm",Heuristic,true,54,0,false,
000162828025013886,EX-21,"https://www.sec.gov/Archives/edgar/data/1547546/000162828025013886/lft10-k20241231/ex21x1.htm",Heuristic,true,15,0,false,
000154934625000011,EX-21,"https://www.sec.gov/Archives/edgar/data/1549346/000154934625000011/a10-k/2024xq4exhibit211.htm",Heuristic,true,43,2,true,
000095017025034713,EX-21,"https://www.sec.gov/Archives/edgar/data/1549966/000095017025034713/samg-ex21/1.htm",Heuristic,true,9,0,false,
000143774925009799,EX-21,"https://www.sec.gov/Archives/edgar/data/1550453/000143774925009799/ex/730003.htm",Heuristic,true,17,1,true,
000155069525000008,EX-21,"https://www.sec.gov/Archives/edgar/data/1550695/000155069525000008/ex21subsidiaries10k2024.htm",Heuristic,true,3,0,false,
000114036125036540,EX-21,"https://www.sec.gov/Archives/edgar/data/1550913/000114036125036540/ef20050374/ex21-1.htm",Heuristic,true,28,0,false,
000155118225000006,EX-21,"https://www.sec.gov/Archives/edgar/data/1551182/000155118225000006/etn12312024ex21.htm",Heuristic,true,42,0,false,
000155200025000012,EX-21,"https://www.sec.gov/Archives/edgar/data/1552000/000155200025000012/mplx-20241231xex211.htm",Heuristic,true,37,0,false,
000155203325000015,EX-21,"https://www.sec.gov/Archives/edgar/data/1552033/000155203325000015/exhibit21subsidiarieslist2.htm",Heuristic,true,41,0,false,
000155837025002455,EX-21,"https://www.sec.gov/Archives/edgar/data/1552198/000155837025002455/whf-20241231xex21d1.htm",Heuristic,true,6,1,true,
000155279725000019,EX-21,"https://www.sec.gov/Archives/edgar/data/1552797/000155279725000019/dkl-ex211xdklxlistofsubsid.htm",Heuristic,true,37,0,false,
000155837025002459,EX-21,"https://www.sec.gov/Archives/edgar/data/1555279/000155837025002459/mass-20241231xex21d1.htm",Heuristic,true,4,0,false,
000155528025000102,EX-21,"https://www.sec.gov/Archives/edgar/data/1555280/000155528025000102/ex211-20241231.htm",Heuristic,true,48,0,false,
000155659325000007,EX-21,"https://www.sec.gov/Archives/edgar/data/1556593/000155659325000007/ritm-20241231exhibit211.htm",Heuristic,true,36,0,false,
000143774925007492,EX-21,"https://www.sec.gov/Archives/edgar/data/1556727/000143774925007492/ex/760721.htm",Heuristic,true,1,0,false,
000155673925000015,EX-21,"https://www.sec.gov/Archives/edgar/data/1556739/000155673925000015/exhibit211-2024q410xk.htm",Heuristic,true,16,0,false,
000155905325000009,EX-21,"https://www.sec.gov/Archives/edgar/data/1559053/000155905325000009/prta2024xex211listofsubsid.htm",Heuristic,true,6,0,false,
000155943225000035,EX-21,"https://www.sec.gov/Archives/edgar/data/1559432/000155943225000035/txo-exhibit2112024.htm",Heuristic,true,2,0,false,
000155972025000010,EX-21,"https://www.sec.gov/Archives/edgar/data/1559720/000155972025000010/exh211-listofsubsidiaries/.htm",Heuristic,true,7,0,false,
000155986525000007,EX-21,"https://www.sec.gov/Archives/edgar/data/1559865/000155986525000007/ex21112312024.htm",Heuristic,true,39,0,false,
000121390025023259,EX-21,"https://www.sec.gov/Archives/edgar/data/1560258/000121390025023259/ex211/3.htm",Heuristic,true,2,1,true,
000118518525000246,EX-21,"https://www.sec.gov/Archives/edgar/data/1560452/000118518525000246/trccex21-1.htm",Heuristic,true,3,0,false,
000156067225000033,EX-21,"https://www.sec.gov/Archives/edgar/data/1560672/000156067225000033/earn20241231exhibit211.htm",Heuristic,true,9,0,false,
000156067225000074,EX-21,"https://www.sec.gov/Archives/edgar/data/1560672/000156067225000074/earn20250331exhibit211.htm",Heuristic,true,9,0,false,
000156103225000006,EX-21,"https://www.sec.gov/Archives/edgar/data/1561032/000156103225000006/ex21112312024.htm",Heuristic,true,44,0,false,
000156155025000025,EX-21,"https://www.sec.gov/Archives/edgar/data/1561550/000156155025000025/ddog-20241231xex211.htm",Heuristic,true,5,0,false,
000156168025000029,EX-21,"https://www.sec.gov/Archives/edgar/data/1561680/000156168025000029/tph10k2024ex211.htm",Heuristic,true,30,0,false,
000156189425000007,EX-21,"https://www.sec.gov/Archives/edgar/data/1561894/000156189425000007/hasi12312024ex-211.htm",Heuristic,true,53,0,false,
000155837025003460,EX-21,"https://www.sec.gov/Archives/edgar/data/1561921/000155837025003460/tela-20241231xex21d1.htm",Heuristic,true,2,0,false,
000156208825000042,EX-21,"https://www.sec.gov/Archives/edgar/data/1562088/000156208825000042/duolingo-2024q410kex211.htm",Heuristic,true,4,0,false,
000156246325000022,EX-21,"https://www.sec.gov/Archives/edgar/data/1562463/000156246325000022/inbk-4q2024ex211.htm",Heuristic,true,3,0,false,
000162828025006416,EX-21,"https://www.sec.gov/Archives/edgar/data/1562476/000162828025006416/tmhc-20241231xexx211.htm",Heuristic,true,42,0,false,
000156252825000013,EX-21,"https://www.sec.gov/Archives/edgar/data/1562528/000156252825000013/fbrt-exhibit21/12312024.htm",Heuristic,true,40,0,false,
000156319025000050,EX-21,"https://www.sec.gov/Archives/edgar/data/1563190/000156319025000050/comp-20241231xex211.htm",Heuristic,true,7,0,false,
000143774925012095,EX-21,"https://www.sec.gov/Archives/edgar/data/1563568/000143774925012095/ex/726915.htm",Heuristic,true,14,0,false,
000095017025047798,EX-21,"https://www.sec.gov/Archives/edgar/data/1563577/000095017025047798/grtx-ex21/1.htm",Heuristic,true,2,0,false,
000118518525000225,EX-21,"https://www.sec.gov/Archives/edgar/data/1563756/000118518525000225/lvpr3ex21-1.htm",Heuristic,true,27,0,false,
000156392225000004,EX-21,"https://www.sec.gov/Archives/edgar/data/1563922/000156392225000004/grec-20241231xex211.htm",Heuristic,true,48,0,false,
000156470825000419,EX-21,"https://www.sec.gov/Archives/edgar/data/1564708/000156470825000419/ex-211xfy25listofsubsidiar.htm",Heuristic,true,38,0,false,
000164117225008150,EX-21,"https://www.sec.gov/Archives/edgar/data/1565228/000164117225008150/ex21-1.htm",Heuristic,true,4,0,false,
000156601125000004,EX-21,"https://www.sec.gov/Archives/edgar/data/1566011/000156601125000004/a123124ex211-listofsubsidi.htm",Heuristic,true,24,0,false,
000162828025009007,EX-21,"https://www.sec.gov/Archives/edgar/data/1567094/000162828025009007/cnhi-exhibit212024.htm",Heuristic,true,20,0,false,
000156768325000007,EX-21,"https://www.sec.gov/Archives/edgar/data/1567683/000156768325000007/clearwayincex21110-k2024q4.htm",Heuristic,true,42,0,false,
000156789225000010,EX-21,"https://www.sec.gov/Archives/edgar/data/1567892/000156789225000010/mnkexhibit211122924.htm",Heuristic,true,50,0,false,
000156792525000010,EX-21,"https://www.sec.gov/Archives/edgar/data/1567925/000156792525000010/ex211202410-k.htm",Heuristic,true,37,0,false,
000156810025000023,EX-21,"https://www.sec.gov/Archives/edgar/data/1568100/000156810025000023/pagerdutyq4fy25-ex211xsubs.htm",Heuristic,true,7,0,false,
000156865125000008,EX-21,"https://www.sec.gov/Archives/edgar/data/1568651/000156865125000008/a211listofsubsidiariesofos.htm",Heuristic,true,17,0,false,
000156918725000016,EX-21,"https://www.sec.gov/Archives/edgar/data/1569187/000156918725000016/ex211-ahhx12312024.htm",Heuristic,true,43,0,false,
000156934525000019,EX-21,"https://www.sec.gov/Archives/edgar/data/1569345/000156934525000019/exhibit211-listofsubsidiar.htm",Heuristic,true,20,0,false,
000143774925005687,EX-21,"https://www.sec.gov/Archives/edgar/data/1569994/000143774925005687/ex/750976.htm",Heuristic,true,4,1,true,
000157056225000020,EX-21,"https://www.sec.gov/Archives/edgar/data/1570562/000157056225000020/exhibit21112312410k.htm",Heuristic,true,7,0,false,
000157058525000021,EX-21,"https://www.sec.gov/Archives/edgar/data/1570585/000157058525000021/ex21subsidiaries123124.htm",Heuristic,true,37,0,false,
000095017025029770,EX-21,"https://www.sec.gov/Archives/edgar/data/1570827/000095017025029770/vctr-ex21/1.htm",Heuristic,true,6,0,false,
000157112325000022,EX-21,"https://www.sec.gov/Archives/edgar/data/1571123/000157112325000022/saic0131202510kexhibit21.htm",Heuristic,true,10,0,false,
000157128325000006,EX-21,"https://www.sec.gov/Archives/edgar/data/1571283/000157128325000006/rexr-q42024ex211.htm",Heuristic,true,2,0,false,
000114036125007454,EX-21,"https://www.sec.gov/Archives/edgar/data/1571776/000114036125007454/ef20038943/ex21-1.htm",Heuristic,true,9,0,false,
000157194925000003,EX-21,"https://www.sec.gov/Archives/edgar/data/1571949/000157194925000003/ice20241231ex211.htm",Heuristic,true,32,0,false,
000157199625000034,EX-21,"https://www.sec.gov/Archives/edgar/data/1571996/000157199625000034/exhibit211fy2510-k.htm",Heuristic,true,40,0,false,
000157351625000010,EX-21,"https://www.sec.gov/Archives/edgar/data/1573516/000157351625000010/exh212024listofsubsidiarie.htm",Heuristic,true,12,0,false,
000157419725000006,EX-21,"https://www.sec.gov/Archives/edgar/data/1574197/000157419725000006/ex-211xfphx123124x10k.htm",Heuristic,true,21,0,false,
000149315225011084,EX-21,"https://www.sec.gov/Archives/edgar/data/1574235/000149315225011084/ex21-1.htm",Heuristic,true,1,0,false,
000157551525000011,EX-21,"https://www.sec.gov/Archives/edgar/data/1575515/000157551525000011/sfm-20241229xex211.htm",Heuristic,true,12,0,false,
000143774925005059,EX-21,"https://www.sec.gov/Archives/edgar/data/1575828/000143774925005059/ex/708086.htm",Heuristic,true,19,0,false,
000157596525000008,EX-21,"https://www.sec.gov/Archives/edgar/data/1575965/000157596525000008/glpi-20241231exhibit21.htm",Heuristic,true,9,0,false,
000157601825000010,EX-21,"https://www.sec.gov/Archives/edgar/data/1576018/000157601825000010/exhibit211listofsubsidiari.htm",Heuristic,true,35,0,false,
000157628025000044,EX-21,"https://www.sec.gov/Archives/edgar/data/1576280/000157628025000044/exhibit211123124.htm",Heuristic,true,12,0,false,
000157642725000031,EX-21,"https://www.sec.gov/Archives/edgar/data/1576427/000157642725000031/exhibit211subsidiariesfy20.htm",Heuristic,true,31,0,false,
000157694025000006,EX-21,"https://www.sec.gov/Archives/edgar/data/1576940/000157694025000006/ccs-20241231xex21/1.htm",Heuristic,true,34,1,true,
000162828025042782,EX-21,"https://www.sec.gov/Archives/edgar/data/1576942/000162828025042782/q425-ex211.htm",Heuristic,true,1,0,false,
000162828025032604,EX-21,"https://www.sec.gov/Archives/edgar/data/1577526/000162828025032604/fy25exhibit211.htm",Heuristic,true,13,0,false,
000157767025000010,EX-21,"https://www.sec.gov/Archives/edgar/data/1577670/000157767025000010/ladr12312024ex-211.htm",Heuristic,true,38,0,false,
000157791625000011,EX-21,"https://www.sec.gov/Archives/edgar/data/1577916/000157791625000011/ex21-pincxfy25x0630.htm",Heuristic,true,31,0,false,
000157873225000015,EX-21,"https://www.sec.gov/Archives/edgar/data/1578732/000157873225000015/mmi-12312024xexx211listofs.htm",Heuristic,true,15,0,false,
000157909125000015,EX-21,"https://www.sec.gov/Archives/edgar/data/1579091/000157909125000015/q4-2024exhibit211.htm",Heuristic,true,1,0,false,
000095017025039386,EX-21,"https://www.sec.gov/Archives/edgar/data/1579214/000095017025039386/eex-ex21/1.htm",Heuristic,true,3,0,false,
000157924125000008,EX-21,"https://www.sec.gov/Archives/edgar/data/1579241/000157924125000008/exhibit211-subsidiarieslis.htm",Heuristic,true,42,0,false,
000095017025040472,EX-21,"https://www.sec.gov/Archives/edgar/data/1579298/000095017025040472/burl-ex21/1.htm",Heuristic,true,21,0,false,
000095017025022457,EX-21,"https://www.sec.gov/Archives/edgar/data/1579428/000095017025022457/axsm-ex21/1.htm",Heuristic,true,6,0,false,
000157968425000007,EX-21,"https://www.sec.gov/Archives/edgar/data/1579684/000157968425000007/gci-20241231xex21x1.htm",Heuristic,true,42,0,false,
000095017025028365,EX-21,"https://www.sec.gov/Archives/edgar/data/1579733/000095017025028365/vitl-ex21/1.htm",Heuristic,true,1,0,false,
000157987725000034,EX-21,"https://www.sec.gov/Archives/edgar/data/1579877/000157987725000034/exhibit21-subsidiariesofre.htm",Heuristic,true,35,0,false,
000158034525000005,EX-21,"https://www.sec.gov/Archives/edgar/data/1580345/000158034525000005/tpvg123124ex-211.htm",Heuristic,true,2,0,false,
000095017025027078,EX-21,"https://www.sec.gov/Archives/edgar/data/1580560/000095017025027078/flyw-ex21/1.htm",Heuristic,true,32,0,false,
000095017025037265,EX-21,"https://www.sec.gov/Archives/edgar/data/1580864/000095017025037265/vrm-ex21/1.htm",Heuristic,true,15,0,false,
000158090525000010,EX-21,"https://www.sec.gov/Archives/edgar/data/1580905/000158090525000010/ibp-20241231xex211xsignifi.htm",Heuristic,true,43,0,false,
000158106825000009,EX-21,"https://www.sec.gov/Archives/edgar/data/1581068/000158106825000009/brx-20241231ex211.htm",Heuristic,true,52,0,false,
000155837025001224,EX-21,"https://www.sec.gov/Archives/edgar/data/1581091/000155837025001224/rmax-20241231xex21d1.htm",Heuristic,true,18,0,false,
000158199025000006,EX-21,"https://www.sec.gov/Archives/edgar/data/1581990/000158199025000006/pagp202410-kexhibit211.htm",Heuristic,true,45,1,true,
000164117225004882,EX-21,"https://www.sec.gov/Archives/edgar/data/1582554/000164117225004882/ex21-1.htm",Heuristic,true,2,0,false,
000158296125000035,EX-21,"https://www.sec.gov/Archives/edgar/data/1582961/000158296125000035/exhibit211-2024xq4.htm",Heuristic,true,15,0,false,
000158370825000051,EX-21,"https://www.sec.gov/Archives/edgar/data/1583708/000158370825000051/exhibit211.htm",Heuristic,true,21,0,false,
000164117225003250,EX-21,"https://www.sec.gov/Archives/edgar/data/1583771/000164117225003250/ex21-1.htm",Heuristic,true,2,0,false,
000158420725000006,EX-21,"https://www.sec.gov/Archives/edgar/data/1584207/000158420725000006/exhibit211q424.htm",Heuristic,true,45,0,false,
000158450925000219,EX-21,"https://www.sec.gov/Archives/edgar/data/1584509/000158450925000219/ex2112025armkxlistofsubsid.htm",Heuristic,true,41,0,false,
000095017025038326,EX-21,"https://www.sec.gov/Archives/edgar/data/1584549/000095017025038326/vff-ex21/1.htm",Heuristic,true,16,5,true,
000158510125000017,EX-21,"https://www.sec.gov/Archives/edgar/data/1585101/000158510125000017/hgitex211listofsubsidiarie.htm",Heuristic,true,40,0,false,
000158536425000014,EX-21,"https://www.sec.gov/Archives/edgar/data/1585364/000158536425000014/cy24q410kex21.htm",Heuristic,true,45,0,false,
000095017025037896,EX-21,"https://www.sec.gov/Archives/edgar/data/1585389/000095017025037896/ck0001585389-ex21/1.htm",Heuristic,true,1,0,false,
000158552125000042,EX-21,"https://www.sec.gov/Archives/edgar/data/1585521/000158552125000042/listofsubsidiaries/2025.htm",Heuristic,true,22,0,false,
000095017025047184,EX-21,"https://www.sec.gov/Archives/edgar/data/1585608/000095017025047184/jagx-ex21/1.htm",Heuristic,true,2,0,false,
000158568925000008,EX-21,"https://www.sec.gov/Archives/edgar/data/1585689/000158568925000008/exhibit211-subsidiarylistx.htm",Heuristic,true,44,4,true,
000158798725000050,EX-21,"https://www.sec.gov/Archives/edgar/data/1587987/000158798725000050/newt-123124exh211listofsubs.htm",Heuristic,true,24,0,false,
000119312525068851,EX-21,"https://www.sec.gov/Archives/edgar/data/1588272/000119312525068851/d925428dex211.htm",Heuristic,true,2,0,false,
000158897825000007,EX-21,"https://www.sec.gov/Archives/edgar/data/1588978/000158897825000007/exhibit211-listofsubsidiar.htm",Heuristic,true,3,0,false,
000164117225004803,EX-21,"https://www.sec.gov/Archives/edgar/data/1589149/000164117225004803/ex21-1.htm",Heuristic,true,5,0,false,
000159036425000006,EX-21,"https://www.sec.gov/Archives/edgar/data/1590364/000159036425000006/ftaiaviation12312024ex211.htm",Heuristic,true,47,0,false,
000155837025001699,EX-21,"https://www.sec.gov/Archives/edgar/data/1590560/000155837025001699/qure-20241231xex21d1.htm",Heuristic,true,5,1,true,
000159058425000037,EX-21,"https://www.sec.gov/Archives/edgar/data/1590584/000159058425000037/a211significantsubsidiarie.htm",Heuristic,true,8,0,false,
000159071425000022,EX-21,"https://www.sec.gov/Archives/edgar/data/1590714/000159071425000022/esi10-k20241231ex211.htm",Heuristic,true,36,0,false,
000159075025000004,EX-21,"https://www.sec.gov/Archives/edgar/data/1590750/000159075025000004/fy2024ex211subsidiaries.htm",Heuristic,true,3,0,false,
000095017025038770,EX-21,"https://www.sec.gov/Archives/edgar/data/1590877/000095017025038770/rgnx-ex21/1.htm",Heuristic,true,1,0,false,
000159089525000068,EX-21,"https://www.sec.gov/Archives/edgar/data/1590895/000159089525000068/exhibit211-ceisubsidiaryli.htm",Heuristic,true,45,0,false,
000095017025024136,EX-21,"https://www.sec.gov/Archives/edgar/data/1590955/000095017025024136/payc-ex21/1.htm",Heuristic,true,11,0,false,
000159097625000080,EX-21,"https://www.sec.gov/Archives/edgar/data/1590976/000159097625000080/fy2025-exhibit211.htm",Heuristic,true,10,0,false,
000119312525200462,EX-21,"https://www.sec.gov/Archives/edgar/data/1591588/000119312525200462/amrk-ex21.htm",Heuristic,true,42,0,false,
000155837025001214,EX-21,"https://www.sec.gov/Archives/edgar/data/1591670/000155837025001214/fpi-20241231xex21d1.htm",Heuristic,true,45,0,false,
000162828025015457,EX-21,"https://www.sec.gov/Archives/edgar/data/1591956/000162828025015457/exhibit211subsidiaries2024.htm",Heuristic,true,4,0,false,
000159238625000055,EX-21,"https://www.sec.gov/Archives/edgar/data/1592386/000159238625000055/exhibit211q424.htm",Heuristic,true,6,0,false,
000095017025029207,EX-21,"https://www.sec.gov/Archives/edgar/data/1593538/000095017025029207/navi-ex21/1.htm",Heuristic,true,5,0,false,
000095017025034808,EX-21,"https://www.sec.gov/Archives/edgar/data/1593899/000095017025034808/avir-ex21/1.htm",Heuristic,true,1,0,false,
000159480525000012,EX-21,"https://www.sec.gov/Archives/edgar/data/1594805/000159480525000012/exhibit211subsidiaries.htm",Heuristic,true,6,0,false,
000095017025037335,EX-21,"https://www.sec.gov/Archives/edgar/data/1595097/000095017025037335/crbp-ex21/1.htm",Heuristic,true,3,0,false,
000143774925010311,EX-21,"https://www.sec.gov/Archives/edgar/data/1595248/000143774925010311/ex/788395.htm",Heuristic,true,1,0,false,
000162828025013880,EX-21,"https://www.sec.gov/Archives/edgar/data/1595527/000162828025013880/ex211subsidiarylist123124.htm",Heuristic,true,10,0,false,
000159653225000028,EX-21,"https://www.sec.gov/Archives/edgar/data/1596532/000159653225000028/ex211listofsubsidiariesq42.htm",Heuristic,true,4,0,false,
000159696125000024,EX-21,"https://www.sec.gov/Archives/edgar/data/1596961/000159696125000024/a2024-10kxex21subsidiaries.htm",Heuristic,true,12,0,false,
000095017025029070,EX-21,"https://www.sec.gov/Archives/edgar/data/1596967/000095017025029070/mc-ex21/1.htm",Heuristic,true,20,0,false,
000159699325000034,EX-21,"https://www.sec.gov/Archives/edgar/data/1596993/000159699325000034/lpg-20250331xex21d1.htm",Heuristic,true,34,0,false,
000155837025000953,EX-21,"https://www.sec.gov/Archives/edgar/data/1597264/000155837025000953/bpmc-20241231xex21d1.htm",Heuristic,true,8,0,false,
000095017025017909,EX-21,"https://www.sec.gov/Archives/edgar/data/1597553/000095017025017909/sage-ex21/1.htm",Heuristic,true,6,0,false,
000159767225000008,EX-21,"https://www.sec.gov/Archives/edgar/data/1597672/000159767225000008/ex21202410-k.htm",Heuristic,true,12,0,false,
000095017025029085,EX-21,"https://www.sec.gov/Archives/edgar/data/1598428/000095017025029085/mtus-ex21/1.htm",Heuristic,true,7,0,false,
000164117225000290,EX-21,"https://www.sec.gov/Archives/edgar/data/1598981/000164117225000290/ex21-1.htm",Heuristic,true,4,0,false,
000164117225001620,EX-21,"https://www.sec.gov/Archives/edgar/data/1599117/000164117225001620/ex21-1.htm",Heuristic,true,4,0,false,
000159929825000048,EX-21,"https://www.sec.gov/Archives/edgar/data/1599298/000159929825000048/sum-ex211/20241231xxsubsid.htm",Heuristic,true,8,0,false,
000095017025021784,EX-21,"https://www.sec.gov/Archives/edgar/data/1599617/000095017025021784/dnow-ex21/1.htm",Heuristic,true,34,0,false,
000119312525289786,EX-21,"https://www.sec.gov/Archives/edgar/data/1600222/000119312525289786/pxed-ex21/1.htm",Heuristic,true,2,0,false,
000164117225002758,EX-21,"https://www.sec.gov/Archives/edgar/data/1600347/000164117225002758/ex21-1.htm",Heuristic,true,11,0,false,
000162828025032103,EX-21,"https://www.sec.gov/Archives/edgar/data/1600438/000162828025032103/gms-20250430xex211.htm",Heuristic,true,40,2,true,
000160062025000011,EX-21,"https://www.sec.gov/Archives/edgar/data/1600620/000160062025000011/exhibit211listofsubsidiari.htm",Heuristic,true,2,0,false,
000160062625000017,EX-21,"https://www.sec.gov/Archives/edgar/data/1600626/000160062625000017/pkst-subsidiarylistasof123.htm",Heuristic,true,27,0,false,
000160064125000011,EX-21,"https://www.sec.gov/Archives/edgar/data/1600641/000160064125000011/ex211subsidiariesof1stdibs.htm",Heuristic,true,2,0,false,
000160104625000127,EX-21,"https://www.sec.gov/Archives/edgar/data/1601046/000160104625000127/keys-10312025xexx211.htm",Heuristic,true,7,0,false,
000160148525000049,EX-21,"https://www.sec.gov/Archives/edgar/data/1601485/000160148525000049/exhibit2112024.htm",Heuristic,true,3,0,false,
000160154825000009,EX-21,"https://www.sec.gov/Archives/edgar/data/1601548/000160154825000009/exhibit21-subsidiaries1231.htm",Heuristic,true,38,0,false,
000160171225000044,EX-21,"https://www.sec.gov/Archives/edgar/data/1601712/000160171225000044/ex-2112312024.htm",Heuristic,true,21,0,false,
000160183025000035,EX-21,"https://www.sec.gov/Archives/edgar/data/1601830/000160183025000035/exhibit211-subsidiarylist.htm",Heuristic,true,19,0,false,
000160206525000010,EX-21,"https://www.sec.gov/Archives/edgar/data/1602065/000160206525000010/viper202410-kxex211.htm",Heuristic,true,2,0,false,
000152013825000162,EX-21,"https://www.sec.gov/Archives/edgar/data/1602409/000152013825000162/fngr-20250228/10kex21z1.htm",Heuristic,true,10,0,false,
000143774925007226,EX-21,"https://www.sec.gov/Archives/edgar/data/1602658/000143774925007226/ex/784852.htm",Heuristic,true,8,0,false,
000160314525000006,EX-21,"https://www.sec.gov/Archives/edgar/data/1603145/000160314525000006/xplr-q42024xex21.htm",Heuristic,true,2,0,false,
000095017025047910,EX-21,"https://www.sec.gov/Archives/edgar/data/1603480/000095017025047910/ck0001603480-ex21/1.htm",Heuristic,true,3,0,false,
000095017025039411,EX-21,"https://www.sec.gov/Archives/edgar/data/1603652/000095017025039411/uly-ex21/1.htm",Heuristic,true,9,0,false,
000160392325000050,EX-21,"https://www.sec.gov/Archives/edgar/data/1603923/000160392325000050/ex211-sigsubswft123124.htm",Heuristic,true,3,0,false,
000160397825000014,EX-21,"https://www.sec.gov/Archives/edgar/data/1603978/000160397825000014/aqb-20241231xex21/1.htm",Heuristic,true,6,0,false,
000160402825000012,EX-21,"https://www.sec.gov/Archives/edgar/data/1604028/000160402825000012/wms-20250331xex211.htm",Heuristic,true,31,0,false,
000119312525292412,EX-21,"https://www.sec.gov/Archives/edgar/data/16040/000119312525292412/cbt-ex21.htm",Heuristic,true,32,1,true,
000095017025035507,EX-21,"https://www.sec.gov/Archives/edgar/data/1604464/000095017025035507/atra-ex21/1.htm",Heuristic,true,2,0,false,
000160466525000011,EX-21,"https://www.sec.gov/Archives/edgar/data/1604665/000160466525000011/ex21112312410k.htm",Heuristic,true,2,0,false,
000160477825000041,EX-21,"https://www.sec.gov/Archives/edgar/data/1604778/000160477825000041/exhibit2120250329.htm",Heuristic,true,46,0,false,
000162828025012661,EX-21,"https://www.sec.gov/Archives/edgar/data/1604868/000162828025012661/grwg-20241231x10kexx211.htm",Heuristic,true,4,0,false,
000164117225000893,EX-21,"https://www.sec.gov/Archives/edgar/data/1605481/000164117225000893/ex21-1.htm",Heuristic,true,2,0,false,
000095017025029096,EX-21,"https://www.sec.gov/Archives/edgar/data/1605607/000095017025029096/pgre-ex21/1.htm",Heuristic,true,54,0,false,
000162828025011745,EX-21,"https://www.sec.gov/Archives/edgar/data/1606163/000162828025011745/ex-211listofsubsidiaries12.htm",Heuristic,true,13,0,false,
000160626825000006,EX-21,"https://www.sec.gov/Archives/edgar/data/1606268/000160626825000006/a211listofsubsidiariesofsp.htm",Heuristic,true,32,0,false,
000160649825000024,EX-21,"https://www.sec.gov/Archives/edgar/data/1606498/000160649825000024/avns2024form10kex21.htm",Heuristic,true,31,0,false,
000160690925000097,EX-21,"https://www.sec.gov/Archives/edgar/data/1606909/000160690925000097/subsidiarylist.htm",Heuristic,true,47,0,false,
000160793925000011,EX-21,"https://www.sec.gov/Archives/edgar/data/1607939/000160793925000011/exhibit211listofsubsidiari.htm",Heuristic,true,11,0,false,
000095017025047820,EX-21,"https://www.sec.gov/Archives/edgar/data/1609065/000095017025047820/pbhc-ex21.htm",Heuristic,true,4,0,false,
000160925325000027,EX-21,"https://www.sec.gov/Archives/edgar/data/1609253/000160925325000027/a2024yeex21listofsubsidiar.htm",Heuristic,true,9,0,false,
000160971125000023,EX-21,"https://www.sec.gov/Archives/edgar/data/1609711/000160971125000023/a2024xex211xsubsidiaries.htm",Heuristic,true,42,0,false,
000119312525061022,EX-21,"https://www.sec.gov/Archives/edgar/data/16099/000119312525061022/d887675dex21.htm",Heuristic,true,1,0,false,
000155837025007889,EX-21,"https://www.sec.gov/Archives/edgar/data/1610250/000155837025007889/boot-20250329xex21d1.htm",Heuristic,true,5,1,true,
000155837025003619,EX-21,"https://www.sec.gov/Archives/edgar/data/1610853/000155837025003619/hsdt-20241231xex21d1.htm",Heuristic,true,3,0,false,
000162828025008121,EX-21,"https://www.sec.gov/Archives/edgar/data/1611052/000162828025008121/pcor-fy24x10xkxexx211.htm",Heuristic,true,24,1,true,
000161164725000007,EX-21,"https://www.sec.gov/Archives/edgar/data/1611647/000161164725000007/frpt-20241231xexx211.htm",Heuristic,true,3,1,true,
000162828025008841,EX-21,"https://www.sec.gov/Archives/edgar/data/1612720/000162828025008841/ex211-4q24.htm",Heuristic,true,9,0,false,
000161310325000091,EX-21,"https://www.sec.gov/Archives/edgar/data/1613103/000161310325000091/mdt-202510kxex21.htm",Heuristic,true,39,0,false,
000161417825000030,EX-21,"https://www.sec.gov/Archives/edgar/data/1614178/000161417825000030/fy2510-klistofyextsubsex211.htm",Heuristic,true,18,0,false,
000161480625000009,EX-21,"https://www.sec.gov/Archives/edgar/data/1614806/000161480625000009/exhibit211-123124.htm",Heuristic,true,4,0,false,
000164117225000737,EX-21,"https://www.sec.gov/Archives/edgar/data/1615063/000164117225000737/ex21-1.htm",Heuristic,true,28,0,false,
000095017025048602,EX-21,"https://www.sec.gov/Archives/edgar/data/1615165/000095017025048602/veri-ex21/1.htm",Heuristic,true,15,0,false,
000161600025000022,EX-21,"https://www.sec.gov/Archives/edgar/data/1616000/000161600025000022/xeniadecember31202410kex211.htm",Heuristic,true,44,0,false,
000095017025088556,EX-21,"https://www.sec.gov/Archives/edgar/data/1616262/000095017025088556/rmcf-ex21/1.htm",Heuristic,true,2,0,false,
000161653325000061,EX-21,"https://www.sec.gov/Archives/edgar/data/1616533/000161653325000061/pengq4-25form10xkex211.htm",Heuristic,true,10,0,false,
000161670725000022,EX-21,"https://www.sec.gov/Archives/edgar/data/1616707/000161670725000022/a2024-12x31exx211.htm",Heuristic,true,23,1,true,
000161724225000056,EX-21,"https://www.sec.gov/Archives/edgar/data/1617242/000161724225000056/krny-20250630ex21.htm",Heuristic,true,4,0,false,
000161740625000006,EX-21,"https://www.sec.gov/Archives/edgar/data/1617406/000161740625000006/ex-21.htm",Heuristic,true,41,0,false,
000161755325000011,EX-21,"https://www.sec.gov/Archives/edgar/data/1617553/000161755325000011/ex211subsidiariesfy24.htm",Heuristic,true,4,0,false,
000161764025000016,EX-21,"https://www.sec.gov/Archives/edgar/data/1617640/000161764025000016/a2024form10-kex211.htm",Heuristic,true,4,0,false,
000162828025008656,EX-21,"https://www.sec.gov/Archives/edgar/data/1618563/000162828025008656/ex211q42024listofsubsidiar.htm",Heuristic,true,50,0,false,
000161867325000012,EX-21,"https://www.sec.gov/Archives/edgar/data/1618673/000161867325000012/pfgc-ex21/1.htm",Heuristic,true,56,0,false,
000119312525213801,EX-21,"https://www.sec.gov/Archives/edgar/data/1618732/000119312525213801/ntnx-ex21/1.htm",Heuristic,true,2,0,false,
000118518525000226,EX-21,"https://www.sec.gov/Archives/edgar/data/1619312/000118518525000226/ltsv4ex21-1.htm",Heuristic,true,2,0,false,
000162828025007109,EX-21,"https://www.sec.gov/Archives/edgar/data/1620280/000162828025007109/unit-20241231x10kex211.htm",Heuristic,true,40,0,false,
000095017025027741,EX-21,"https://www.sec.gov/Archives/edgar/data/1620393/000095017025027741/nxrt-ex21/1.htm",Heuristic,true,42,0,false,
000162045925000010,EX-21,"https://www.sec.gov/Archives/edgar/data/1620459/000162045925000010/a4q24jrvrex211.htm",Heuristic,true,16,0,false,
000162053325000016,EX-21,"https://www.sec.gov/Archives/edgar/data/1620533/000162053325000016/shak-20241225/exhibit21.htm",Heuristic,true,9,0,false,
000155837025003544,EX-21,"https://www.sec.gov/Archives/edgar/data/1621227/000155837025003544/adap-20241231xex21d1.htm",Heuristic,true,7,0,false,
000162828025007730,EX-21,"https://www.sec.gov/Archives/edgar/data/1621434/000162828025007730/exhibit211-subsidiariesofb.htm",Heuristic,true,7,0,false,
000143774925010233,EX-21,"https://www.sec.gov/Archives/edgar/data/1621672/000143774925010233/ex/782645.htm",Heuristic,true,2,0,false,
000121390025032203,EX-21,"https://www.sec.gov/Archives/edgar/data/1621906/000121390025032203/ea023745301ex21-1/western.htm",Heuristic,true,17,3,true,
000095017025026749,EX-21,"https://www.sec.gov/Archives/edgar/data/1622194/000095017025026749/dea-ex21/1.htm",Heuristic,true,53,0,false,
000095017025026115,EX-21,"https://www.sec.gov/Archives/edgar/data/1622229/000095017025026115/cogt-ex21/1.htm",Heuristic,true,2,0,false,
000162828025008786,EX-21,"https://www.sec.gov/Archives/edgar/data/1622536/000162828025008786/tec-20241231ex211listofsub.htm",Heuristic,true,42,0,false,
000155837025000862,EX-21,"https://www.sec.gov/Archives/edgar/data/1623925/000155837025000862/am-20241231xex21d1.htm",Heuristic,true,8,0,false,
000162432225000011,EX-21,"https://www.sec.gov/Archives/edgar/data/1624322/000162432225000011/ex-211xlistofsubsidiarieso.htm",Heuristic,true,3,0,false,
000164117225000364,EX-21,"https://www.sec.gov/Archives/edgar/data/1624326/000164117225000364/ex21-1.htm",Heuristic,true,13,0,false,
000162479425000056,EX-21,"https://www.sec.gov/Archives/edgar/data/1624794/000162479425000056/q4fy25ex211subsidiarieslist.htm",Heuristic,true,17,0,false,
000143774925009932,EX-21,"https://www.sec.gov/Archives/edgar/data/1625101/000143774925009932/ex/727167.htm",Heuristic,true,4,0,false,
000162529725000016,EX-21,"https://www.sec.gov/Archives/edgar/data/1625297/000162529725000016/exhibit211-subsidiariesoft.htm",Heuristic,true,29,0,false,
000162564125000027,EX-21,"https://www.sec.gov/Archives/edgar/data/1625641/000162564125000027/subsidiariesofcsdiscoincfy.htm",Heuristic,true,3,0,false,
000155837025002412,EX-21,"https://www.sec.gov/Archives/edgar/data/1625941/000155837025002412/aire-20241231xex21d1.htm",Heuristic,true,39,0,false,
000095017025029132,EX-21,"https://www.sec.gov/Archives/edgar/data/1626115/000095017025029132/pjt-ex21/1.htm",Heuristic,true,16,0,false,
000095017025029211,EX-21,"https://www.sec.gov/Archives/edgar/data/1626450/000095017025029211/bigc-ex21/1.htm",Heuristic,true,16,0,false,
000117184325001527,EX-21,"https://www.sec.gov/Archives/edgar/data/1626878/000117184325001527/ex/787008.htm",Heuristic,true,2,0,false,
000155837025003621,EX-21,"https://www.sec.gov/Archives/edgar/data/1626971/000155837025003621/crvs-20241231xex21d1.htm",Heuristic,true,2,0,false,
000095017025021787,EX-21,"https://www.sec.gov/Archives/edgar/data/1627223/000095017025021787/cc-ex21.htm",Heuristic,true,38,0,false,
000162728225000028,EX-21,"https://www.sec.gov/Archives/edgar/data/1627282/000162728225000028/exhibit211-listofsubsidiar.htm",Heuristic,true,40,0,false,
000162747525000011,EX-21,"https://www.sec.gov/Archives/edgar/data/1627475/000162747525000011/exhibit211subsidiariesofup.htm",Heuristic,true,8,0,false,
000095017025027736,EX-21,"https://www.sec.gov/Archives/edgar/data/1628171/000095017025027736/rvmd-ex21/1.htm",Heuristic,true,5,0,false,
000162836925000005,EX-21,"https://www.sec.gov/Archives/edgar/data/1628369/000162836925000005/exhibit211-subsidiaries.htm",Heuristic,true,55,0,false,
000141057825000300,EX-21,"https://www.sec.gov/Archives/edgar/data/1628808/000141057825000300/prof-20241231xex21.htm",Heuristic,true,6,0,false,
000162890825000020,EX-21,"https://www.sec.gov/Archives/edgar/data/1628908/000162890825000020/a2024exhibit211.htm",Heuristic,true,11,0,false,
000155837025001941,EX-21,"https://www.sec.gov/Archives/edgar/data/1629019/000155837025001941/mbin-20241231xex21.htm",Heuristic,true,30,0,false,
000119312525217759,EX-21,"https://www.sec.gov/Archives/edgar/data/1629210/000119312525217759/pzg-ex21/1.htm",Heuristic,true,3,0,false,
000163047225000005,EX-21,"https://www.sec.gov/Archives/edgar/data/1630472/000163047225000005/trtx-20241231ex211.htm",Heuristic,true,57,0,false,
000163080525000007,EX-21,"https://www.sec.gov/Archives/edgar/data/1630805/000163080525000007/c-exhibit211q4only.htm",Heuristic,true,40,0,false,
000163156925000015,EX-21,"https://www.sec.gov/Archives/edgar/data/1631569/000163156925000015/chct-20241231xexhibitx21.htm",Heuristic,true,44,0,false,
000163159625000012,EX-21,"https://www.sec.gov/Archives/edgar/data/1631596/000163159625000012/a202412-exhibit211.htm",Heuristic,true,44,0,false,
000163212725000033,EX-21,"https://www.sec.gov/Archives/edgar/data/1632127/000163212725000033/a2024q4-exhibit211.htm",Heuristic,true,16,0,false,
000163279025000091,EX-21,"https://www.sec.gov/Archives/edgar/data/1632790/000163279025000091/exhibit21fy25listofsubsidi.htm",Heuristic,true,49,1,true,
000163391725000019,EX-21,"https://www.sec.gov/Archives/edgar/data/1633917/000163391725000019/exhibit2101subsidiarylistf.htm",Heuristic,true,16,0,false,
000155837025001495,EX-21,"https://www.sec.gov/Archives/edgar/data/1633931/000155837025001495/bld-20241231xex21d1.htm",Heuristic,true,13,0,false,
000162828025040830,EX-21,"https://www.sec.gov/Archives/edgar/data/1633978/000162828025040830/liteq425-ex211.htm",Heuristic,true,38,0,false,
000095017025047686,EX-21,"https://www.sec.gov/Archives/edgar/data/1634452/000095017025047686/ck0001634452-ex21/1.htm",Heuristic,true,15,0,false,
000114036125020715,EX-21,"https://www.sec.gov/Archives/edgar/data/1635088/000114036125020715/ef20047582/ex21-1.htm",Heuristic,true,23,0,false,
000163528225000029,EX-21,"https://www.sec.gov/Archives/edgar/data/1635282/000163528225000029/exhibit211q42024.htm",Heuristic,true,22,0,false,
000162828025009852,EX-21,"https://www.sec.gov/Archives/edgar/data/1635327/000162828025009852/flut-20241231xex211.htm",Heuristic,true,41,0,false,
000118518525002183,EX-21,"https://www.sec.gov/Archives/edgar/data/1636051/000118518525002183/fustex21-1.htm",Heuristic,true,2,0,false,
000163622225000008,EX-21,"https://www.sec.gov/Archives/edgar/data/1636222/000163622225000008/exh211-listofsubsidiaries2.htm",Heuristic,true,19,0,false,
000163628225000020,EX-21,"https://www.sec.gov/Archives/edgar/data/1636282/000163628225000020/ex211-subsidiariesofspyret.htm",Heuristic,true,2,0,false,
000128604325000014,EX-21,"https://www.sec.gov/Archives/edgar/data/1636315/000128604325000014/exhibit21112-31x24.htm",Heuristic,true,49,0,false,
000163651925000027,EX-21,"https://www.sec.gov/Archives/edgar/data/1636519/000163651925000027/msgsexhibit2110630202510k.htm",Heuristic,true,19,0,false,
000155837025003867,EX-21,"https://www.sec.gov/Archives/edgar/data/1637147/000155837025003867/zspc-20241231xex21d1.htm",Heuristic,true,2,0,false,
000163720725000016,EX-21,"https://www.sec.gov/Archives/edgar/data/1637207/000163720725000016/ex211subsidiarylisting2024.htm",Heuristic,true,39,0,false,
000163745925000011,EX-21,"https://www.sec.gov/Archives/edgar/data/1637459/000163745925000011/exhibit211q42024.htm",Heuristic,true,43,0,false,
000095017025036252,EX-21,"https://www.sec.gov/Archives/edgar/data/1637715/000095017025036252/okur-ex21/1.htm",Heuristic,true,2,0,false,
000163775725000004,EX-21,"https://www.sec.gov/Archives/edgar/data/1637757/000163775725000004/clearwayllcex21110-k2024q4.htm",Heuristic,true,42,0,false,
000162828025006439,EX-21,"https://www.sec.gov/Archives/edgar/data/1637873/000162828025006439/acva-20241231xexx211.htm",Heuristic,true,32,0,false,
000163788025000010,EX-21,"https://www.sec.gov/Archives/edgar/data/1637880/000163788025000010/tris-20241231x10kex211.htm",Heuristic,true,7,1,true,
000117891325001112,EX-21,"https://www.sec.gov/Archives/edgar/data/1638097/000117891325001112/exhibit/21-1.htm",Heuristic,true,1,0,false,
000155837025003386,EX-21,"https://www.sec.gov/Archives/edgar/data/1638287/000155837025003386/mtva-20241231xex21d1.htm",Heuristic,true,2,0,false,
000095017025111682,EX-21,"https://www.sec.gov/Archives/edgar/data/1638290/000095017025111682/mcft-ex21/1.htm",Heuristic,true,6,0,false,
000095017025048834,EX-21,"https://www.sec.gov/Archives/edgar/data/1638826/000095017025048834/ttan-ex21/1.htm",Heuristic,true,7,0,false,
000163883325000053,EX-21,"https://www.sec.gov/Archives/edgar/data/1638833/000163883325000053/a2024exhibit211.htm",Heuristic,true,44,0,false,
000114036125010442,EX-21,"https://www.sec.gov/Archives/edgar/data/1639300/000114036125010442/ef20040177/ex21-1.htm",Heuristic,true,4,0,false,
000162828025007882,EX-21,"https://www.sec.gov/Archives/edgar/data/1639438/000162828025007882/ex211subsidiariesofthecomp.htm",Heuristic,true,3,0,false,
000163969125000010,EX-21,"https://www.sec.gov/Archives/edgar/data/1639691/000163969125000010/livn-20241231xex211.htm",Heuristic,true,41,0,false,
000164014725000052,EX-21,"https://www.sec.gov/Archives/edgar/data/1640147/000164014725000052/ex-211snowflakefy2025q4.htm",Heuristic,true,39,1,true,
000155837025002703,EX-21,"https://www.sec.gov/Archives/edgar/data/1640266/000155837025002703/vygr-20241231xex21d1.htm",Heuristic,true,1,0,false,
000095017025047901,EX-21,"https://www.sec.gov/Archives/edgar/data/1640384/000095017025047901/lmfa-ex21/1.htm",Heuristic,true,17,0,false,
000095017025026724,EX-21,"https://www.sec.gov/Archives/edgar/data/1640428/000095017025026724/ever-ex21/1.htm",Heuristic,true,2,0,false,
000095017025043873,EX-21,"https://www.sec.gov/Archives/edgar/data/1641281/000095017025043873/bolt-ex21/1.htm",Heuristic,true,1,0,false,
000164148925000014,EX-21,"https://www.sec.gov/Archives/edgar/data/1641489/000164148925000014/vtvt-20241231xexx211subsid.htm",Heuristic,true,1,0,false,
000155837025002098,EX-21,"https://www.sec.gov/Archives/edgar/data/1641614/000155837025002098/pmts-20241231xex21d1.htm",Heuristic,true,8,0,false,
000164117225015750,EX-21,"https://www.sec.gov/Archives/edgar/data/1641631/000164117225015750/ex21-1.htm",Heuristic,true,10,0,false,
000143774925008454,EX-21,"https://www.sec.gov/Archives/edgar/data/1642122/000143774925008454/ex/747795.htm",Heuristic,true,4,0,false,
000164289625000022,EX-21,"https://www.sec.gov/Archives/edgar/data/1642896/000164289625000022/exhibit211-subsidiariesoft.htm",Heuristic,true,11,0,false,
000095017025043874,EX-21,"https://www.sec.gov/Archives/edgar/data/1643154/000095017025043874/ithuf-ex21/1.htm",Heuristic,true,39,0,false,
000095017025030806,EX-21,"https://www.sec.gov/Archives/edgar/data/1643615/000095017025030806/meg-ex21/1.htm",Heuristic,true,39,0,false,
000121390025023815,EX-21,"https://www.sec.gov/Archives/edgar/data/1643953/000121390025023815/ea023007701ex21-1/purplein.htm",Heuristic,true,2,0,false,
000164437825000043,EX-21,"https://www.sec.gov/Archives/edgar/data/1644378/000164437825000043/rmr/9302025x10kxexhibitx211.htm",Heuristic,true,23,0,false,
000164511325000002,EX-21,"https://www.sec.gov/Archives/edgar/data/1645113/000164511325000002/ex21202410-ksubsidiarylist.htm",Heuristic,true,20,0,false,
000095017025047677,EX-21,"https://www.sec.gov/Archives/edgar/data/1645460/000095017025047677/cue-ex21/1.htm",Heuristic,true,1,0,false,
000143774925009979,EX-21,"https://www.sec.gov/Archives/edgar/data/1645469/000143774925009979/ex/726980.htm",Heuristic,true,2,0,false,
000164559025000130,EX-21,"https://www.sec.gov/Archives/edgar/data/1645590/000164559025000130/ex-21x10312025.htm",Heuristic,true,40,1,true,
000164708825000009,EX-21,"https://www.sec.gov/Archives/edgar/data/1647088/000164708825000009/ex211-10k2024.htm",Heuristic,true,18,0,false,
000164763925000018,EX-21,"https://www.sec.gov/Archives/edgar/data/1647639/000164763925000018/exhibit2112024subsidiaries.htm",Heuristic,true,4,0,false,
000164117225003346,EX-21,"https://www.sec.gov/Archives/edgar/data/1648087/000164117225003346/ex21-1.htm",Heuristic,true,6,0,false,
000143774925003988,EX-21,"https://www.sec.gov/Archives/edgar/data/1649096/000143774925003988/ex/776219.htm",Heuristic,true,28,0,false,
000164974925000035,EX-21,"https://www.sec.gov/Archives/edgar/data/1649749/000164974925000035/a4q24ex-21.htm",Heuristic,true,9,0,false,
000155837025001889,EX-21,"https://www.sec.gov/Archives/edgar/data/1649904/000155837025001889/rytm-20241231xex21d1.htm",Heuristic,true,7,0,false,
000110465925123264,EX-21,"https://www.sec.gov/Archives/edgar/data/1649989/000110465925123264/otlk-20250930xex21d1.htm",Heuristic,true,6,0,false,
000164117225017050,EX-21,"https://www.sec.gov/Archives/edgar/data/1650101/000164117225017050/ex21-1.htm",Heuristic,true,10,0,false,
000095017025020029,EX-21,"https://www.sec.gov/Archives/edgar/data/1650132/000095017025020029/fcpt-ex21/1.htm",Heuristic,true,19,0,false,
000165016425000072,EX-21,"https://www.sec.gov/Archives/edgar/data/1650164/000165016425000072/q424exhibit211.htm",Heuristic,true,18,0,false,
000165037225000036,EX-21,"https://www.sec.gov/Archives/edgar/data/1650372/000165037225000036/exhibit211-fy25subsidiarie.htm",Heuristic,true,46,0,false,
000143774925005236,EX-21,"https://www.sec.gov/Archives/edgar/data/1650696/000143774925005236/ex/728023.htm",Heuristic,true,1,0,false,
000165072925000004,EX-21,"https://www.sec.gov/Archives/edgar/data/1650729/000165072925000004/site/12292024xex211.htm",Heuristic,true,35,0,false,
000165130825000031,EX-21,"https://www.sec.gov/Archives/edgar/data/1651308/000165130825000031/exhibit21-2024q4beigeneltd.htm",Heuristic,true,43,0,false,
000165156225000013,EX-21,"https://www.sec.gov/Archives/edgar/data/1651562/000165156225000013/cour-20241231xexx211listof.htm",Heuristic,true,12,0,false,
000095017025046959,EX-21,"https://www.sec.gov/Archives/edgar/data/1651721/000095017025046959/gipr-ex21/1.htm",Heuristic,true,35,0,false,
000165204425000014,EX-21,"https://www.sec.gov/Archives/edgar/data/1652044/000165204425000014/googexhibit2101q42024.htm",Heuristic,true,3,0,false,
000095017025029007,EX-21,"https://www.sec.gov/Archives/edgar/data/1652130/000095017025029007/ntla-ex21/1.htm",Heuristic,true,1,0,false,
000162828025006992,EX-21,"https://www.sec.gov/Archives/edgar/data/1652535/000162828025006992/ex-211x2024.htm",Heuristic,true,16,0,false,
000168316825001581,EX-21,"https://www.sec.gov/Archives/edgar/data/1652935/000168316825001581/actuate/ex2101.htm",Heuristic,true,1,0,false,
000165347725000015,EX-21,"https://www.sec.gov/Archives/edgar/data/1653477/000165347725000015/ex211-q42024.htm",Heuristic,true,20,0,false,
000165575925000016,EX-21,"https://www.sec.gov/Archives/edgar/data/1655759/000165575925000016/arvn-20241231x10kxex21/1.htm",Heuristic,true,4,0,false,
000165588725000008,EX-21,"https://www.sec.gov/Archives/edgar/data/1655887/000165588725000008/obdcii-20241231x10kex211.htm",Heuristic,true,30,0,false,
000165588825000007,EX-21,"https://www.sec.gov/Archives/edgar/data/1655888/000165588825000007/ex211-subsidiarylistq424.htm",Heuristic,true,42,0,false,
000121390025026225,EX-21,"https://www.sec.gov/Archives/edgar/data/1655923/000121390025026225/ea023339001ex21/alpha.htm",Heuristic,true,2,0,false,
000165647225000014,EX-21,"https://www.sec.gov/Archives/edgar/data/1656472/000165647225000014/exhibit211-listofsubsidiar.htm",Heuristic,true,10,0,false,
000095017025026655,EX-21,"https://www.sec.gov/Archives/edgar/data/1657573/000095017025026655/xmtr-ex21/1.htm",Heuristic,true,19,0,false,
000155837025001800,EX-21,"https://www.sec.gov/Archives/edgar/data/1657788/000155837025001800/krp-20241231xex21d1.htm",Heuristic,true,32,1,true,
000165785325000015,EX-21,"https://www.sec.gov/Archives/edgar/data/1657853/000165785325000015/hghthcq42024exhibit211.htm",Heuristic,true,34,0,false,
000095017025031309,EX-21,"https://www.sec.gov/Archives/edgar/data/1658551/000095017025031309/amlx-ex21/1.htm",Heuristic,true,7,0,false,
000165856625000014,EX-21,"https://www.sec.gov/Archives/edgar/data/1658566/000165856625000014/exhibit211-12312024.htm",Heuristic,true,1,0,false,
000165916625000024,EX-21,"https://www.sec.gov/Archives/edgar/data/1659166/000165916625000024/exhibit211subsidiariesofre.htm",Heuristic,true,28,0,false,
000166028025000034,EX-21,"https://www.sec.gov/Archives/edgar/data/1660280/000166028025000034/q42024exhibit211.htm",Heuristic,true,11,0,false,
000095017025029137,EX-21,"https://www.sec.gov/Archives/edgar/data/1661181/000095017025029137/orgo-ex21/1.htm",Heuristic,true,3,0,false,
000166145825000003,EX-21,"https://www.sec.gov/Archives/edgar/data/1661458/000166145825000003/exhibit211-12312024.htm",Heuristic,true,22,0,false,
000162828025008433,EX-21,"https://www.sec.gov/Archives/edgar/data/1662579/000162828025008433/exhibit2112024.htm",Heuristic,true,1,0,false,
000141057825000551,EX-21,"https://www.sec.gov/Archives/edgar/data/1662684/000141057825000551/tmb-20241231xex21d1.htm",Heuristic,true,1,0,false,
000166277425000012,EX-21,"https://www.sec.gov/Archives/edgar/data/1662774/000166277425000012/ex211-listofsubsidiaries.htm",Heuristic,true,7,0,false,
000166297225000027,EX-21,"https://www.sec.gov/Archives/edgar/data/1662972/000166297225000027/exhibit211.htm",Heuristic,true,41,0,false,
000166471025000018,EX-21,"https://www.sec.gov/Archives/edgar/data/1664710/000166471025000018/exhibit21110-kfy2024.htm",Heuristic,true,2,0,false,
000166591825000017,EX-21,"https://www.sec.gov/Archives/edgar/data/1665918/000166591825000017/usfd12282024ex211.htm",Heuristic,true,30,1,true,
000162828025011831,EX-21,"https://www.sec.gov/Archives/edgar/data/1665988/000162828025011831/exhibit211-2024.htm",Heuristic,true,12,0,false,
000166613425000003,EX-21,"https://www.sec.gov/Archives/edgar/data/1666134/000166613425000003/bl-20241231xex211.htm",Heuristic,true,20,0,false,
000162828025054049,EX-21,"https://www.sec.gov/Archives/edgar/data/1666138/000162828025054049/a4q25exhibit211.htm",Heuristic,true,42,0,false,
000095017025023258,EX-21,"https://www.sec.gov/Archives/edgar/data/1666291/000095017025023258/cmtg-ex21/1.htm",Heuristic,true,48,0,false,
000166701125000010,EX-21,"https://www.sec.gov/Archives/edgar/data/1667011/000166701125000010/exhibit211fy2410-k.htm",Heuristic,true,7,0,false,
000121390025103098,EX-21,"https://www.sec.gov/Archives/edgar/data/1667313/000121390025103098/ea026203501ex21-01/zedge.htm",Heuristic,true,4,0,false,
000166839725000017,EX-21,"https://www.sec.gov/Archives/edgar/data/1668397/000166839725000017/medp-20241231xexx211.htm",Heuristic,true,6,0,false,
000166916225000010,EX-21,"https://www.sec.gov/Archives/edgar/data/1669162/000166916225000010/knslexhibit21112312024.htm",Heuristic,true,6,0,false,
000155837025001939,EX-21,"https://www.sec.gov/Archives/edgar/data/1669779/000155837025001939/cwh-20241231xex21d1.htm",Heuristic,true,47,1,true,
000095017025022207,EX-21,"https://www.sec.gov/Archives/edgar/data/1669811/000095017025022207/dfin-ex21/1.htm",Heuristic,true,22,0,false,
000167007625000041,EX-21,"https://www.sec.gov/Archives/edgar/data/1670076/000167007625000041/ex211listofsubsidiariesq424.htm",Heuristic,true,2,0,false,
000167054125000152,EX-21,"https://www.sec.gov/Archives/edgar/data/1670541/000167054125000152/a9302025exhibit211.htm",Heuristic,true,44,0,false,
000167059225000008,EX-21,"https://www.sec.gov/Archives/edgar/data/1670592/000167059225000008/yeti-2024q4ex211.htm",Heuristic,true,12,0,false,
000167128425000004,EX-21,"https://www.sec.gov/Archives/edgar/data/1671284/000167128425000004/ex211/listingofsubsidiarie.htm",Heuristic,true,38,0,false,
000095017025020467,EX-21,"https://www.sec.gov/Archives/edgar/data/1671584/000095017025020467/apvo-ex21/1.htm",Heuristic,true,1,0,false,
000155837025004007,EX-21,"https://www.sec.gov/Archives/edgar/data/1671941/000155837025004007/none-20241231xex21d1.htm",Heuristic,true,3,0,false,
000167201325000009,EX-21,"https://www.sec.gov/Archives/edgar/data/1672013/000167201325000009/golf12312410-kexhibit211.htm",Heuristic,true,43,1,true,
000095017025038758,EX-21,"https://www.sec.gov/Archives/edgar/data/1672619/000095017025038758/elvn-ex21/1.htm",Heuristic,true,2,0,false,
000162828025013464,EX-21,"https://www.sec.gov/Archives/edgar/data/1672688/000162828025013464/exhibit211subsidiariesofth.htm",Heuristic,true,7,0,false,
000143774925006992,EX-21,"https://www.sec.gov/Archives/edgar/data/1672909/000143774925006992/ex/726867.htm",Heuristic,true,3,0,false,
000001673225000112,EX-21,"https://www.sec.gov/Archives/edgar/data/16732/000001673225000112/cpb-832025x10xkxexb21.htm",Heuristic,true,42,0,false,
000095017025029134,EX-21,"https://www.sec.gov/Archives/edgar/data/1673358/000095017025029134/yumc-ex21/1.htm",Heuristic,true,53,0,false,
000162828025005905,EX-21,"https://www.sec.gov/Archives/edgar/data/1674101/000162828025005905/exhibitno211vrt02142025.htm",Heuristic,true,21,0,false,
000162828025009254,EX-21,"https://www.sec.gov/Archives/edgar/data/1674168/000162828025009254/exhibit211subsidiarieshgvf.htm",Heuristic,true,52,0,false,
000167435625000007,EX-21,"https://www.sec.gov/Archives/edgar/data/1674356/000167435625000007/tpt2024ex211subsidiaries.htm",Heuristic,true,40,0,false,
000095017025017899,EX-21,"https://www.sec.gov/Archives/edgar/data/1674416/000095017025017899/crsp-ex21/1.htm",Heuristic,true,4,0,false,
000164117225023612,EX-21,"https://www.sec.gov/Archives/edgar/data/1674440/000164117225023612/ex21-1.htm",Heuristic,true,1,0,false,
000095017025032226,EX-21,"https://www.sec.gov/Archives/edgar/data/1674760/000095017025032226/ck0001674760-ex21/1.htm",Heuristic,true,2,0,false,
000119312525289248,EX-21,"https://www.sec.gov/Archives/edgar/data/1674862/000119312525289248/ash-ex21.htm",Heuristic,true,37,0,false,
000167491025000135,EX-21,"https://www.sec.gov/Archives/edgar/data/1674910/000167491025000135/exhibit21-subsidiariesofva.htm",Heuristic,true,16,0,false,
000095017025029512,EX-21,"https://www.sec.gov/Archives/edgar/data/1674930/000095017025029512/flgt-ex21/1.htm",Heuristic,true,6,0,false,
000095017025024242,EX-21,"https://www.sec.gov/Archives/edgar/data/1675149/000095017025024242/aa-ex21/1.htm",Heuristic,true,14,0,false,
000167564425000035,EX-21,"https://www.sec.gov/Archives/edgar/data/1675644/000167564425000035/fvcb-20241231xex21.htm",Heuristic,true,1,0,false,
000121390025031773,EX-21,"https://www.sec.gov/Archives/edgar/data/1676163/000121390025031773/ea023761901ex21-1/ssinnova.htm",Heuristic,true,5,0,false,
000167623825000054,EX-21,"https://www.sec.gov/Archives/edgar/data/1676238/000167623825000054/a20250131-fy2510kex211.htm",Heuristic,true,4,0,false,
000155837025001322,EX-21,"https://www.sec.gov/Archives/edgar/data/1677576/000155837025001322/iipr-20241231xex21d1.htm",Heuristic,true,4,0,false,
000167770325000029,EX-21,"https://www.sec.gov/Archives/edgar/data/1677703/000167770325000029/cndt-123124xex21.htm",Heuristic,true,41,0,false,
000117184325001758,EX-21,"https://www.sec.gov/Archives/edgar/data/1677940/000117184325001758/ex/792697.htm",Heuristic,true,11,0,false,
000155837025001691,EX-21,"https://www.sec.gov/Archives/edgar/data/1679049/000155837025001691/insw-20241231xex21.htm",Heuristic,true,50,0,false,
000167927325000049,EX-21,"https://www.sec.gov/Archives/edgar/data/1679273/000167927325000049/lw-20250525xexx211fy25.htm",Heuristic,true,39,0,false,
000167968825000017,EX-21,"https://www.sec.gov/Archives/edgar/data/1679688/000167968825000017/exhibit211dbrg2024q4.htm",Heuristic,true,20,0,false,
000167978825000022,EX-21,"https://www.sec.gov/Archives/edgar/data/1679788/000167978825000022/exhibit21110kq42024.htm",Heuristic,true,10,0,false,
000168006225000003,EX-21,"https://www.sec.gov/Archives/edgar/data/1680062/000168006225000003/acmexx2101subsidiarieslist.htm",Heuristic,true,12,0,false,
000168024725000030,EX-21,"https://www.sec.gov/Archives/edgar/data/1680247/000168024725000030/exhibit211listofsubsidiari.htm",Heuristic,true,4,1,true,
000162828025012408,EX-21,"https://www.sec.gov/Archives/edgar/data/1680378/000162828025012408/snes-20241231xex211.htm",Heuristic,true,1,0,false,
000141057825000346,EX-21,"https://www.sec.gov/Archives/edgar/data/1680379/000141057825000346/sbt-20241231xex21.htm",Heuristic,true,1,0,false,
000168087325000006,EX-21,"https://www.sec.gov/Archives/edgar/data/1680873/000168087325000006/a202410k-ex211.htm",Heuristic,true,37,2,true,
000161154725000018,EX-21,"https://www.sec.gov/Archives/edgar/data/1681169/000161154725000018/exhibit211listofsubsidiari.htm",Heuristic,true,34,0,false,
000117494725000304,EX-21,"https://www.sec.gov/Archives/edgar/data/1681206/000117494725000304/ex21-1.htm",Heuristic,true,7,1,true,
000168145925000036,EX-21,"https://www.sec.gov/Archives/edgar/data/1681459/000168145925000036/technipfmc20241231ex211.htm",Heuristic,true,5,0,false,
000168162225000108,EX-21,"https://www.sec.gov/Archives/edgar/data/1681622/000168162225000108/exhibit211-10xk2025.htm",Heuristic,true,31,0,false,
000095017025029180,EX-21,"https://www.sec.gov/Archives/edgar/data/1682745/000095017025029180/vrrm-ex21/1.htm",Heuristic,true,38,0,false,
000168285225000022,EX-21,"https://www.sec.gov/Archives/edgar/data/1682852/000168285225000022/exhibit211subsidiaries2024.htm",Heuristic,true,29,0,false,
000095017025029023,EX-21,"https://www.sec.gov/Archives/edgar/data/1683606/000095017025029023/cars-ex21/1.htm",Heuristic,true,8,0,false,
000168369525000030,EX-21,"https://www.sec.gov/Archives/edgar/data/1683695/000168369525000030/exhibit211subsidiaries2024.htm",Heuristic,true,24,0,false,
000168468225000005,EX-21,"https://www.sec.gov/Archives/edgar/data/1684682/000168468225000005/scap123124ex211.htm",Heuristic,true,40,0,false,
000168504025000010,EX-21,"https://www.sec.gov/Archives/edgar/data/1685040/000168504025000010/bhf-12312024xex211.htm",Heuristic,true,18,0,false,
000155837025003144,EX-21,"https://www.sec.gov/Archives/edgar/data/1687187/000155837025003144/metc-20241231xex21d1.htm",Heuristic,true,32,0,false,
000119312525313470,EX-21,"https://www.sec.gov/Archives/edgar/data/1687221/000119312525313470/revg-ex21/1.htm",Heuristic,true,25,0,false,
000168722925000008,EX-21,"https://www.sec.gov/Archives/edgar/data/1687229/000168722925000008/ye-24ex211subsidiariesofre.htm",Heuristic,true,39,0,false,
000168875725000019,EX-21,"https://www.sec.gov/Archives/edgar/data/1688757/000168875725000019/esta10k-exhibit211q4/2024.htm",Heuristic,true,16,0,false,
000147793225002791,EX-21,"https://www.sec.gov/Archives/edgar/data/1689084/000147793225002791/qron/ex211.htm",Heuristic,true,2,0,false,
000168937525000011,EX-21,"https://www.sec.gov/Archives/edgar/data/1689375/000168937525000011/trda/20241231xexx21x1.htm",Heuristic,true,1,0,false,
000168954825000040,EX-21,"https://www.sec.gov/Archives/edgar/data/1689548/000168954825000040/exhibit211.htm",Heuristic,true,1,0,false,
000155837025001099,EX-21,"https://www.sec.gov/Archives/edgar/data/1689796/000155837025001099/jbgs-20241231xex21d1.htm",Heuristic,true,39,0,false,
000095017025039459,EX-21,"https://www.sec.gov/Archives/edgar/data/1690012/000095017025039459/ck0001690012-ex21/1.htm",Heuristic,true,14,0,false,
000162828025014348,EX-21,"https://www.sec.gov/Archives/edgar/data/1690536/000162828025014348/exhibit211202410-k.htm",Heuristic,true,45,0,false,
000162828025009332,EX-21,"https://www.sec.gov/Archives/edgar/data/1690680/000162828025009332/exhibit211-202410xk.htm",Heuristic,true,40,0,false,
000169082025000074,EX-21,"https://www.sec.gov/Archives/edgar/data/1690820/000169082025000074/ex211subsidiariesofthecomp.htm",Heuristic,true,8,0,false,
000169130325000010,EX-21,"https://www.sec.gov/Archives/edgar/data/1691303/000169130325000010/exhibit211-123124.htm",Heuristic,true,11,0,false,
000001691825000022,EX-21,"https://www.sec.gov/Archives/edgar/data/16918/000001691825000022/stzex211/228202510k.htm",Heuristic,true,41,0,false,
000169211525000082,EX-21,"https://www.sec.gov/Archives/edgar/data/1692115/000169211525000082/swx123124ex2101.htm",Heuristic,true,35,0,false,
000095017025037433,EX-21,"https://www.sec.gov/Archives/edgar/data/1692376/000095017025037433/vel-ex21/1.htm",Heuristic,true,39,0,false,
000169241225000052,EX-21,"https://www.sec.gov/Archives/edgar/data/1692412/000169241225000052/exhibit211-subsidiaries.htm",Heuristic,true,46,0,false,
000164117225000932,EX-21,"https://www.sec.gov/Archives/edgar/data/1692415/000164117225000932/ex21-1.htm",Heuristic,true,3,0,false,
000143774925006851,EX-21,"https://www.sec.gov/Archives/edgar/data/1692427/000143774925006851/ex/679746.htm",Heuristic,true,14,0,false,
000169278725000007,EX-21,"https://www.sec.gov/Archives/edgar/data/1692787/000169278725000007/kntkexhibit211202410-k.htm",Heuristic,true,54,0,false,
000169281925000013,EX-21,"https://www.sec.gov/Archives/edgar/data/1692819/000169281925000013/vistra-20241231xex211.htm",Heuristic,true,17,0,false,
000095017025035940,EX-21,"https://www.sec.gov/Archives/edgar/data/1693011/000095017025035940/inzy-ex21/1.htm",Heuristic,true,3,0,false,
000155837025001154,EX-21,"https://www.sec.gov/Archives/edgar/data/1693256/000155837025001154/wttr-20241231xex21d1.htm",Heuristic,true,49,1,true,
000169402825000056,EX-21,"https://www.sec.gov/Archives/edgar/data/1694028/000169402825000056/a21/1listofsubsidiaries2024.htm",Heuristic,true,8,0,false,
000169442625000013,EX-21,"https://www.sec.gov/Archives/edgar/data/1694426/000169442625000013/dk-ex211xdk2025subsidiaries.htm",Heuristic,true,36,0,false,
000162828025010266,EX-21,"https://www.sec.gov/Archives/edgar/data/1695295/000162828025010266/hyfm-20241231xexhibit211.htm",Heuristic,true,20,0,false,
000169750025000013,EX-21,"https://www.sec.gov/Archives/edgar/data/1697500/000169750025000013/sei-20241231xex21d1.htm",Heuristic,true,8,0,false,
000143774925010193,EX-21,"https://www.sec.gov/Archives/edgar/data/1697851/000143774925010193/ex/703025.htm",Heuristic,true,9,0,false,
000169899025000006,EX-21,"https://www.sec.gov/Archives/edgar/data/1698990/000169899025000006/ex211-subsidiariesxye24.htm",Heuristic,true,5,0,false,
000169899125000011,EX-21,"https://www.sec.gov/Archives/edgar/data/1698991/000169899125000011/accelexhibit211-2024.htm",Heuristic,true,41,0,false,
000169903925000015,EX-21,"https://www.sec.gov/Archives/edgar/data/1699039/000169903925000015/rngr-123124ex211ressubsidi.htm",Heuristic,true,10,0,false,
000169913625000014,EX-21,"https://www.sec.gov/Archives/edgar/data/1699136/000169913625000014/a20241231-exhibit211.htm",Heuristic,true,12,0,false,
000162828025006391,EX-21,"https://www.sec.gov/Archives/edgar/data/1699150/000162828025006391/ir202410-kex21xsubsidiaries.htm",Heuristic,true,46,0,false,
000095017025022369,EX-21,"https://www.sec.gov/Archives/edgar/data/1699838/000095017025022369/cflt-ex21/1.htm",Heuristic,true,2,0,false,
000155837025003008,EX-21,"https://www.sec.gov/Archives/edgar/data/1701051/000155837025003008/wow-20241231xex21d1.htm",Heuristic,true,39,0,false,
000170160525000035,EX-21,"https://www.sec.gov/Archives/edgar/data/1701605/000170160525000035/fy24form10-kexhibit21.htm",Heuristic,true,13,1,true,
000095017025024197,EX-21,"https://www.sec.gov/Archives/edgar/data/1701732/000095017025024197/altr-ex21/1.htm",Heuristic,true,33,0,false,
000170251025000023,EX-21,"https://www.sec.gov/Archives/edgar/data/1702510/000170251025000023/cars/20241231x10-kxex211.htm",Heuristic,true,4,0,false,
000170274425000046,EX-21,"https://www.sec.gov/Archives/edgar/data/1702744/000170274425000046/exhibit211-10k2025.htm",Heuristic,true,14,0,false,
000095017025030118,EX-21,"https://www.sec.gov/Archives/edgar/data/1702750/000095017025030118/by-ex21/1.htm",Heuristic,true,17,0,false,
000162828025005486,EX-21,"https://www.sec.gov/Archives/edgar/data/1702780/000162828025005486/dec312024exhibit21.htm",Heuristic,true,46,1,true,
000170305625000022,EX-21,"https://www.sec.gov/Archives/edgar/data/1703056/000170305625000022/a10-k2024exhibit21.htm",Heuristic,true,8,0,false,
000162828025008689,EX-21,"https://www.sec.gov/Archives/edgar/data/1703057/000162828025008689/exhibit211.htm",Heuristic,true,9,1,true,
000101738625000028,EX-21,"https://www.sec.gov/Archives/edgar/data/1703157/000101738625000028/ex211.htm",Heuristic,true,2,1,true,
000170364425000037,EX-21,"https://www.sec.gov/Archives/edgar/data/1703644/000170364425000037/gpmtexh123124211.htm",Heuristic,true,28,0,false,
000095017025040759,EX-21,"https://www.sec.gov/Archives/edgar/data/1703647/000095017025040759/krro-ex21/1.htm",Heuristic,true,3,0,false,
000143774925000800,EX-21,"https://www.sec.gov/Archives/edgar/data/1703956/000143774925000800/ex/695763.htm",Heuristic,true,15,0,false,
000162828025008409,EX-21,"https://www.sec.gov/Archives/edgar/data/1704292/000162828025008409/ex211-subsidiarieslist2024.htm",Heuristic,true,16,0,false,
000170471525000010,EX-21,"https://www.sec.gov/Archives/edgar/data/1704715/000170471525000010/a12312024exhibit211.htm",Heuristic,true,44,0,false,
000170472025000015,EX-21,"https://www.sec.gov/Archives/edgar/data/1704720/000170472025000015/exhibit211listofsubsidiari.htm",Heuristic,true,11,0,false,
000170511025000018,EX-21,"https://www.sec.gov/Archives/edgar/data/1705110/000170511025000018/angiex21112312024.htm",Heuristic,true,18,0,false,
000170587325000018,EX-21,"https://www.sec.gov/Archives/edgar/data/1705873/000170587325000018/a2024ex211-listofsubsidiar.htm",Heuristic,true,2,0,false,
000162828025008245,EX-21,"https://www.sec.gov/Archives/edgar/data/1706431/000162828025008245/a20241231-ex211listofsubsi.htm",Heuristic,true,5,0,false,
000170694625000038,EX-21,"https://www.sec.gov/Archives/edgar/data/1706946/000170694625000038/spce-20241231x10xkxexh211x.htm",Heuristic,true,7,0,false,
000095017025034644,EX-21,"https://www.sec.gov/Archives/edgar/data/1707502/000095017025034644/sldb-ex21/1.htm",Heuristic,true,2,0,false,
000170775325000021,EX-21,"https://www.sec.gov/Archives/edgar/data/1707753/000170775325000021/a25q4ex211.htm",Heuristic,true,12,0,false,
000114036125011607,EX-21,"https://www.sec.gov/Archives/edgar/data/1707919/000114036125011607/ef20038940/ex21-1.htm",Heuristic,true,31,1,true,
000162828025007990,EX-21,"https://www.sec.gov/Archives/edgar/data/1707925/000162828025007990/lindeplc10k-ex2101.htm",Heuristic,true,42,0,false,
000170803525000070,EX-21,"https://www.sec.gov/Archives/edgar/data/1708035/000170803525000070/ex211-subsidiarylistingx12.htm",Heuristic,true,24,0,false,
000155837025001773,EX-21,"https://www.sec.gov/Archives/edgar/data/1708055/000155837025001773/tmb-20241231xex21d1.htm",Heuristic,true,36,0,false,
000101376225002788,EX-21,"https://www.sec.gov/Archives/edgar/data/1708176/000101376225002788/ea023299801ex21-1/hall.htm",Heuristic,true,26,0,false,
000121390025052248,EX-21,"https://www.sec.gov/Archives/edgar/data/1708341/000121390025052248/ea023809501ex21-1/allied.htm",Heuristic,true,12,0,false,
000170859925000027,EX-21,"https://www.sec.gov/Archives/edgar/data/1708599/000170859925000027/serinalistofsubsidiariesex.htm",Heuristic,true,2,0,false,
000170916425000008,EX-21,"https://www.sec.gov/Archives/edgar/data/1709164/000170916425000008/a211subsidiariesofhbbhc2024.htm",Heuristic,true,14,0,false,
000170944225000008,EX-21,"https://www.sec.gov/Archives/edgar/data/1709442/000170944225000008/exhibit211subsidiariesoffi.htm",Heuristic,true,11,0,false,
000170968225000006,EX-21,"https://www.sec.gov/Archives/edgar/data/1709682/000170968225000006/a12312024-ctosex211.htm",Heuristic,true,35,0,false,
000095017025042759,EX-21,"https://www.sec.gov/Archives/edgar/data/1709941/000095017025042759/bioa-ex21/1.htm",Heuristic,true,1,0,false,
000171015525000011,EX-21,"https://www.sec.gov/Archives/edgar/data/1710155/000171015525000011/exhibit2112024xsubsidiaries.htm",Heuristic,true,8,0,false,
000101376225000307,EX-21,"https://www.sec.gov/Archives/edgar/data/1710350/000101376225000307/ea023372301ex21/bitdigit.htm",Heuristic,true,10,0,false,
000155837025003982,EX-21,"https://www.sec.gov/Archives/edgar/data/1710482/000155837025003982/jmsb-20241231xex21.htm",Heuristic,true,1,0,false,
000121390025062758,EX-21,"https://www.sec.gov/Archives/edgar/data/1711012/000121390025062758/ea024630201ex21-1/senmiao.htm",Heuristic,true,7,0,false,
000171126925000004,EX-21,"https://www.sec.gov/Archives/edgar/data/1711269/000171126925000004/evrg-12312024xex211.htm",Heuristic,true,4,0,false,
000101376225003354,EX-21,"https://www.sec.gov/Archives/edgar/data/1711754/000101376225003354/ea022996501ex21-1/inmune.htm",Heuristic,true,3,0,false,
000162828025014230,EX-21,"https://www.sec.gov/Archives/edgar/data/1711799/000162828025014230/nreit-20241231xex211.htm",Heuristic,true,45,0,false,
000095017025043128,EX-21,"https://www.sec.gov/Archives/edgar/data/1711929/000095017025043128/ck0001711929-ex21/1.htm",Heuristic,true,47,0,false,
000171218425000031,EX-21,"https://www.sec.gov/Archives/edgar/data/1712184/000171218425000031/exhibit21-subsidiarieslist.htm",Heuristic,true,35,0,false,
000155837025003703,EX-21,"https://www.sec.gov/Archives/edgar/data/1712189/000155837025003703/th-20241231xex21d1.htm",Heuristic,true,13,0,false,
000171340725000032,EX-21,"https://www.sec.gov/Archives/edgar/data/1713407/000171340725000032/ex211/asof12312024.htm",Heuristic,true,38,0,false,
000171368325000158,EX-21,"https://www.sec.gov/Archives/edgar/data/1713683/000171368325000158/zsexhibit211fy2510-k.htm",Heuristic,true,20,0,false,
000171417425000055,EX-21,"https://www.sec.gov/Archives/edgar/data/1714174/000171417425000055/bur-20241231xex211.htm",Heuristic,true,10,0,false,
000164117225004869,EX-21,"https://www.sec.gov/Archives/edgar/data/1714562/000164117225004869/ex21.htm",Heuristic,true,21,0,false,
000171489925000066,EX-21,"https://www.sec.gov/Archives/edgar/data/1714899/000171489925000066/exhibit211q42024subsidiari.htm",Heuristic,true,2,0,false,
000095017025045556,EX-21,"https://www.sec.gov/Archives/edgar/data/1715933/000095017025045556/ck0001715933-ex21/1.htm",Heuristic,true,6,0,false,
000164117225001750,EX-21,"https://www.sec.gov/Archives/edgar/data/1716166/000164117225001750/ex21-1.htm",Heuristic,true,11,0,false,
000156240125000013,EX-21,"https://www.sec.gov/Archives/edgar/data/1716558/000156240125000013/amh123124exhibit211.htm",Heuristic,true,4,1,true,
000143774925009918,EX-21,"https://www.sec.gov/Archives/edgar/data/1716621/000143774925009918/ex/795725.htm",Heuristic,true,3,0,false,
000171730725000009,EX-21,"https://www.sec.gov/Archives/edgar/data/1717307/000171730725000009/ilpt/12312024xexhibitx211.htm",Heuristic,true,9,0,false,
000147793225002248,EX-21,"https://www.sec.gov/Archives/edgar/data/1718224/000147793225002248/btbd/ex211.htm",Heuristic,true,5,0,false,
000162828025053871,EX-21,"https://www.sec.gov/Archives/edgar/data/1718227/000162828025053871/a202510-kxexhibit211.htm",Heuristic,true,18,0,false,
000171840525000006,EX-21,"https://www.sec.gov/Archives/edgar/data/1718405/000171840525000006/exhibit211-subsidiaries.htm",Heuristic,true,7,0,false,
000152013825000275,EX-21,"https://www.sec.gov/Archives/edgar/data/1718500/000152013825000275/axil-20250531/10kex21z1.htm",Heuristic,true,2,0,false,
000171851225000013,EX-21,"https://www.sec.gov/Archives/edgar/data/1718512/000171851225000013/gtes-exhibit211xq42024.htm",Heuristic,true,44,1,true,
000095017025029184,EX-21,"https://www.sec.gov/Archives/edgar/data/1720116/000095017025029184/rdvt-ex21/1.htm",Heuristic,true,8,1,true,
000172042025000027,EX-21,"https://www.sec.gov/Archives/edgar/data/1720420/000172042025000027/exhibit211listofsubsidiari.htm",Heuristic,true,2,0,false,
000095017025030855,EX-21,"https://www.sec.gov/Archives/edgar/data/1720592/000095017025030855/rpay-ex21/1.htm",Heuristic,true,28,0,false,
000172063525000018,EX-21,"https://www.sec.gov/Archives/edgar/data/1720635/000172063525000018/ex21nventplcsubsidiaries20.htm",Heuristic,true,50,0,false,
000172138625000008,EX-21,"https://www.sec.gov/Archives/edgar/data/1721386/000172138625000008/exhibit211-subsidiarieslis.htm",Heuristic,true,45,0,false,
000162828025015640,EX-21,"https://www.sec.gov/Archives/edgar/data/1721741/000162828025015640/gorv-20241231xexx211.htm",Heuristic,true,30,0,false,
000162828025008642,EX-21,"https://www.sec.gov/Archives/edgar/data/1721947/000162828025008642/jamf-12312024xex211.htm",Heuristic,true,30,0,false,
000172268425000005,EX-21,"https://www.sec.gov/Archives/edgar/data/1722684/000172268425000005/wh-ex211/20241231x10k.htm",Heuristic,true,30,0,false,
000164117225001853,EX-21,"https://www.sec.gov/Archives/edgar/data/1722731/000164117225001853/ex21-1.htm",Heuristic,true,4,0,false,
000172308925000025,EX-21,"https://www.sec.gov/Archives/edgar/data/1723089/000172308925000025/a20241231exhibit211.htm",Heuristic,true,39,0,false,
000172312825000012,EX-21,"https://www.sec.gov/Archives/edgar/data/1723128/000172312825000012/amrx2024311210-kexx211.htm",Heuristic,true,34,0,false,
000172359625000061,EX-21,"https://www.sec.gov/Archives/edgar/data/1723596/000172359625000061/exhibit2102024.htm",Heuristic,true,9,0,false,
000095017025028223,EX-21,"https://www.sec.gov/Archives/edgar/data/1724965/000095017025028223/talo-ex21/1.htm",Heuristic,true,15,0,false,
000095017025029980,EX-21,"https://www.sec.gov/Archives/edgar/data/1725057/000095017025029980/day-ex21/1.htm",Heuristic,true,39,0,false,
000162828025007740,EX-21,"https://www.sec.gov/Archives/edgar/data/1725255/000162828025007740/ahco-20241231xex211.htm",Heuristic,true,35,0,false,
000164117225024279,EX-21,"https://www.sec.gov/Archives/edgar/data/1725430/000164117225024279/ex21-1.htm",Heuristic,true,3,0,false,
000172617325000003,EX-21,"https://www.sec.gov/Archives/edgar/data/1726173/000172617325000003/bh-20241231xexx2101.htm",Heuristic,true,8,0,false,
000155837025001682,EX-21,"https://www.sec.gov/Archives/edgar/data/1727196/000155837025001682/srrk-20241231xex21d1.htm",Heuristic,true,3,0,false,
000095017025028375,EX-21,"https://www.sec.gov/Archives/edgar/data/1727263/000095017025028375/ftdr-ex21.htm",Heuristic,true,47,0,false,
000172811725000021,EX-21,"https://www.sec.gov/Archives/edgar/data/1728117/000172811725000021/goss-20241231xexx211xlisto.htm",Heuristic,true,2,0,false,
000172820525000047,EX-21,"https://www.sec.gov/Archives/edgar/data/1728205/000172820525000047/ex211subsidiariesoftheregi.htm",Heuristic,true,18,0,false,
000172868825000122,EX-21,"https://www.sec.gov/Archives/edgar/data/1728688/000172868825000122/i310k2025exhibit211.htm",Heuristic,true,20,0,false,
000172895125000031,EX-21,"https://www.sec.gov/Archives/edgar/data/1728951/000172895125000031/eprt10-kxexx211xworkingfile.htm",Heuristic,true,19,0,false,
000172914925000056,EX-21,"https://www.sec.gov/Archives/edgar/data/1729149/000172914925000056/q42024ex211subsidiariesoft.htm",Heuristic,true,10,0,false,
000173016825000121,EX-21,"https://www.sec.gov/Archives/edgar/data/1730168/000173016825000121/ex211listofsubsidiaries2025.htm",Heuristic,true,10,0,false,
000173046325000019,EX-21,"https://www.sec.gov/Archives/edgar/data/1730463/000173046325000019/exhibit211-subsidiaries2.htm",Heuristic,true,5,0,false,
000173128925000065,EX-21,"https://www.sec.gov/Archives/edgar/data/1731289/000173128925000065/exhibit211subsidiariesofni.htm",Heuristic,true,16,0,false,
000143774925023703,EX-21,"https://www.sec.gov/Archives/edgar/data/1731348/000143774925023703/ex/802154.htm",Heuristic,true,94,2,true,
000001731325000042,EX-21,"https://www.sec.gov/Archives/edgar/data/17313/000001731325000042/cswc33125ex211.htm",Heuristic,true,5,0,false,
000155837025002907,EX-21,"https://www.sec.gov/Archives/edgar/data/1733294/000155837025002907/gbio-20241231xex21d1.htm",Heuristic,true,1,0,false,
000173399825000020,EX-21,"https://www.sec.gov/Archives/edgar/data/1733998/000173399825000020/ex2112312024.htm",Heuristic,true,21,0,false,
000173434225000023,EX-21,"https://www.sec.gov/Archives/edgar/data/1734342/000173434225000023/ex211subsidiaries12312024.htm",Heuristic,true,17,0,false,
000119312525288109,EX-21,"https://www.sec.gov/Archives/edgar/data/1734713/000119312525288109/bv-ex21/1.htm",Heuristic,true,22,0,false,
000173472225000007,EX-21,"https://www.sec.gov/Archives/edgar/data/1734722/000173472225000007/path-20250131xlistofsubsid.htm",Heuristic,true,36,0,false,
000121390025030345,EX-21,"https://www.sec.gov/Archives/edgar/data/1734750/000121390025030345/ea022715301ex21-1/movano.htm",Heuristic,true,1,1,true,
000155837025002867,EX-21,"https://www.sec.gov/Archives/edgar/data/1735438/000155837025002867/mgtx-20241231xex21.htm",Heuristic,true,18,0,false,
000173570725000013,EX-21,"https://www.sec.gov/Archives/edgar/data/1735707/000173570725000013/exhibit21/1-exx211202410k.htm",Heuristic,true,41,0,false,
000173603525000008,EX-21,"https://www.sec.gov/Archives/edgar/data/1736035/000173603525000008/bxsl-20241231xex211.htm",Heuristic,true,11,0,false,
000173629725000003,EX-21,"https://www.sec.gov/Archives/edgar/data/1736297/000173629725000003/exhibit211.htm",Heuristic,true,5,0,false,
000162828025008662,EX-21,"https://www.sec.gov/Archives/edgar/data/1737706/000162828025008662/exhibit211-seadrillsubsidi.htm",Heuristic,true,38,0,false,
000095017025079317,EX-21,"https://www.sec.gov/Archives/edgar/data/1737927/000095017025079317/cgc-ex21/1.htm",Heuristic,true,22,0,false,
000173795325000009,EX-21,"https://www.sec.gov/Archives/edgar/data/1737953/000173795325000009/exhibit211/replimunexsubsi.htm",Heuristic,true,4,0,false,
000173910425000014,EX-21,"https://www.sec.gov/Archives/edgar/data/1739104/000173910425000014/exhibit211-elancosubsidiar.htm",Heuristic,true,44,0,false,
000173944525000026,EX-21,"https://www.sec.gov/Archives/edgar/data/1739445/000173944525000026/exh21listofsubsidiaries123.htm",Heuristic,true,45,0,false,
000173956625000053,EX-21,"https://www.sec.gov/Archives/edgar/data/1739566/000173956625000053/a2024ex211subsidiariesofubi.htm",Heuristic,true,12,1,true,
000173994025000009,EX-21,"https://www.sec.gov/Archives/edgar/data/1739940/000173994025000009/exh/21x10-kx24q4.htm",Heuristic,true,37,0,false,
000121390025031497,EX-21,"https://www.sec.gov/Archives/edgar/data/1741489/000121390025031497/ea023238601ex21-1/elvictor.htm",Heuristic,true,3,0,false,
000174231325000012,EX-21,"https://www.sec.gov/Archives/edgar/data/1742313/000174231325000012/mcip20241231-ex211.htm",Heuristic,true,38,0,false,
000162828025008723,EX-21,"https://www.sec.gov/Archives/edgar/data/1743725/000162828025008723/gdyn-20241231xex211.htm",Heuristic,true,28,0,false,
000149315225011057,EX-21,"https://www.sec.gov/Archives/edgar/data/1743745/000149315225011057/ex21-1.htm",Heuristic,true,21,0,false,
000095017025027856,EX-21,"https://www.sec.gov/Archives/edgar/data/1743759/000095017025027856/crsr-ex21/1.htm",Heuristic,true,25,0,false,
000095017025024119,EX-21,"https://www.sec.gov/Archives/edgar/data/1743881/000095017025024119/bbio-ex21.htm",Heuristic,true,38,1,true,
000174448925000155,EX-21,"https://www.sec.gov/Archives/edgar/data/1744489/000174448925000155/fy2025/q4x10kxex21.htm",Heuristic,true,46,0,false,
000182912625004289,EX-21,"https://www.sec.gov/Archives/edgar/data/1744494/000182912625004289/adventtech/ex21-1.htm",Heuristic,true,5,0,false,
000155837025005729,EX-21,"https://www.sec.gov/Archives/edgar/data/1745032/000155837025005729/lfr-20241231xex21d1.htm",Heuristic,true,17,0,false,
000155837025001148,EX-21,"https://www.sec.gov/Archives/edgar/data/1745916/000155837025001148/pfsi-20241231xex21d1.htm",Heuristic,true,5,0,false,
000155837025001937,EX-21,"https://www.sec.gov/Archives/edgar/data/1746109/000155837025001937/bfc-20241231xex21.htm",Heuristic,true,5,0,false,
000114036125008438,EX-21,"https://www.sec.gov/Archives/edgar/data/1746129/000114036125008438/ef20038927/ex21.htm",Heuristic,true,1,0,false,
000095017025045726,EX-21,"https://www.sec.gov/Archives/edgar/data/1746466/000095017025045726/eq-ex21/1.htm",Heuristic,true,3,0,false,
000095017025026748,EX-21,"https://www.sec.gov/Archives/edgar/data/1746618/000095017025026748/rvlv-ex21/1.htm",Heuristic,true,9,0,false,
000174706825000007,EX-21,"https://www.sec.gov/Archives/edgar/data/1747068/000174706825000007/mcbs-20241231xex21d1.htm",Heuristic,true,1,0,false,
000174707925000039,EX-21,"https://www.sec.gov/Archives/edgar/data/1747079/000174707925000039/ex211-2024subsidiaries.htm",Heuristic,true,43,0,false,
000174777725000008,EX-21,"https://www.sec.gov/Archives/edgar/data/1747777/000174777725000008/tech-exhibit2114q24.htm",Heuristic,true,11,0,false,
000174879025000023,EX-21,"https://www.sec.gov/Archives/edgar/data/1748790/000174879025000023/exhibit21subsidiariesofamc.htm",Heuristic,true,8,0,false,
000174882425000016,EX-21,"https://www.sec.gov/Archives/edgar/data/1748824/000174882425000016/aami123124ex211.htm",Heuristic,true,4,0,false,
000095017025046096,EX-21,"https://www.sec.gov/Archives/edgar/data/1750149/000095017025046096/ikt-ex21/1.htm",Heuristic,true,2,1,true,
000095017025041204,EX-21,"https://www.sec.gov/Archives/edgar/data/1750284/000095017025041204/olma-ex21/1.htm",Heuristic,true,1,0,false,
000141057825001475,EX-21,"https://www.sec.gov/Archives/edgar/data/1750/000141057825001475/air-20250531xex21d1.htm",Heuristic,true,38,0,false,
000175100825000018,EX-21,"https://www.sec.gov/Archives/edgar/data/1751008/000175100825000018/exhibit2112024123110k.htm",Heuristic,true,3,0,false,
000175353925000030,EX-21,"https://www.sec.gov/Archives/edgar/data/1753539/000175353925000030/a211-listofsubsidiaries.htm",Heuristic,true,8,1,true,
000155837025002624,EX-21,"https://www.sec.gov/Archives/edgar/data/1754170/000155837025002624/asle-20241231xex21d1.htm",Heuristic,true,21,0,false,
000162828025008421,EX-21,"https://www.sec.gov/Archives/edgar/data/1754195/000162828025008421/exhibit211subsidiaries2024.htm",Heuristic,true,39,0,false,
000162828025038077,EX-21,"https://www.sec.gov/Archives/edgar/data/1754301/000162828025038077/foxa-20250630x10kex21.htm",Heuristic,true,44,0,false,
000175575525000005,EX-21,"https://www.sec.gov/Archives/edgar/data/1755755/000175575525000005/vhti-20241231x10kxex211.htm",Heuristic,true,26,0,false,
000121390025026404,EX-21,"https://www.sec.gov/Archives/edgar/data/1755953/000121390025026404/ea023570101ex21/gryphon.htm",Heuristic,true,4,0,false,
000095017025029104,EX-21,"https://www.sec.gov/Archives/edgar/data/1756262/000095017025029104/tmdx-ex21/1.htm",Heuristic,true,6,0,false,
000162828025012668,EX-21,"https://www.sec.gov/Archives/edgar/data/1756390/000162828025012668/awh12312024exhibit211.htm",Heuristic,true,40,0,false,
000162828025008727,EX-21,"https://www.sec.gov/Archives/edgar/data/1756655/000162828025008727/ardt-exhibit211.htm",Heuristic,true,39,0,false,
000175676125000020,EX-21,"https://www.sec.gov/Archives/edgar/data/1756761/000175676125000020/exhibit211subsidiariesofth.htm",Heuristic,true,39,0,false,
000175707325000007,EX-21,"https://www.sec.gov/Archives/edgar/data/1757073/000175707325000007/nvst-ex2112024significants.htm",Heuristic,true,15,0,false,
000143774925009139,EX-21,"https://www.sec.gov/Archives/edgar/data/1757715/000143774925009139/ex/708100.htm",Heuristic,true,49,0,false,
000175789825000005,EX-21,"https://www.sec.gov/Archives/edgar/data/1757898/000175789825000005/ste03312025ex211.htm",Heuristic,true,36,0,false,
000121390025025561,EX-21,"https://www.sec.gov/Archives/edgar/data/1758009/000121390025025561/ea023474201ex21-1/quantum.htm",Heuristic,true,4,0,false,
000162828025015432,EX-21,"https://www.sec.gov/Archives/edgar/data/1758057/000162828025015432/exhibit211202410-k.htm",Heuristic,true,21,0,false,
000095017025024552,EX-21,"https://www.sec.gov/Archives/edgar/data/1758488/000095017025024552/osw-ex21/1.htm",Heuristic,true,43,0,false,
000175873025000038,EX-21,"https://www.sec.gov/Archives/edgar/data/1758730/000175873025000038/twm-2024x12x31xexx211.htm",Heuristic,true,38,0,false,
000175876625000005,EX-21,"https://www.sec.gov/Archives/edgar/data/1758766/000175876625000005/stem-10xk2024/ex21xsubsidi.htm",Heuristic,true,3,0,false,
000095017025047201,EX-21,"https://www.sec.gov/Archives/edgar/data/1759138/000095017025047201/caba-ex21/1.htm",Heuristic,true,3,0,false,
000175950925000025,EX-21,"https://www.sec.gov/Archives/edgar/data/1759509/000175950925000025/exhibit211-subsidiariesofr.htm",Heuristic,true,2,0,false,
000164117225001195,EX-21,"https://www.sec.gov/Archives/edgar/data/1759546/000164117225001195/ex21-1.htm",Heuristic,true,2,0,false,
000175963125000051,EX-21,"https://www.sec.gov/Archives/edgar/data/1759631/000175963125000051/hyln-20241231xex211.htm",Heuristic,true,1,0,false,
000175965525000018,EX-21,"https://www.sec.gov/Archives/edgar/data/1759655/000175965525000018/exhibit211-listofsubsidiar.htm",Heuristic,true,39,0,false,
000162828025008338,EX-21,"https://www.sec.gov/Archives/edgar/data/1759774/000162828025008338/subsidiarieslistword.htm",Heuristic,true,38,0,false,
000164117225001500,EX-21,"https://www.sec.gov/Archives/edgar/data/1760233/000164117225001500/ex21.htm",Heuristic,true,2,0,false,
000176068925000010,EX-21,"https://www.sec.gov/Archives/edgar/data/1760689/000176068925000010/mvst20241231ex211subsidiar.htm",Heuristic,true,12,0,false,
000164117225001259,EX-21,"https://www.sec.gov/Archives/edgar/data/1760903/000164117225001259/ex21-1.htm",Heuristic,true,2,0,false,
000176096525000011,EX-21,"https://www.sec.gov/Archives/edgar/data/1760965/000176096525000011/kontoor202410-kex21.htm",Heuristic,true,44,0,false,
000143774925005069,EX-21,"https://www.sec.gov/Archives/edgar/data/1761312/000143774925005069/ex/702145.htm",Heuristic,true,7,0,false,
000155837025004669,EX-21,"https://www.sec.gov/Archives/edgar/data/1761510/000155837025004669/tilt-20241231xex21d1.htm",Heuristic,true,17,1,true,
000176169625000006,EX-21,"https://www.sec.gov/Archives/edgar/data/1761696/000176169625000006/crkn-20241231xexx211.htm",Heuristic,true,7,0,false,
000173112225000185,EX-21,"https://www.sec.gov/Archives/edgar/data/1762239/000173112225000185/e6298/ex21-1.htm",Heuristic,true,2,0,false,
000176404625000011,EX-21,"https://www.sec.gov/Archives/edgar/data/1764046/000176404625000011/exhibit211-listofsubsidiar.htm",Heuristic,true,34,0,false,
000095017025028394,EX-21,"https://www.sec.gov/Archives/edgar/data/1766363/000095017025028394/edr-ex21/1.htm",Heuristic,true,44,0,false,
000176640025000024,EX-21,"https://www.sec.gov/Archives/edgar/data/1766400/000176640025000024/listofsubsidiariesofpntgq4.htm",Heuristic,true,37,0,false,
000118518525000251,EX-21,"https://www.sec.gov/Archives/edgar/data/1766526/000118518525000251/tectpex21-1.htm",Heuristic,true,4,0,false,
000176704225000010,EX-21,"https://www.sec.gov/Archives/edgar/data/1767042/000176704225000010/ex211listofsubsidiariesaso.htm",Heuristic,true,3,0,false,
000176783725000006,EX-21,"https://www.sec.gov/Archives/edgar/data/1767837/000176783725000006/rmbi-20241231x10kexx21.htm",Heuristic,true,4,0,false,
000095017025034787,EX-21,"https://www.sec.gov/Archives/edgar/data/1768224/000095017025034787/arct-ex21/1.htm",Heuristic,true,3,0,false,
000162828025053372,EX-21,"https://www.sec.gov/Archives/edgar/data/1768267/000162828025053372/crnc-20250930xexx211.htm",Heuristic,true,34,0,false,
000155837025002324,EX-21,"https://www.sec.gov/Archives/edgar/data/1769617/000155837025002324/hone-20241231xex21.htm",Heuristic,true,2,0,false,
000164117225001676,EX-21,"https://www.sec.gov/Archives/edgar/data/1770501/000164117225001676/ex21-1.htm",Heuristic,true,27,0,false,
000095017025028554,EX-21,"https://www.sec.gov/Archives/edgar/data/1771514/000095017025028554/er-ex21/1.htm",Heuristic,true,54,0,false,
000177151525000017,EX-21,"https://www.sec.gov/Archives/edgar/data/1771515/000177151525000017/go202410-kexhibit211.htm",Heuristic,true,3,0,false,
000155837025002130,EX-21,"https://www.sec.gov/Archives/edgar/data/1771706/000155837025002130/vreof-20241231xex21d1.htm",Heuristic,true,21,1,true,
000162828025015131,EX-21,"https://www.sec.gov/Archives/edgar/data/1771910/000162828025015131/exhibit211listofsubsidiari.htm",Heuristic,true,2,0,false,
000164117225003967,EX-21,"https://www.sec.gov/Archives/edgar/data/1771995/000164117225003967/ex21-1.htm",Heuristic,true,1,0,false,
000177201625000153,EX-21,"https://www.sec.gov/Archives/edgar/data/1772016/000177201625000153/brbrfy2025ex211.htm",Heuristic,true,8,0,false,
000177269525000020,EX-21,"https://www.sec.gov/Archives/edgar/data/1772695/000177269525000020/exhibit211-subsidiarylist2.htm",Heuristic,true,45,0,false,
000095017025032221,EX-21,"https://www.sec.gov/Archives/edgar/data/1772704/000095017025032221/ck0001772704-ex21/1.htm",Heuristic,true,1,0,false,
000162828025015702,EX-21,"https://www.sec.gov/Archives/edgar/data/1772720/000162828025015702/ex21-sprux20241231x10k.htm",Heuristic,true,46,0,false,
000177292125000085,EX-21,"https://www.sec.gov/Archives/edgar/data/1772921/000177292125000085/onew-20250930xex211.htm",Heuristic,true,32,0,false,
000177338325000065,EX-21,"https://www.sec.gov/Archives/edgar/data/1773383/000177338325000065/exhibit211todynatraceformf.htm",Heuristic,true,4,0,false,
000177375125000062,EX-21,"https://www.sec.gov/Archives/edgar/data/1773751/000177375125000062/hims-20241231x10kxexhibit21.htm",Heuristic,true,7,0,false,
000162828025033105,EX-21,"https://www.sec.gov/Archives/edgar/data/1774170/000162828025033105/exhibit211-listofsubsidiar.htm",Heuristic,true,31,0,false,
000143774925011912,EX-21,"https://www.sec.gov/Archives/edgar/data/1774675/000143774925011912/ex/754803.htm",Heuristic,true,1,0,false,
000147793225006996,EX-21,"https://www.sec.gov/Archives/edgar/data/1775194/000147793225006996/upxi/ex211.htm",Heuristic,true,11,0,false,
000177573425000022,EX-21,"https://www.sec.gov/Archives/edgar/data/1775734/000177573425000022/ex21-03312025.htm",Heuristic,true,18,0,false,
000095017025035151,EX-21,"https://www.sec.gov/Archives/edgar/data/1776661/000095017025035151/adv-ex21/1.htm",Heuristic,true,3,0,false,
000177673825000003,EX-21,"https://www.sec.gov/Archives/edgar/data/1776738/000177673825000003/cbstf-20241231xexx211.htm",Heuristic,true,20,0,false,
000164117225001660,EX-21,"https://www.sec.gov/Archives/edgar/data/1777319/000164117225001660/ex21-1.htm",Heuristic,true,17,0,false,
000177783525000056,EX-21,"https://www.sec.gov/Archives/edgar/data/1777835/000177783525000056/ex-211xlistofsubsx123124.htm",Heuristic,true,18,0,false,
000143774925005526,EX-21,"https://www.sec.gov/Archives/edgar/data/1777921/000143774925005526/ex/751465.htm",Heuristic,true,29,1,true,
000095017025034600,EX-21,"https://www.sec.gov/Archives/edgar/data/1778129/000095017025034600/tsndf-ex21/1.htm",Heuristic,true,43,0,false,
000177912825000010,EX-21,"https://www.sec.gov/Archives/edgar/data/1779128/000177912825000010/blde-ex211xsubsidiarylisti.htm",Heuristic,true,10,0,false,
000177947425000007,EX-21,"https://www.sec.gov/Archives/edgar/data/1779474/000177947425000007/exhibit211listofsubsidiari.htm",Heuristic,true,19,0,false,
000101376225003542,EX-21,"https://www.sec.gov/Archives/edgar/data/1779523/000101376225003542/ea023586501ex21-1/muzinich.htm",Heuristic,true,1,0,false,
000155837025003845,EX-21,"https://www.sec.gov/Archives/edgar/data/1780201/000155837025003845/tmb-20241229xex21d1.htm",Heuristic,true,2,0,false,
000095017025030909,EX-21,"https://www.sec.gov/Archives/edgar/data/1780312/000095017025030909/asts-ex21/1.htm",Heuristic,true,11,0,false,
000178133525000010,EX-21,"https://www.sec.gov/Archives/edgar/data/1781335/000178133525000010/exhibit212024-12x3110xk.htm",Heuristic,true,34,0,false,
000095017025033724,EX-21,"https://www.sec.gov/Archives/edgar/data/1781730/000095017025033724/tcbx-ex21/1.htm",Heuristic,true,2,0,false,
000178175525000017,EX-21,"https://www.sec.gov/Archives/edgar/data/1781755/000178175525000017/exhibit-21fy2024q4.htm",Heuristic,true,43,0,false,
000178217025000018,EX-21,"https://www.sec.gov/Archives/edgar/data/1782170/000178217025000018/rely4q24-exhibit21110konly.htm",Heuristic,true,2,0,false,
000149315225010144,EX-21,"https://www.sec.gov/Archives/edgar/data/1782430/000149315225010144/ex21-1.htm",Heuristic,true,49,0,false,
000178252425000009,EX-21,"https://www.sec.gov/Archives/edgar/data/1782524/000178252425000009/ex211subsidiariesoftheregi.htm",Heuristic,true,4,0,false,
000155837025002397,EX-21,"https://www.sec.gov/Archives/edgar/data/1783032/000155837025002397/elev-20241231xex21d1.htm",Heuristic,true,1,0,false,
000178318025000008,EX-21,"https://www.sec.gov/Archives/edgar/data/1783180/000178318025000008/a2024-12x3110xkex21xsubsid.htm",Heuristic,true,31,0,false,
000095017025033077,EX-21,"https://www.sec.gov/Archives/edgar/data/1783328/000095017025033077/tcrx-ex21.htm",Heuristic,true,1,0,false,
000178387925000049,EX-21,"https://www.sec.gov/Archives/edgar/data/1783879/000178387925000049/exhibit211-12x31x24.htm",Heuristic,true,11,0,false,
000178425425000004,EX-21,"https://www.sec.gov/Archives/edgar/data/1784254/000178425425000004/mdia-ex21x20241231.htm",Heuristic,true,25,1,true,
000178453525000011,EX-21,"https://www.sec.gov/Archives/edgar/data/1784535/000178453525000011/prch-20241231xex211.htm",Heuristic,true,40,0,false,
000095017025043295,EX-21,"https://www.sec.gov/Archives/edgar/data/1784700/000095017025043295/ck0001784700-ex21/1.htm",Heuristic,true,5,0,false,
000101376225003282,EX-21,"https://www.sec.gov/Archives/edgar/data/1784970/000101376225003282/ea023380701ex21-1/nexttech.htm",Heuristic,true,2,0,false,
000095017025047893,EX-21,"https://www.sec.gov/Archives/edgar/data/1785592/000095017025047893/lfly-ex21/1.htm",Heuristic,true,3,0,false,
000178624825000004,EX-21,"https://www.sec.gov/Archives/edgar/data/1786248/000178624825000004/nrefex-211subsidiarieslist.htm",Heuristic,true,42,0,false,
000178635225000037,EX-21,"https://www.sec.gov/Archives/edgar/data/1786352/000178635225000037/bill-20250630xex211.htm",Heuristic,true,20,0,false,
000178684225000008,EX-21,"https://www.sec.gov/Archives/edgar/data/1786842/000178684225000008/a20241231-ex211.htm",Heuristic,true,39,0,false,
000143774925009807,EX-21,"https://www.sec.gov/Archives/edgar/data/1787414/000143774925009807/ex/699503.htm",Heuristic,true,1,0,false,
000121390025011694,EX-21,"https://www.sec.gov/Archives/edgar/data/1787518/000121390025011694/ea022639801ex21-1/nukkleus.htm",Heuristic,true,10,0,false,
000178823025000048,EX-21,"https://www.sec.gov/Archives/edgar/data/1788230/000178823025000048/ex-211xsubsidiaries.htm",Heuristic,true,2,0,false,
000162828025008137,EX-21,"https://www.sec.gov/Archives/edgar/data/1788882/000162828025008137/a211listofsubsidiaries.htm",Heuristic,true,9,0,false,
000095017025029159,EX-21,"https://www.sec.gov/Archives/edgar/data/1788999/000095017025029159/xper-ex21/1.htm",Heuristic,true,15,0,false,
000095017025042849,EX-21,"https://www.sec.gov/Archives/edgar/data/1789029/000095017025042849/aeva-ex21/1.htm",Heuristic,true,4,0,false,
000164117225001513,EX-21,"https://www.sec.gov/Archives/edgar/data/1789192/000164117225001513/ex21-1.htm",Heuristic,true,3,0,false,
000178976925000017,EX-21,"https://www.sec.gov/Archives/edgar/data/1789769/000178976925000017/exhibit211-listofsubsidiar.htm",Heuristic,true,5,0,false,
000095017025029068,EX-21,"https://www.sec.gov/Archives/edgar/data/1789832/000095017025029068/hesm-ex21/1.htm",Heuristic,true,28,0,false,
000178994025000010,EX-21,"https://www.sec.gov/Archives/edgar/data/1789940/000178994025000010/a211listofsubsidiaries2024.htm",Heuristic,true,10,1,true,
000095017025028346,EX-21,"https://www.sec.gov/Archives/edgar/data/1789972/000095017025028346/cgem-ex21/1.htm",Heuristic,true,4,0,false,
000106299325006145,EX-21,"https://www.sec.gov/Archives/edgar/data/1790169/000106299325006145/exhibit21-1.htm",Heuristic,true,23,0,false,
000179204425000008,EX-21,"https://www.sec.gov/Archives/edgar/data/1792044/000179204425000008/ex/21xvtrsx20241231.htm",Heuristic,true,25,0,false,
000179250925000005,EX-21,"https://www.sec.gov/Archives/edgar/data/1792509/000179250925000005/tpvcex211-123124.htm",Heuristic,true,2,0,false,
000162828025015891,EX-21,"https://www.sec.gov/Archives/edgar/data/1792781/000162828025015891/exhibit211listofsubsidiari.htm",Heuristic,true,7,0,false,
000162828025005715,EX-21,"https://www.sec.gov/Archives/edgar/data/1792789/000162828025005715/dash-fy2410xkxexx211.htm",Heuristic,true,6,0,false,
000179322925000022,EX-21,"https://www.sec.gov/Archives/edgar/data/1793229/000179322925000022/exhibit211-sub12x31x2024.htm",Heuristic,true,34,0,false,
000179365925000047,EX-21,"https://www.sec.gov/Archives/edgar/data/1793659/000179365925000047/rsi-2024ex211xlistofsubsid.htm",Heuristic,true,9,0,false,
000179451525000045,EX-21,"https://www.sec.gov/Archives/edgar/data/1794515/000179451525000045/zi-ex211x20250225.htm",Heuristic,true,22,0,false,
000179466925000011,EX-21,"https://www.sec.gov/Archives/edgar/data/1794669/000179466925000011/four-20241231x10kex211.htm",Heuristic,true,42,0,false,
000095017025028337,EX-21,"https://www.sec.gov/Archives/edgar/data/1794776/000095017025028337/psbd-ex21/1.htm",Heuristic,true,4,0,false,
000179478325000081,EX-21,"https://www.sec.gov/Archives/edgar/data/1794783/000179478325000081/exhibit211-listofsubsidiar.htm",Heuristic,true,11,0,false,
000162828025015957,EX-21,"https://www.sec.gov/Archives/edgar/data/1795815/000162828025015957/bcalq4-2024exhibit211.htm",Heuristic,true,2,0,false,
000179602225000041,EX-21,"https://www.sec.gov/Archives/edgar/data/1796022/000179602225000041/exhibit211-subsidiarieslis.htm",Heuristic,true,42,0,false,
000162828025008189,EX-21,"https://www.sec.gov/Archives/edgar/data/1796209/000162828025008189/apg-20241231exx211entityli.htm",Heuristic,true,42,0,false,
000164117225000205,EX-21,"https://www.sec.gov/Archives/edgar/data/1799011/000164117225000205/ex21-1.htm",Heuristic,true,2,1,true,
000179920825000012,EX-21,"https://www.sec.gov/Archives/edgar/data/1799208/000179920825000012/exhibit211subsidiariesofdu.htm",Heuristic,true,28,0,false,
000149315225010404,EX-21,"https://www.sec.gov/Archives/edgar/data/1799332/000149315225010404/ex21-1.htm",Heuristic,true,23,1,true,
000180022725000013,EX-21,"https://www.sec.gov/Archives/edgar/data/1800227/000180022725000013/iac-ex211/20241231.htm",Heuristic,true,46,0,false,
000095017025060216,EX-21,"https://www.sec.gov/Archives/edgar/data/1800347/000095017025060216/etwo-ex21/1.htm",Heuristic,true,4,0,false,
000101376225000918,EX-21,"https://www.sec.gov/Archives/edgar/data/1800637/000101376225000918/ea023440201ex21-1/agrify.htm",Heuristic,true,11,0,false,
000095017025021340,EX-21,"https://www.sec.gov/Archives/edgar/data/1800667/000095017025021340/frog-ex21/1.htm",Heuristic,true,3,0,false,
000162828025007110,EX-21,"https://www.sec.gov/Archives/edgar/data/1800/000162828025007110/subsidiariesofabbottlabora.htm",Heuristic,true,40,0,false,
000180117025000052,EX-21,"https://www.sec.gov/Archives/edgar/data/1801170/000180117025000052/a10-kexx212024.htm",Heuristic,true,21,0,false,
000180136825000009,EX-21,"https://www.sec.gov/Archives/edgar/data/1801368/000180136825000009/mpmcexhibit211123124.htm",Heuristic,true,4,0,false,
000101376225003507,EX-21,"https://www.sec.gov/Archives/edgar/data/1801602/000101376225003507/ea023028201ex21-1/springbig.htm",Heuristic,true,4,1,true,
000095017025039541,EX-21,"https://www.sec.gov/Archives/edgar/data/1802156/000095017025039541/xpof-ex21/1.htm",Heuristic,true,39,0,false,
000119312525064082,EX-21,"https://www.sec.gov/Archives/edgar/data/1802255/000119312525064082/d830848dex211.htm",Heuristic,true,50,0,false,
000095017025054434,EX-21,"https://www.sec.gov/Archives/edgar/data/1802450/000095017025054434/mspr-ex21/1.htm",Heuristic,true,56,0,false,
000155837025001441,EX-21,"https://www.sec.gov/Archives/edgar/data/1802665/000155837025001441/hrmy-20241231xex21d1.htm",Heuristic,true,4,0,false,
000180276825000010,EX-21,"https://www.sec.gov/Archives/edgar/data/1802768/000180276825000010/rprx-20241231ex211.htm",Heuristic,true,7,0,false,
000180349825000021,EX-21,"https://www.sec.gov/Archives/edgar/data/1803498/000180349825000021/bcred-20241231xex211.htm",Heuristic,true,39,0,false,
000180359925000022,EX-21,"https://www.sec.gov/Archives/edgar/data/1803599/000180359925000022/exhibit211-2024form10k.htm",Heuristic,true,42,0,false,
000095017025023148,EX-21,"https://www.sec.gov/Archives/edgar/data/1803696/000095017025023148/adea-ex21/1.htm",Heuristic,true,19,0,false,
000180373725000049,EX-21,"https://www.sec.gov/Archives/edgar/data/1803737/000180373725000049/exhibit211-enhabitincxlist.htm",Heuristic,true,46,0,false,
000095017025038107,EX-21,"https://www.sec.gov/Archives/edgar/data/1803901/000095017025038107/talk-ex21/1.htm",Heuristic,true,3,0,false,
000180391425000030,EX-21,"https://www.sec.gov/Archives/edgar/data/1803914/000180391425000030/plby10kexhibit211fy202410k.htm",Heuristic,true,22,1,true,
000162828025030786,EX-21,"https://www.sec.gov/Archives/edgar/data/1804591/000162828025030786/exhibit211/23andme-subsidi.htm",Heuristic,true,11,0,false,
000180528425000010,EX-21,"https://www.sec.gov/Archives/edgar/data/1805284/000180528425000010/ex211-rocketcompaniesincex.htm",Heuristic,true,3,0,false,
000162828025020355,EX-21,"https://www.sec.gov/Archives/edgar/data/1805385/000162828025020355/evlv-20241231xexx211.htm",Heuristic,true,3,0,false,
000162828025015548,EX-21,"https://www.sec.gov/Archives/edgar/data/1805521/000162828025015548/ex211/ffiesubs.htm",Heuristic,true,34,0,false,
000101376225003260,EX-21,"https://www.sec.gov/Archives/edgar/data/1805526/000101376225003260/ea023200701ex21-1/janover.htm",Heuristic,true,2,0,false,
000162828025010781,EX-21,"https://www.sec.gov/Archives/edgar/data/1805651/000162828025010781/exhibit211-subsidiariesofm.htm",Heuristic,true,23,0,false,
000162828025011690,EX-21,"https://www.sec.gov/Archives/edgar/data/1805833/000162828025011690/exhibit211subsidiariesofre.htm",Heuristic,true,15,0,false,
000180620125000033,EX-21,"https://www.sec.gov/Archives/edgar/data/1806201/000180620125000033/lpro-20241231ex211.htm",Heuristic,true,3,0,false,
000155837025002804,EX-21,"https://www.sec.gov/Archives/edgar/data/1806347/000155837025002804/west-20241231xex21.htm",Heuristic,true,18,0,false,
000005282725000018,EX-21,"https://www.sec.gov/Archives/edgar/data/1806931/000005282725000018/a4q202410k2024ex211.htm",Heuristic,true,10,0,false,
000164117225001569,EX-21,"https://www.sec.gov/Archives/edgar/data/1807046/000164117225001569/ex21.htm",Heuristic,true,54,0,false,
000162828025033813,EX-21,"https://www.sec.gov/Archives/edgar/data/1807794/000162828025033813/a211subsidiariesoftheregis.htm",Heuristic,true,9,0,false,
000095017025026108,EX-21,"https://www.sec.gov/Archives/edgar/data/1807846/000095017025026108/ml-ex21/1.htm",Heuristic,true,6,0,false,
000180822025000010,EX-21,"https://www.sec.gov/Archives/edgar/data/1808220/000180822025000010/goco-20241231xex211xform10.htm",Heuristic,true,11,0,false,
000180883425000009,EX-21,"https://www.sec.gov/Archives/edgar/data/1808834/000180883425000009/a20244q10kexhibit21.htm",Heuristic,true,27,0,false,
000095017025033066,EX-21,"https://www.sec.gov/Archives/edgar/data/1808865/000095017025033066/itos-ex21/1.htm",Heuristic,true,3,0,false,
000119312525211361,EX-21,"https://www.sec.gov/Archives/edgar/data/1808898/000119312525211361/d57150dex211.htm",Heuristic,true,8,0,false,
000180899725000014,EX-21,"https://www.sec.gov/Archives/edgar/data/1808997/000180899725000014/aout-20250430xexx211.htm",Heuristic,true,2,0,false,
000180910425000062,EX-21,"https://www.sec.gov/Archives/edgar/data/1809104/000180910425000062/alit-20241231xex211xsubsid.htm",Heuristic,true,33,0,false,
000180951925000040,EX-21,"https://www.sec.gov/Archives/edgar/data/1809519/000180951925000040/gdrx-20241231xex211.htm",Heuristic,true,12,0,false,
000147793225002281,EX-21,"https://www.sec.gov/Archives/edgar/data/1809750/000147793225002281/edbl/ex211.htm",Heuristic,true,4,0,false,
000181001925000043,EX-21,"https://www.sec.gov/Archives/edgar/data/1810019/000181001925000043/rxt211q42024subsidiaries.htm",Heuristic,true,39,0,false,
000095017025034761,EX-21,"https://www.sec.gov/Archives/edgar/data/1810182/000095017025034761/alxo-ex21/1.htm",Heuristic,true,2,0,false,
000162828025008583,EX-21,"https://www.sec.gov/Archives/edgar/data/1810546/000162828025008583/ebc-20241231xex21xsubsidia.htm",Heuristic,true,7,0,false,
000181080625000026,EX-21,"https://www.sec.gov/Archives/edgar/data/1810806/000181080625000026/ex211-q42024subsidiaries.htm",Heuristic,true,5,0,false,
000095017025034903,EX-21,"https://www.sec.gov/Archives/edgar/data/1811063/000095017025034903/nuvb-ex21/1.htm",Heuristic,true,9,0,false,
000162828025007725,EX-21,"https://www.sec.gov/Archives/edgar/data/1811210/000162828025007725/fy24form10-kxex211.htm",Heuristic,true,3,0,false,
000095017025027308,EX-21,"https://www.sec.gov/Archives/edgar/data/1811414/000095017025027308/qs-ex21/1.htm",Heuristic,true,2,0,false,
000164117225004858,EX-21,"https://www.sec.gov/Archives/edgar/data/1812360/000164117225004858/ex21-1.htm",Heuristic,true,4,0,false,
000181255425000009,EX-21,"https://www.sec.gov/Archives/edgar/data/1812554/000181255425000009/ocic-20241231x10kex211.htm",Heuristic,true,35,0,false,
000149315225009445,EX-21,"https://www.sec.gov/Archives/edgar/data/1812727/000149315225009445/ex21-1.htm",Heuristic,true,9,1,true,
000143774925009359,EX-21,"https://www.sec.gov/Archives/edgar/data/1813452/000143774925009359/ex/732862.htm",Heuristic,true,15,0,false,
000155837025004161,EX-21,"https://www.sec.gov/Archives/edgar/data/1814114/000155837025004161/obio-20241231xex21d1.htm",Heuristic,true,7,0,false,
000181428725000006,EX-21,"https://www.sec.gov/Archives/edgar/data/1814287/000181428725000006/exhibit211/ablsubsidiaries.htm",Heuristic,true,18,0,false,
000143774925008868,EX-21,"https://www.sec.gov/Archives/edgar/data/1814974/000143774925008868/ex/780334.htm",Heuristic,true,30,0,false,
000095017025028355,EX-21,"https://www.sec.gov/Archives/edgar/data/1815442/000095017025028355/kymr-ex21/1.htm",Heuristic,true,1,0,false,
000162828025014318,EX-21,"https://www.sec.gov/Archives/edgar/data/1816581/000162828025014318/oust-ex211xlistofsubsidiar.htm",Heuristic,true,18,0,false,
000162828025012035,EX-21,"https://www.sec.gov/Archives/edgar/data/1816708/000162828025012035/ex-211listofsubsidiariesof.htm",Heuristic,true,1,0,false,
000095017025028390,EX-21,"https://www.sec.gov/Archives/edgar/data/1816736/000095017025028390/iron-ex21/1.htm",Heuristic,true,2,0,false,
000164117225000939,EX-21,"https://www.sec.gov/Archives/edgar/data/1817004/000164117225000939/ex21-1.htm",Heuristic,true,2,0,false,
000181735825000027,EX-21,"https://www.sec.gov/Archives/edgar/data/1817358/000181735825000027/exhibit211-fy2024.htm",Heuristic,true,7,0,false,
000121390025032266,EX-21,"https://www.sec.gov/Archives/edgar/data/1817511/000121390025032266/ea023722201ex21-1/society.htm",Heuristic,true,29,1,true,
000101376225002071,EX-21,"https://www.sec.gov/Archives/edgar/data/1817825/000101376225002071/ea023010001ex21-1/steele.htm",Heuristic,true,1,0,false,
000162828025012407,EX-21,"https://www.sec.gov/Archives/edgar/data/1818093/000162828025012407/ex211-subsidiariesofthereg.htm",Heuristic,true,15,0,false,
000095017025026848,EX-21,"https://www.sec.gov/Archives/edgar/data/1818201/000095017025026848/cccs-ex21/1.htm",Heuristic,true,4,0,false,
000181833125000021,EX-21,"https://www.sec.gov/Archives/edgar/data/1818331/000181833125000021/exhibit211-genedxsubsidiar.htm",Heuristic,true,2,0,false,
000181838325000022,EX-21,"https://www.sec.gov/Archives/edgar/data/1818383/000181838325000022/max-20241231x10kexx211.htm",Heuristic,true,5,0,false,
000181850225000003,EX-21,"https://www.sec.gov/Archives/edgar/data/1818502/000181850225000003/opfi-20241231x10xkex211xsu.htm",Heuristic,true,18,0,false,
000143774925004906,EX-21,"https://www.sec.gov/Archives/edgar/data/1818644/000143774925004906/ex/758194.htm",Heuristic,true,3,0,false,
000095017025028356,EX-21,"https://www.sec.gov/Archives/edgar/data/1818794/000095017025028356/dyn-ex21/1.htm",Heuristic,true,1,0,false,
000155837025004167,EX-21,"https://www.sec.gov/Archives/edgar/data/1818844/000155837025004167/dwtx-20241231xex21d1.htm",Heuristic,true,5,0,false,
000181887425000016,EX-21,"https://www.sec.gov/Archives/edgar/data/1818874/000181887425000016/ex21-sofiq424.htm",Heuristic,true,2,0,false,
000181914225000017,EX-21,"https://www.sec.gov/Archives/edgar/data/1819142/000181914225000017/ses-20241231xex21d1.htm",Heuristic,true,7,1,true,
000181939425000007,EX-21,"https://www.sec.gov/Archives/edgar/data/1819394/000181939425000007/mttr-exhibit21122625.htm",Heuristic,true,7,0,false,
000181939525000088,EX-21,"https://www.sec.gov/Archives/edgar/data/1819395/000181939525000088/exhibit211-significantsubs.htm",Heuristic,true,12,0,false,
000181949325000043,EX-21,"https://www.sec.gov/Archives/edgar/data/1819493/000181949325000043/a202410-kexhibit211.htm",Heuristic,true,8,0,false,
000181951625000012,EX-21,"https://www.sec.gov/Archives/edgar/data/1819516/000181951625000012/ex-211xwheelsuplistofsubsi.htm",Heuristic,true,31,0,false,
000181979625000006,EX-21,"https://www.sec.gov/Archives/edgar/data/1819796/000181979625000006/exhibit211q42024.htm",Heuristic,true,38,0,false,
000181981025000063,EX-21,"https://www.sec.gov/Archives/edgar/data/1819810/000181981025000063/exhibit21-subsidiariesofth.htm",Heuristic,true,16,0,false,
000181984825000196,EX-21,"https://www.sec.gov/Archives/edgar/data/1819848/000181984825000196/joby-20241231xex21/1.htm",Heuristic,true,12,0,false,
000155837025001814,EX-21,"https://www.sec.gov/Archives/edgar/data/1819928/000155837025001814/dv-20241231xex21d1.htm",Heuristic,true,28,0,false,
000181997425000010,EX-21,"https://www.sec.gov/Archives/edgar/data/1819974/000181997425000010/skyt-20241231xex2111111.htm",Heuristic,true,3,0,false,
000181998925000005,EX-21,"https://www.sec.gov/Archives/edgar/data/1819989/000181998925000005/exh211subsidiaries.htm",Heuristic,true,14,1,true,
000162828025008724,EX-21,"https://www.sec.gov/Archives/edgar/data/1819994/000162828025008724/rklb-ex21/1.htm",Heuristic,true,13,0,false,
000162828025013959,EX-21,"https://www.sec.gov/Archives/edgar/data/1820302/000162828025013959/ex211-subsidiariesofbakkth.htm",Heuristic,true,14,0,false,
000182072125000023,EX-21,"https://www.sec.gov/Archives/edgar/data/1820721/000182072125000023/exhibit211202410-k.htm",Heuristic,true,13,0,false,
000162828025011370,EX-21,"https://www.sec.gov/Archives/edgar/data/1820872/000162828025011370/gbtg-20241231xexx211.htm",Heuristic,true,39,0,false,
000095017025025775,EX-21,"https://www.sec.gov/Archives/edgar/data/1820878/000095017025025775/aiv-ex21/1.htm",Heuristic,true,39,0,false,
000182095325000080,EX-21,"https://www.sec.gov/Archives/edgar/data/1820953/000182095325000080/afrm-63025exx211xsubsidiar.htm",Heuristic,true,40,0,false,
000155837025002400,EX-21,"https://www.sec.gov/Archives/edgar/data/1821159/000155837025002400/evgo-20241231xex21d1.htm",Heuristic,true,10,0,false,
000182116025000007,EX-21,"https://www.sec.gov/Archives/edgar/data/1821160/000182116025000007/ghld-20241231xex211subsidi.htm",Heuristic,true,10,0,false,
000149315225011033,EX-21,"https://www.sec.gov/Archives/edgar/data/1821175/000149315225011033/ex21-1.htm",Heuristic,true,8,0,false,
000119312525323811,EX-21,"https://www.sec.gov/Archives/edgar/data/1821806/000119312525323811/lesl-ex21/1.htm",Heuristic,true,9,0,false,
000182182525000006,EX-21,"https://www.sec.gov/Archives/edgar/data/1821825/000182182525000006/ogn12312024-exhibit211.htm",Heuristic,true,37,0,false,
000182235925000018,EX-21,"https://www.sec.gov/Archives/edgar/data/1822359/000182235925000018/dcgo-20241231xex211.htm",Heuristic,true,43,0,false,
000182247925000015,EX-21,"https://www.sec.gov/Archives/edgar/data/1822479/000182247925000015/shc20241231/exhibitx21x1.htm",Heuristic,true,42,1,true,
000143774925008956,EX-21,"https://www.sec.gov/Archives/edgar/data/1822791/000143774925008956/ex/726995.htm",Heuristic,true,4,0,false,
000182296625000024,EX-21,"https://www.sec.gov/Archives/edgar/data/1822966/000182296625000024/ex211subsidiaries.htm",Heuristic,true,1,0,false,
000182299325000011,EX-21,"https://www.sec.gov/Archives/edgar/data/1822993/000182299325000011/exhibit211listofsubsidiari.htm",Heuristic,true,38,0,false,
000110465925116870,EX-21,"https://www.sec.gov/Archives/edgar/data/1823000/000110465925116870/conxu-20241231xex21d1.htm",Heuristic,true,4,0,false,
000095017025043249,EX-21,"https://www.sec.gov/Archives/edgar/data/1823406/000095017025043249/afbi-ex21.htm",Heuristic,true,1,0,false,
000095017025048724,EX-21,"https://www.sec.gov/Archives/edgar/data/1823466/000095017025048724/note-ex21/1.htm",Heuristic,true,17,1,true,
000143774925009606,EX-21,"https://www.sec.gov/Archives/edgar/data/1823587/000143774925009606/ex/731148.htm",Heuristic,true,31,0,false,
000149315225013547,EX-21,"https://www.sec.gov/Archives/edgar/data/1823635/000149315225013547/ex21-1.htm",Heuristic,true,6,0,false,
000095017025027737,EX-21,"https://www.sec.gov/Archives/edgar/data/1823794/000095017025027737/arko-ex21/1.htm",Heuristic,true,47,0,false,
000182387825000017,EX-21,"https://www.sec.gov/Archives/edgar/data/1823878/000182387825000017/myps-q42024xex211.htm",Heuristic,true,15,0,false,
000182394525000013,EX-21,"https://www.sec.gov/Archives/edgar/data/1823945/000182394525000013/a123124exhibit211.htm",Heuristic,true,40,0,false,
000141057825001379,EX-21,"https://www.sec.gov/Archives/edgar/data/1824403/000141057825001379/rsvr-20250331xex21d1.htm",Heuristic,true,17,0,false,
000162828025008823,EX-21,"https://www.sec.gov/Archives/edgar/data/1824502/000162828025008823/exhibit211-fy24.htm",Heuristic,true,2,0,false,
000095017025027722,EX-21,"https://www.sec.gov/Archives/edgar/data/1824920/000095017025027722/ionq-ex21/1.htm",Heuristic,true,1,0,false,
000182508825000014,EX-21,"https://www.sec.gov/Archives/edgar/data/1825088/000182508825000014/dfh-2024xexx211.htm",Heuristic,true,42,0,false,
000095017025045559,EX-21,"https://www.sec.gov/Archives/edgar/data/1825265/000095017025045559/ck0001825265-ex21/1.htm",Heuristic,true,2,0,false,
000141057825000437,EX-21,"https://www.sec.gov/Archives/edgar/data/1825384/000141057825000437/none-20241231xex21d1.htm",Heuristic,true,2,0,false,
000165495425004315,EX-21,"https://www.sec.gov/Archives/edgar/data/1825452/000165495425004315/onfo/ex211.htm",Heuristic,true,1,0,false,
000182600025000035,EX-21,"https://www.sec.gov/Archives/edgar/data/1826000/000182600025000035/exhibit211subsidiaries2023.htm",Heuristic,true,5,0,false,
000182600025000076,EX-21,"https://www.sec.gov/Archives/edgar/data/1826000/000182600025000076/exhibit211subsidiaries2024.htm",Heuristic,true,5,0,false,
000095017025054303,EX-21,"https://www.sec.gov/Archives/edgar/data/1826011/000095017025054303/bnzi-ex21/1.htm",Heuristic,true,2,0,false,
000095017025042344,EX-21,"https://www.sec.gov/Archives/edgar/data/1826457/000095017025042344/glue-ex21/1.htm",Heuristic,true,2,0,false,
000095017025039495,EX-21,"https://www.sec.gov/Archives/edgar/data/1826600/000095017025039495/mntk-ex21/1.htm",Heuristic,true,28,1,true,
000182666725000030,EX-21,"https://www.sec.gov/Archives/edgar/data/1826667/000182666725000030/ex211listofsubsidiaries.htm",Heuristic,true,1,0,false,
000095017025024148,EX-21,"https://www.sec.gov/Archives/edgar/data/1826681/000095017025024148/pdyn-ex21.htm",Heuristic,true,5,0,false,
000095017025046760,EX-21,"https://www.sec.gov/Archives/edgar/data/1826889/000095017025046760/body-ex21/1.htm",Heuristic,true,1,0,false,
000182709025000014,EX-21,"https://www.sec.gov/Archives/edgar/data/1827090/000182709025000014/certara-currentlistofsubsi.htm",Heuristic,true,42,0,false,
000162828025010942,EX-21,"https://www.sec.gov/Archives/edgar/data/1827821/000162828025010942/frgeex-211q424.htm",Heuristic,true,22,0,false,
000182801625000011,EX-21,"https://www.sec.gov/Archives/edgar/data/1828016/000182801625000011/a2024q4-ex211xsubsidiaries.htm",Heuristic,true,6,0,false,
000182810525000013,EX-21,"https://www.sec.gov/Archives/edgar/data/1828105/000182810525000013/exhibit211-listofsubsidiar.htm",Heuristic,true,25,0,false,
000095017025047224,EX-21,"https://www.sec.gov/Archives/edgar/data/1828161/000095017025047224/ftci-ex21/1.htm",Heuristic,true,6,0,false,
000182818525000021,EX-21,"https://www.sec.gov/Archives/edgar/data/1828185/000182818525000021/brns-20241231xex211.htm",Heuristic,true,6,0,false,
000182831825000057,EX-21,"https://www.sec.gov/Archives/edgar/data/1828318/000182831825000057/envx-q420241229exx211subli.htm",Heuristic,true,9,0,false,
000182853625000032,EX-21,"https://www.sec.gov/Archives/edgar/data/1828536/000182853625000032/ex211listofsubsidiaries/20.htm",Heuristic,true,12,0,false,
000182872325000010,EX-21,"https://www.sec.gov/Archives/edgar/data/1828723/000182872325000010/listofentities2024.htm",Heuristic,true,19,0,false,
000164117225000565,EX-21,"https://www.sec.gov/Archives/edgar/data/1828748/000164117225000565/ex21-1.htm",Heuristic,true,9,0,false,
000182879125000010,EX-21,"https://www.sec.gov/Archives/edgar/data/1828791/000182879125000010/dsp-20241231xex211listofsu.htm",Heuristic,true,5,0,false,
000182881125000009,EX-21,"https://www.sec.gov/Archives/edgar/data/1828811/000182881125000009/a211listofsubsidiaries-fin.htm",Heuristic,true,14,0,false,
000182893725000009,EX-21,"https://www.sec.gov/Archives/edgar/data/1828937/000182893725000009/exhibit211subsidiaries.htm",Heuristic,true,6,0,false,
000182897225000073,EX-21,"https://www.sec.gov/Archives/edgar/data/1828972/000182897225000073/ex-211xsubsidiariesofbuzzf.htm",Heuristic,true,27,1,true,
000114036125013493,EX-21,"https://www.sec.gov/Archives/edgar/data/1829280/000114036125013493/ef20039000/ex21.htm",Heuristic,true,6,0,false,
000149315225024679,EX-21,"https://www.sec.gov/Archives/edgar/data/1829311/000149315225024679/ex21.htm",Heuristic,true,2,0,false,
000182986425000016,EX-21,"https://www.sec.gov/Archives/edgar/data/1829864/000182986425000016/exhibit211subsidiaries2024.htm",Heuristic,true,19,0,false,
000095017025028422,EX-21,"https://www.sec.gov/Archives/edgar/data/1830033/000095017025028422/pct-ex21/1.htm",Heuristic,true,3,0,false,
000095017025030151,EX-21,"https://www.sec.gov/Archives/edgar/data/1830043/000095017025030151/bmbl-ex21/1.htm",Heuristic,true,37,0,false,
000101376225001863,EX-21,"https://www.sec.gov/Archives/edgar/data/1830081/000101376225001863/ea023430701ex21-1/rumble.htm",Heuristic,true,9,0,false,
000162828025007819,EX-21,"https://www.sec.gov/Archives/edgar/data/1830214/000162828025007819/dna-20241231xex211.htm",Heuristic,true,5,0,false,
000119312525194119,EX-21,"https://www.sec.gov/Archives/edgar/data/1831096/000119312525194119/geg-ex21/1.htm",Heuristic,true,10,0,false,
000162828025007721,EX-21,"https://www.sec.gov/Archives/edgar/data/1831097/000162828025007721/ex-211/2024.htm",Heuristic,true,34,0,false,
000183163125000023,EX-21,"https://www.sec.gov/Archives/edgar/data/1831631/000183163125000023/a21-subsidiaries2024.htm",Heuristic,true,2,0,false,
000183165125000019,EX-21,"https://www.sec.gov/Archives/edgar/data/1831651/000183165125000019/exhibit211subsidiariesofth.htm",Heuristic,true,5,0,false,
000162828025009448,EX-21,"https://www.sec.gov/Archives/edgar/data/1831840/000162828025009448/exhibit21112312024.htm",Heuristic,true,16,1,true,
000162828025008780,EX-21,"https://www.sec.gov/Archives/edgar/data/1831915/000162828025008780/exhibit211subsidiaries1.htm",Heuristic,true,9,0,false,
000095017025038504,EX-21,"https://www.sec.gov/Archives/edgar/data/1832332/000095017025038504/avah-ex21/1.htm",Heuristic,true,31,0,false,
000162828025008730,EX-21,"https://www.sec.gov/Archives/edgar/data/1832466/000162828025008730/alhc-20241231xexx211.htm",Heuristic,true,15,0,false,
000155837025002212,EX-21,"https://www.sec.gov/Archives/edgar/data/1833197/000155837025002212/swim-20241231xex21d1.htm",Heuristic,true,15,0,false,
000121390025026157,EX-21,"https://www.sec.gov/Archives/edgar/data/1833498/000121390025026157/ea023503901ex21/spectral.htm",Heuristic,true,4,0,false,
000162828025009248,EX-21,"https://www.sec.gov/Archives/edgar/data/1833756/000162828025009248/exhibit212024.htm",Heuristic,true,29,0,false,
000183437625000062,EX-21,"https://www.sec.gov/Archives/edgar/data/1834376/000183437625000062/ex21-subsidiarylistx2025/.htm",Heuristic,true,26,0,false,
000183449425000018,EX-21,"https://www.sec.gov/Archives/edgar/data/1834494/000183449425000018/exhibit211to2024form10-k.htm",Heuristic,true,8,0,false,
000183458425000030,EX-21,"https://www.sec.gov/Archives/edgar/data/1834584/000183458425000030/cpng-12312024exhibit211.htm",Heuristic,true,7,0,false,
000183462225000009,EX-21,"https://www.sec.gov/Archives/edgar/data/1834622/000183462225000009/a2024ex211-subsidiariesoft.htm",Heuristic,true,20,0,false,
000001834925000049,EX-21,"https://www.sec.gov/Archives/edgar/data/18349/000001834925000049/snv/12312024xfilingxex211.htm",Heuristic,true,34,4,true,
000183526825000014,EX-21,"https://www.sec.gov/Archives/edgar/data/1835268/000183526825000014/cntb-20241231xexx211.htm",Heuristic,true,7,0,false,
000110465925093884,EX-21,"https://www.sec.gov/Archives/edgar/data/1835385/000110465925093884/mara-20250630xex21.htm",Heuristic,true,3,0,false,
000095017025025226,EX-21,"https://www.sec.gov/Archives/edgar/data/1835597/000095017025025226/pepg-ex21/1.htm",Heuristic,true,1,0,false,
000183563225000057,EX-21,"https://www.sec.gov/Archives/edgar/data/1835632/000183563225000057/mrvl-212025exhibit211.htm",Heuristic,true,41,1,true,
000183583025000014,EX-21,"https://www.sec.gov/Archives/edgar/data/1835830/000183583025000014/a10-kexhibit211.htm",Heuristic,true,5,0,false,
000162828025013683,EX-21,"https://www.sec.gov/Archives/edgar/data/1835856/000162828025013683/betterhomefinance/2023xex2.htm",Heuristic,true,33,0,false,
000183683325000050,EX-21,"https://www.sec.gov/Archives/edgar/data/1836833/000183683325000050/a211listofsubsidiaries.htm",Heuristic,true,12,2,true,
000183724025000278,EX-21,"https://www.sec.gov/Archives/edgar/data/1837240/000183724025000278/exhibit211-listofsubsidiar.htm",Heuristic,true,12,0,false,
000095017025038785,EX-21,"https://www.sec.gov/Archives/edgar/data/1837532/000095017025038785/ck0001837532-ex21/1.htm",Heuristic,true,12,0,false,
000183768625000024,EX-21,"https://www.sec.gov/Archives/edgar/data/1837686/000183768625000024/ex211-listofsubs20241231.htm",Heuristic,true,15,0,false,
000155837025002499,EX-21,"https://www.sec.gov/Archives/edgar/data/1838359/000155837025002499/rgti-20241231xex21d1.htm",Heuristic,true,6,1,true,
000162828025015622,EX-21,"https://www.sec.gov/Archives/edgar/data/1838406/000162828025015622/bkv-ex211xlistofsubsidiari.htm",Heuristic,true,15,0,false,
000162828025008302,EX-21,"https://www.sec.gov/Archives/edgar/data/1839341/000162828025008302/exhibit211subsidiariesofco.htm",Heuristic,true,4,0,false,
000155837025003247,EX-21,"https://www.sec.gov/Archives/edgar/data/1839530/000155837025003247/xbp-20241231xex21d1.htm",Heuristic,true,39,0,false,
000183983925000032,EX-21,"https://www.sec.gov/Archives/edgar/data/1839839/000183983925000032/exhibit211-subsidiariesofj.htm",Heuristic,true,22,0,false,
000095017025041379,EX-21,"https://www.sec.gov/Archives/edgar/data/1840229/000095017025041379/inkt-ex21/1.htm",Heuristic,true,2,0,false,
000184050225000019,EX-21,"https://www.sec.gov/Archives/edgar/data/1840502/000184050225000019/exhibit21.htm",Heuristic,true,3,0,false,
000184057225000012,EX-21,"https://www.sec.gov/Archives/edgar/data/1840572/000184057225000012/bowl-ex211x063024subsidiar.htm",Heuristic,true,1,0,false,
000155837025003988,EX-21,"https://www.sec.gov/Archives/edgar/data/1840748/000155837025003988/lvtx-20241231xex21d1.htm",Heuristic,true,2,0,false,
000184077625000033,EX-21,"https://www.sec.gov/Archives/edgar/data/1840776/000184077625000033/hgty-12312024xex211.htm",Heuristic,true,31,0,false,
000162828025011821,EX-21,"https://www.sec.gov/Archives/edgar/data/1840856/000162828025011821/soun-20241231x10kxexx211.htm",Heuristic,true,13,0,false,
000101376225004299,EX-21,"https://www.sec.gov/Archives/edgar/data/1840877/000101376225004299/ea023532001ex21-1/envoy.htm",Heuristic,true,2,0,false,
000095017025040244,EX-21,"https://www.sec.gov/Archives/edgar/data/1840904/000095017025040244/atai-ex21/1.htm",Heuristic,true,12,0,false,
000101376225001646,EX-21,"https://www.sec.gov/Archives/edgar/data/1841330/000101376225001646/ea023088801ex21-1/pasithea.htm",Heuristic,true,3,0,false,
000095017025038112,EX-21,"https://www.sec.gov/Archives/edgar/data/1841514/000095017025038112/ck0001841514-ex21/1.htm",Heuristic,true,4,0,false,
000118518525001886,EX-21,"https://www.sec.gov/Archives/edgar/data/1841610/000118518525001886/bpgcacqex21-1.htm",Heuristic,true,3,0,false,
000162828025009207,EX-21,"https://www.sec.gov/Archives/edgar/data/1841925/000162828025009207/exhibit21q4.htm",Heuristic,true,25,0,false,
000095017025030098,EX-21,"https://www.sec.gov/Archives/edgar/data/1841968/000095017025030098/px-ex21/1.htm",Heuristic,true,14,0,false,
000184202225000003,EX-21,"https://www.sec.gov/Archives/edgar/data/1842022/000184202225000003/a12312024ex211.htm",Heuristic,true,4,0,false,
000184227925000049,EX-21,"https://www.sec.gov/Archives/edgar/data/1842279/000184227925000049/subsidiaries12-31x24.htm",Heuristic,true,47,0,false,
000184235625000029,EX-21,"https://www.sec.gov/Archives/edgar/data/1842356/000184235625000029/exhibit211q42024.htm",Heuristic,true,5,0,false,
000184271825000023,EX-21,"https://www.sec.gov/Archives/edgar/data/1842718/000184271825000023/ex-211subsidiariesofintegr.htm",Heuristic,true,3,0,false,
000147793225002151,EX-21,"https://www.sec.gov/Archives/edgar/data/1843656/000147793225002151/rmco/ex211.htm",Heuristic,true,2,0,false,
000184445225000023,EX-21,"https://www.sec.gov/Archives/edgar/data/1844452/000184445225000023/ex211listofsubsidiaries2024.htm",Heuristic,true,3,0,false,
000162828025015543,EX-21,"https://www.sec.gov/Archives/edgar/data/1844971/000162828025015543/gree-20241231xex211listofs.htm",Heuristic,true,27,0,false,
000121390025026222,EX-21,"https://www.sec.gov/Archives/edgar/data/1845123/000121390025026222/ea023551501ex21-1/aleanna.htm",Heuristic,true,8,0,false,
000095017025029100,EX-21,"https://www.sec.gov/Archives/edgar/data/1845257/000095017025029100/lfst-ex21/1.htm",Heuristic,true,19,0,false,
000155837025001804,EX-21,"https://www.sec.gov/Archives/edgar/data/1845815/000155837025001804/payo-20241231xex21d1.htm",Heuristic,true,48,0,false,
000162828025015163,EX-21,"https://www.sec.gov/Archives/edgar/data/1846017/000162828025015163/a2024exhibit21subsidiaries.htm",Heuristic,true,4,0,false,
000095017025034279,EX-21,"https://www.sec.gov/Archives/edgar/data/1846084/000095017025034279/jetmf-ex21/1.htm",Heuristic,true,8,0,false,
000121390025032956,EX-21,"https://www.sec.gov/Archives/edgar/data/1847355/000121390025032956/ea023571001ex21/targe1.htm",Heuristic,true,2,0,false,
000155837025002975,EX-21,"https://www.sec.gov/Archives/edgar/data/1847398/000155837025002975/necb-20241231xex21d0.htm",Heuristic,true,6,0,false,
000184790325000051,EX-21,"https://www.sec.gov/Archives/edgar/data/1847903/000184790325000051/ex21cnta/subs2024.htm",Heuristic,true,6,0,false,
000164117225001755,EX-21,"https://www.sec.gov/Archives/edgar/data/1847986/000164117225001755/ex21-1.htm",Heuristic,true,3,0,false,
000162828025008390,EX-21,"https://www.sec.gov/Archives/edgar/data/1848416/000162828025008390/veranosubsidiarieslist.htm",Heuristic,true,39,0,false,
000162828025014490,EX-21,"https://www.sec.gov/Archives/edgar/data/1849056/000162828025014490/ex211listofsubsidiaries.htm",Heuristic,true,3,0,false,
000184908925000005,EX-21,"https://www.sec.gov/Archives/edgar/data/1849089/000184908925000005/exhibit-listofsubsidiaries.htm",Heuristic,true,6,0,false,
000162828025006973,EX-21,"https://www.sec.gov/Archives/edgar/data/1849253/000162828025006973/exhibit211.htm",Heuristic,true,38,0,false,
000155837025003827,EX-21,"https://www.sec.gov/Archives/edgar/data/1849466/000155837025003827/tcbs-20241231xex21.htm",Heuristic,true,2,0,false,
000114036125004822,EX-21,"https://www.sec.gov/Archives/edgar/data/1849635/000114036125004822/ef20039039/ex21-1.htm",Heuristic,true,2,0,false,
000095017025042155,EX-21,"https://www.sec.gov/Archives/edgar/data/1849894/000095017025042155/ck0001849894-ex21/1.htm",Heuristic,true,3,0,false,
000095017025044864,EX-21,"https://www.sec.gov/Archives/edgar/data/18498/000095017025044864/gco-ex21.htm",Heuristic,true,15,0,false,
000155837025003299,EX-21,"https://www.sec.gov/Archives/edgar/data/1850119/000155837025003299/ipsc-20241231xex21d1.htm",Heuristic,true,4,0,false,
000095017025040483,EX-21,"https://www.sec.gov/Archives/edgar/data/1850270/000095017025040483/prok-ex21/1.htm",Heuristic,true,6,0,false,
000185132225000023,EX-21,"https://www.sec.gov/Archives/edgar/data/1851322/000185132225000023/listofsubsidiaries1.htm",Heuristic,true,8,0,false,
000114036125010300,EX-21,"https://www.sec.gov/Archives/edgar/data/1851612/000114036125010300/ef20040178/ex21-1.htm",Heuristic,true,3,0,false,
000185213125000021,EX-21,"https://www.sec.gov/Archives/edgar/data/1852131/000185213125000021/exhibit211-listofsubsidiar.htm",Heuristic,true,22,0,false,
000185224425000007,EX-21,"https://www.sec.gov/Archives/edgar/data/1852244/000185224425000007/gxo2024q410-ksubsidiaries.htm",Heuristic,true,20,0,false,
000095017025047586,EX-21,"https://www.sec.gov/Archives/edgar/data/1852575/000095017025047586/sstvi-ex21/1.htm",Heuristic,true,1,0,false,
000162828025015715,EX-21,"https://www.sec.gov/Archives/edgar/data/1853070/000162828025015715/ex211formlistofsubsidiaries.htm",Heuristic,true,4,0,false,
000185314525000009,EX-21,"https://www.sec.gov/Archives/edgar/data/1853145/000185314525000009/ex211evcmlistofsubsidiaries.htm",Heuristic,true,35,0,false,
000095017025024533,EX-21,"https://www.sec.gov/Archives/edgar/data/1853513/000095017025024533/mcw-ex21/1.htm",Heuristic,true,37,0,false,
000095017025027728,EX-21,"https://www.sec.gov/Archives/edgar/data/1854139/000095017025027728/zvia-ex21/1.htm",Heuristic,true,1,0,false,
000185440125000062,EX-21,"https://www.sec.gov/Archives/edgar/data/1854401/000185440125000062/brdg-20241231exx211.htm",Heuristic,true,53,0,false,
000149315225016073,EX-21,"https://www.sec.gov/Archives/edgar/data/1854445/000149315225016073/ex21-1.htm",Heuristic,true,6,0,false,
000164117225003608,EX-21,"https://www.sec.gov/Archives/edgar/data/1854963/000164117225003608/ex21-1.htm",Heuristic,true,2,0,false,
000185496425000004,EX-21,"https://www.sec.gov/Archives/edgar/data/1854964/000185496425000004/nlcplistofsubsidiaries2024.htm",Heuristic,true,34,0,false,
000095017025042645,EX-21,"https://www.sec.gov/Archives/edgar/data/1855447/000095017025042645/tygo-ex21/1.htm",Heuristic,true,8,0,false,
000185545725000022,EX-21,"https://www.sec.gov/Archives/edgar/data/1855457/000185545725000022/a2024ex211-listofsubsidiar.htm",Heuristic,true,32,0,false,
000101376225002263,EX-21,"https://www.sec.gov/Archives/edgar/data/1855474/000101376225002263/ea023165201ex21-1/airjoule.htm",Heuristic,true,1,0,false,
000173112225000412,EX-21,"https://www.sec.gov/Archives/edgar/data/1855509/000173112225000412/e6435/ex21-1.htm",Heuristic,true,1,0,false,
000185574725000017,EX-21,"https://www.sec.gov/Archives/edgar/data/1855747/000185574725000017/q42024-ex211xlistofsubsidi.htm",Heuristic,true,11,0,false,
000095017025037612,EX-21,"https://www.sec.gov/Archives/edgar/data/1856031/000095017025037612/seat-ex21/1.htm",Heuristic,true,28,0,false,
000095017025037202,EX-21,"https://www.sec.gov/Archives/edgar/data/1856236/000095017025037202/ewcz-ex21/1.htm",Heuristic,true,25,0,false,
000185631425000008,EX-21,"https://www.sec.gov/Archives/edgar/data/1856314/000185631425000008/exhibit211.htm",Heuristic,true,15,0,false,
000185643725000006,EX-21,"https://www.sec.gov/Archives/edgar/data/1856437/000185643725000006/vsco-212025x10kex211.htm",Heuristic,true,12,0,false,
000185648525000008,EX-21,"https://www.sec.gov/Archives/edgar/data/1856485/000185648525000008/sylvamo10k2024ex211.htm",Heuristic,true,27,0,false,
000185652525000081,EX-21,"https://www.sec.gov/Archives/edgar/data/1856525/000185652525000081/coremainex211q42024.htm",Heuristic,true,8,0,false,
000095017025047740,EX-21,"https://www.sec.gov/Archives/edgar/data/1856725/000095017025047740/rani-ex21/1.htm",Heuristic,true,1,0,false,
000164117225004877,EX-21,"https://www.sec.gov/Archives/edgar/data/1857086/000164117225004877/ex21-1.htm",Heuristic,true,2,0,false,
000185715425000013,EX-21,"https://www.sec.gov/Archives/edgar/data/1857154/000185715425000013/exh211-listofsubsidiariesf.htm",Heuristic,true,37,0,false,
000185781625000015,EX-21,"https://www.sec.gov/Archives/edgar/data/1857816/000185781625000015/exhibit211principalsubsidi.htm",Heuristic,true,16,0,false,
000095017025029974,EX-21,"https://www.sec.gov/Archives/edgar/data/1858257/000095017025029974/avdx-ex21/1.htm",Heuristic,true,12,0,false,
000185868125000034,EX-21,"https://www.sec.gov/Archives/edgar/data/1858681/000185868125000034/exhibit211q424-subsidiaries.htm",Heuristic,true,39,0,false,
000121390025027581,EX-21,"https://www.sec.gov/Archives/edgar/data/1859199/000121390025027581/ea023624701ex21-1/realpha.htm",Heuristic,true,13,0,false,
000155837025002711,EX-21,"https://www.sec.gov/Archives/edgar/data/1860543/000155837025002711/cdre-20241231xex21d1.htm",Heuristic,true,36,0,false,
000186074225000004,EX-21,"https://www.sec.gov/Archives/edgar/data/1860742/000186074225000004/exhibit211ye2024.htm",Heuristic,true,39,1,true,
000164117225002426,EX-21,"https://www.sec.gov/Archives/edgar/data/1860871/000164117225002426/ex21-1.htm",Heuristic,true,1,0,false,
000164117225000794,EX-21,"https://www.sec.gov/Archives/edgar/data/1861622/000164117225000794/ex21-1.htm",Heuristic,true,7,0,false,
000095017025029086,EX-21,"https://www.sec.gov/Archives/edgar/data/1861795/000095017025029086/dh-ex21/1.htm",Heuristic,true,11,0,false,
000162828025015656,EX-21,"https://www.sec.gov/Archives/edgar/data/1864943/000162828025015656/fgi-20241231xex211.htm",Heuristic,true,11,0,false,
000149315225008023,EX-21,"https://www.sec.gov/Archives/edgar/data/1865111/000149315225008023/ex21-1.htm",Heuristic,true,1,0,false,
000155837025001818,EX-21,"https://www.sec.gov/Archives/edgar/data/1865187/000155837025001818/aris-20241231xex21d1.htm",Heuristic,true,9,0,false,
000121390025023287,EX-21,"https://www.sec.gov/Archives/edgar/data/1865631/000121390025023287/ex211/2.htm",Heuristic,true,14,2,true,
000186617525000024,EX-21,"https://www.sec.gov/Archives/edgar/data/1866175/000186617525000024/exhibit-exx211crescentener.htm",Heuristic,true,42,0,false,
000101376225002130,EX-21,"https://www.sec.gov/Archives/edgar/data/1866226/000101376225002130/ea023394201ex21-1/welsbach.htm",Heuristic,true,2,0,false,
000186658125000048,EX-21,"https://www.sec.gov/Archives/edgar/data/1866581/000186658125000048/exh211-2024q4subsidiaries.htm",Heuristic,true,23,0,false,
000186663325000004,EX-21,"https://www.sec.gov/Archives/edgar/data/1866633/000186663325000004/ccsi20241231ex-211.htm",Heuristic,true,9,0,false,
000155837025008282,EX-21,"https://www.sec.gov/Archives/edgar/data/1867072/000155837025008282/kd-20250331xex21d1.htm",Heuristic,true,37,0,false,
000186709625000039,EX-21,"https://www.sec.gov/Archives/edgar/data/1867096/000186709625000039/xeris-ex211xlistofsubsidia.htm",Heuristic,true,5,0,false,
000186827525000023,EX-21,"https://www.sec.gov/Archives/edgar/data/1868275/000186827525000023/ceg-20241231x10kxexh211.htm",Heuristic,true,45,0,false,
000164117225005155,EX-21,"https://www.sec.gov/Archives/edgar/data/1868419/000164117225005155/ex21-1.htm",Heuristic,true,4,0,false,
000186872625000013,EX-21,"https://www.sec.gov/Archives/edgar/data/1868726/000186872625000013/ex211-subsidiariesofthereg.htm",Heuristic,true,1,0,false,
000186877825000007,EX-21,"https://www.sec.gov/Archives/edgar/data/1868778/000186877825000007/informaticainc10-k2024ex211.htm",Heuristic,true,3,0,false,
000186887825000045,EX-21,"https://www.sec.gov/Archives/edgar/data/1868878/000186887825000045/gdlc-fy2510xkexhibit211.htm",Heuristic,true,4,0,false,
000155837025002043,EX-21,"https://www.sec.gov/Archives/edgar/data/1868912/000155837025002043/enfn-20241231xex21d1.htm",Heuristic,true,13,0,false,
000186894125000081,EX-21,"https://www.sec.gov/Archives/edgar/data/1868941/000186894125000081/a2025ex211subsidiariesoffl.htm",Heuristic,true,15,0,false,
000186919825000009,EX-21,"https://www.sec.gov/Archives/edgar/data/1869198/000186919825000009/exhibit211subsidiarylist20.htm",Heuristic,true,44,1,true,
000186945325000011,EX-21,"https://www.sec.gov/Archives/edgar/data/1869453/000186945325000011/otic-20241231xex211xsubsid.htm",Heuristic,true,9,0,false,
000187060025000029,EX-21,"https://www.sec.gov/Archives/edgar/data/1870600/000187060025000029/exhibit211-subsidiariesoft.htm",Heuristic,true,20,0,false,
000187150925000016,EX-21,"https://www.sec.gov/Archives/edgar/data/1871509/000187150925000016/exhibit21subsidiariesofpor.htm",Heuristic,true,5,0,false,
000095017025053870,EX-21,"https://www.sec.gov/Archives/edgar/data/1871638/000095017025053870/bzai-ex21/1.htm",Heuristic,true,4,0,false,
000095017025043210,EX-21,"https://www.sec.gov/Archives/edgar/data/1873529/000095017025043210/klc-ex21/1.htm",Heuristic,true,25,0,false,
000164117225000387,EX-21,"https://www.sec.gov/Archives/edgar/data/1873835/000164117225000387/ex21-1.htm",Heuristic,true,2,0,false,
000187392325000032,EX-21,"https://www.sec.gov/Archives/edgar/data/1873923/000187392325000032/exhibit211-subsidiarylisti.htm",Heuristic,true,25,0,false,
000187417825000007,EX-21,"https://www.sec.gov/Archives/edgar/data/1874178/000187417825000007/ex-2112024subsidiaries.htm",Heuristic,true,31,0,false,
000162828025014951,EX-21,"https://www.sec.gov/Archives/edgar/data/1874315/000162828025014951/exhibit211.htm",Heuristic,true,11,0,false,
000164117225000930,EX-21,"https://www.sec.gov/Archives/edgar/data/1874875/000164117225000930/ex21-1.htm",Heuristic,true,1,0,false,
000187494425000003,EX-21,"https://www.sec.gov/Archives/edgar/data/1874944/000187494425000003/fy2024exhibit211.htm",Heuristic,true,41,0,false,
000187544425000021,EX-21,"https://www.sec.gov/Archives/edgar/data/1875444/000187544425000021/a211-subsidiariesofregistr.htm",Heuristic,true,9,0,false,
000095017025045464,EX-21,"https://www.sec.gov/Archives/edgar/data/1876255/000095017025045464/ck0001876255-ex21/1.htm",Heuristic,true,4,0,false,
000095017025096609,EX-21,"https://www.sec.gov/Archives/edgar/data/1877184/000095017025096609/ck0001877184-ex21.htm",Heuristic,true,5,0,false,
000187732225000021,EX-21,"https://www.sec.gov/Archives/edgar/data/1877322/000187732225000021/exhibit211listofsubsidiari.htm",Heuristic,true,47,0,false,
000187793925000021,EX-21,"https://www.sec.gov/Archives/edgar/data/1877939/000187793925000021/ctmfy2024ex211.htm",Heuristic,true,3,0,false,
000187884825000063,EX-21,"https://www.sec.gov/Archives/edgar/data/1878848/000187884825000063/iren-20250630xex211.htm",Heuristic,true,3,0,false,
000187889725000009,EX-21,"https://www.sec.gov/Archives/edgar/data/1878897/000187889725000009/a2024-1231xex211.htm",Heuristic,true,6,0,false,
000164117225019545,EX-21,"https://www.sec.gov/Archives/edgar/data/1879001/000164117225019545/ex21-1.htm",Heuristic,true,8,0,false,
000187901625000003,EX-21,"https://www.sec.gov/Archives/edgar/data/1879016/000187901625000003/ie-20241231xex211.htm",Heuristic,true,45,1,true,
000188031925000021,EX-21,"https://www.sec.gov/Archives/edgar/data/1880319/000188031925000021/exhibit211123124.htm",Heuristic,true,25,0,false,
000162828025015290,EX-21,"https://www.sec.gov/Archives/edgar/data/1880613/000162828025015290/drct-20241231xex211listofs.htm",Heuristic,true,4,0,false,
000188066125000014,EX-21,"https://www.sec.gov/Archives/edgar/data/1880661/000188066125000014/a20241231ex211.htm",Heuristic,true,46,0,false,
000095017025036251,EX-21,"https://www.sec.gov/Archives/edgar/data/1881487/000095017025036251/acdc-ex21/1.htm",Heuristic,true,52,0,false,
000143774925009831,EX-21,"https://www.sec.gov/Archives/edgar/data/1881592/000143774925009831/ex/698977.htm",Heuristic,true,1,0,false,
000101376225001035,EX-21,"https://www.sec.gov/Archives/edgar/data/1882198/000101376225001035/ea023457701ex21-1/athena2.htm",Heuristic,true,1,0,false,
000095017025043328,EX-21,"https://www.sec.gov/Archives/edgar/data/1882850/000095017025043328/ck0001882850-ex21/1.htm",Heuristic,true,20,0,false,
000188308525000050,EX-21,"https://www.sec.gov/Archives/edgar/data/1883085/000188308525000050/exhibit211listofsubsidiari.htm",Heuristic,true,41,0,false,
000155837025002183,EX-21,"https://www.sec.gov/Archives/edgar/data/1883814/000155837025002183/slnd-20241231xex21d1.htm",Heuristic,true,15,0,false,
000121390025052242,EX-21,"https://www.sec.gov/Archives/edgar/data/1883984/000121390025052242/ea024474001ex21-1/alternus.htm",Heuristic,true,8,1,true,
000188596825000005,EX-21,"https://www.sec.gov/Archives/edgar/data/1885968/000188596825000005/a20241231exhibit211.htm",Heuristic,true,5,0,false,
000095017025042721,EX-21,"https://www.sec.gov/Archives/edgar/data/1887944/000095017025042721/shim-ex21/1.htm",Heuristic,true,20,0,false,
000095017025046924,EX-21,"https://www.sec.gov/Archives/edgar/data/1888012/000095017025046924/hlvx-ex21/1.htm",Heuristic,true,1,0,false,
000095017025029147,EX-21,"https://www.sec.gov/Archives/edgar/data/1888447/000095017025029147/ee-ex21/1.htm",Heuristic,true,42,0,false,
000188953925000014,EX-21,"https://www.sec.gov/Archives/edgar/data/1889539/000188953925000014/q42024exhibit211.htm",Heuristic,true,1,0,false,
000188966825000006,EX-21,"https://www.sec.gov/Archives/edgar/data/1889668/000188966825000006/otfii-20241231xex211xsubsi.htm",Heuristic,true,13,0,false,
000095017025029037,EX-21,"https://www.sec.gov/Archives/edgar/data/1889956/000095017025029037/ck0001889956-ex21/1.htm",Heuristic,true,8,0,false,
000095017025039603,EX-21,"https://www.sec.gov/Archives/edgar/data/1890107/000095017025039603/ck0001890107-ex21/1.htm",Heuristic,true,2,0,false,
000189110125000006,EX-21,"https://www.sec.gov/Archives/edgar/data/1891101/000189110125000006/brcinc10kfy2024-exhibit21.htm",Heuristic,true,13,0,false,
000095017025035772,EX-21,"https://www.sec.gov/Archives/edgar/data/1891856/000095017025035772/genk-ex21/1.htm",Heuristic,true,46,0,false,
000121390025091988,EX-21,"https://www.sec.gov/Archives/edgar/data/1892316/000121390025091988/ea025818101ex21/longduo.htm",Heuristic,true,11,1,true,
000121390025025791,EX-21,"https://www.sec.gov/Archives/edgar/data/1892322/000121390025025791/ea023532601ex21-1/heart.htm",Heuristic,true,7,0,false,
000001892625000010,EX-21,"https://www.sec.gov/Archives/edgar/data/18926/000001892625000010/lumn20241231ex21.htm",Heuristic,true,40,0,false,
000095017025041182,EX-21,"https://www.sec.gov/Archives/edgar/data/1893262/000095017025041182/ck0001893262-ex21/1.htm",Heuristic,true,31,0,false,
000162828025008884,EX-21,"https://www.sec.gov/Archives/edgar/data/1894562/000162828025008884/fy2024ex211-subidiaries.htm",Heuristic,true,1,0,false,
000162828025006184,EX-21,"https://www.sec.gov/Archives/edgar/data/1895262/000162828025006184/exhibit211-subsidiariesfy2.htm",Heuristic,true,46,0,false,
000101376225004271,EX-21,"https://www.sec.gov/Archives/edgar/data/1895618/000101376225004271/ea023466801ex21-1/gaxosai.htm",Heuristic,true,1,0,false,
000162828025010298,EX-21,"https://www.sec.gov/Archives/edgar/data/1897762/000162828025010298/exhibit211-subsidiariesoft.htm",Heuristic,true,39,0,false,
000162828025013103,EX-21,"https://www.sec.gov/Archives/edgar/data/1898496/000162828025013103/exhibit211subsidiariesofth.htm",Heuristic,true,9,0,false,
000189879525000055,EX-21,"https://www.sec.gov/Archives/edgar/data/1898795/000189879525000055/lvwrexhibit21112-31x2024.htm",Heuristic,true,10,0,false,
000189928725000012,EX-21,"https://www.sec.gov/Archives/edgar/data/1899287/000189928725000012/ampx-20241231xex211listofs.htm",Heuristic,true,1,0,false,
000189988325000007,EX-21,"https://www.sec.gov/Archives/edgar/data/1899883/000189988325000007/fip12312024exhibit211.htm",Heuristic,true,47,0,false,
000095017025041961,EX-21,"https://www.sec.gov/Archives/edgar/data/1899996/000095017025041961/ck0001899996-ex21/1.htm",Heuristic,true,6,0,false,
000190144025000012,EX-21,"https://www.sec.gov/Archives/edgar/data/1901440/000190144025000012/exhibit211q42024.htm",Heuristic,true,15,0,false,
000190160625000079,EX-21,"https://www.sec.gov/Archives/edgar/data/1901606/000190160625000079/gdlcu-fy2510xkexhibit211.htm",Heuristic,true,2,0,false,
000190161225000053,EX-21,"https://www.sec.gov/Archives/edgar/data/1901612/000190161225000053/gbdc4-fy2510xkexhibit211.htm",Heuristic,true,7,0,false,
000095017025043923,EX-21,"https://www.sec.gov/Archives/edgar/data/1901799/000095017025043923/btm-ex21/1.htm",Heuristic,true,10,0,false,
000003490325000016,EX-21,"https://www.sec.gov/Archives/edgar/data/1901876/000003490325000016/frt-12312024xex211.htm",Heuristic,true,48,0,false,
000143774925009645,EX-21,"https://www.sec.gov/Archives/edgar/data/1902314/000143774925009645/ex/775505.htm",Heuristic,true,4,1,true,
000190273325000026,EX-21,"https://www.sec.gov/Archives/edgar/data/1902733/000190273325000026/exhibit211fy202510k.htm",Heuristic,true,18,0,false,
000119312525056687,EX-21,"https://www.sec.gov/Archives/edgar/data/1905824/000119312525056687/d832105dex211.htm",Heuristic,true,24,0,false,
000190632425000035,EX-21,"https://www.sec.gov/Archives/edgar/data/1906324/000190632425000035/ex21110-kx2024.htm",Heuristic,true,41,0,false,
000162828025010947,EX-21,"https://www.sec.gov/Archives/edgar/data/1909747/000162828025010947/exhibit211-subsidiariesoft.htm",Heuristic,true,38,4,true,
000121390025036973,EX-21,"https://www.sec.gov/Archives/edgar/data/1911545/000121390025036973/ea023973601ex21-1/global.htm",Heuristic,true,1,0,false,
000121390025027319,EX-21,"https://www.sec.gov/Archives/edgar/data/1913577/000121390025027319/ea023216501ex21-1/denalicap.htm",Heuristic,true,1,1,true,
000191372425000015,EX-21,"https://www.sec.gov/Archives/edgar/data/1913724/000191372425000015/a2024ex211tcaplistofsubs.htm",Heuristic,true,5,0,false,
000119312525054907,EX-21,"https://www.sec.gov/Archives/edgar/data/1913971/000119312525054907/d885370dex211.htm",Heuristic,true,6,0,false,
000191449625000017,EX-21,"https://www.sec.gov/Archives/edgar/data/1914496/000191449625000017/sdreitye2024ex211listofsub.htm",Heuristic,true,37,0,false,
000191565725000019,EX-21,"https://www.sec.gov/Archives/edgar/data/1915657/000191565725000019/hfsex211subsidiariesofregi.htm",Heuristic,true,60,0,false,
000095017025045562,EX-21,"https://www.sec.gov/Archives/edgar/data/1916608/000095017025045562/ck0001916608-ex21/1.htm",Heuristic,true,4,0,false,
000191871225000014,EX-21,"https://www.sec.gov/Archives/edgar/data/1918712/000191871225000014/asifq4-24exhibit211.htm",Heuristic,true,8,0,false,
000191936925000009,EX-21,"https://www.sec.gov/Archives/edgar/data/1919369/000191936925000009/a211listofsubsidiaries-2024.htm",Heuristic,true,3,0,false,
000095017025032199,EX-21,"https://www.sec.gov/Archives/edgar/data/1920145/000095017025032199/ck0001920145-ex21/1.htm",Heuristic,true,2,0,false,
000095017025041963,EX-21,"https://www.sec.gov/Archives/edgar/data/1920453/000095017025041963/ck0001920453-ex21/1.htm",Heuristic,true,7,0,false,
000170569625000033,EX-21,"https://www.sec.gov/Archives/edgar/data/1920791/000170569625000033/vici202410-kexhibit211.htm",Heuristic,true,48,0,false,
000095017025047694,EX-21,"https://www.sec.gov/Archives/edgar/data/1921865/000095017025047694/aspi-ex21/1.htm",Heuristic,true,14,0,false,
000192196325000029,EX-21,"https://www.sec.gov/Archives/edgar/data/1921963/000192196325000029/atmu202410-kex21.htm",Heuristic,true,28,0,false,
000149315225002235,EX-21,"https://www.sec.gov/Archives/edgar/data/1922639/000149315225002235/ex21-1.htm",Heuristic,true,1,0,false,
000157587225000433,EX-21,"https://www.sec.gov/Archives/edgar/data/1923780/000157587225000433/ncl077/ex21-1.htm",Heuristic,true,10,0,false,
000149315225028285,EX-21,"https://www.sec.gov/Archives/edgar/data/1923891/000149315225028285/ex21-1.htm",Heuristic,true,7,0,false,
000095017025021144,EX-21,"https://www.sec.gov/Archives/edgar/data/1925309/000095017025021144/ck0001925309-ex21/1.htm",Heuristic,true,3,0,false,
000192956125000044,EX-21,"https://www.sec.gov/Archives/edgar/data/1929561/000192956125000044/ex21-subsidiariesoftheregi.htm",Heuristic,true,39,3,true,
000193008725000070,EX-21,"https://www.sec.gov/Archives/edgar/data/1930087/000193008725000070/gcred-fy2510xkexhibit211.htm",Heuristic,true,7,0,false,
000164117225001062,EX-21,"https://www.sec.gov/Archives/edgar/data/1930313/000164117225001062/ex21-1.htm",Heuristic,true,19,0,false,
000162828025012549,EX-21,"https://www.sec.gov/Archives/edgar/data/1930679/000162828025012549/listofsubsidiaries-ex211.htm",Heuristic,true,4,0,false,
000149315225021356,EX-21,"https://www.sec.gov/Archives/edgar/data/1932213/000149315225021356/ex21.htm",Heuristic,true,4,0,false,
000193239325000005,EX-21,"https://www.sec.gov/Archives/edgar/data/1932393/000193239325000005/gehc4q202410kexhibit211.htm",Heuristic,true,49,0,false,
000164117225001819,EX-21,"https://www.sec.gov/Archives/edgar/data/1934642/000164117225001819/ex21-1.htm",Heuristic,true,5,0,false,
000193485025000015,EX-21,"https://www.sec.gov/Archives/edgar/data/1934850/000193485025000015/exh211fgal-listofsubsidiar.htm",Heuristic,true,23,0,false,
000193597925000015,EX-21,"https://www.sec.gov/Archives/edgar/data/1935979/000193597925000015/a202410-kbhvnltdex211q4.htm",Heuristic,true,14,1,true,
000119983525000414,EX-21,"https://www.sec.gov/Archives/edgar/data/1936756/000119983525000414/nbh-ex21/1.htm",Heuristic,true,9,2,true,
000164117225000085,EX-21,"https://www.sec.gov/Archives/edgar/data/1938046/000164117225000085/ex21-1.htm",Heuristic,true,1,0,false,
000193943325000041,EX-21,"https://www.sec.gov/Archives/edgar/data/1939433/000193943325000041/q42024-cohensteersex211.htm",Heuristic,true,13,0,false,
000194136525000016,EX-21,"https://www.sec.gov/Archives/edgar/data/1941365/000194136525000016/exhibit21/1-listingofsubsi.htm",Heuristic,true,19,0,false,
000162828025012821,EX-21,"https://www.sec.gov/Archives/edgar/data/1941536/000162828025012821/baer-20241231xex211.htm",Heuristic,true,36,0,false,
000155837025003489,EX-21,"https://www.sec.gov/Archives/edgar/data/1942722/000155837025003489/bgo-20241231xex21d1.htm",Heuristic,true,3,1,true,
000095017025042908,EX-21,"https://www.sec.gov/Archives/edgar/data/1943802/000095017025042908/fsea-ex21.htm",Heuristic,true,2,0,false,
000194389625000012,EX-21,"https://www.sec.gov/Archives/edgar/data/1943896/000194389625000012/rubrik10k1312025exhibit211.htm",Heuristic,true,1,0,false,
000162828025008728,EX-21,"https://www.sec.gov/Archives/edgar/data/1944013/000162828025008728/exhibit21-subsidiariesofcr.htm",Heuristic,true,17,1,true,
000194404825000033,EX-21,"https://www.sec.gov/Archives/edgar/data/1944048/000194404825000033/exhibit21-kenvueincsubsidi.htm",Heuristic,true,37,1,true,
000194455825000033,EX-21,"https://www.sec.gov/Archives/edgar/data/1944558/000194455825000033/exhibit211202410-k.htm",Heuristic,true,6,0,false,
000143774925008652,EX-21,"https://www.sec.gov/Archives/edgar/data/1947210/000143774925008652/ex/791238.htm",Heuristic,true,8,0,false,
000194805625000015,EX-21,"https://www.sec.gov/Archives/edgar/data/1948056/000194805625000015/k-infrax20241231xex211.htm",Heuristic,true,39,0,false,
000095017025032238,EX-21,"https://www.sec.gov/Archives/edgar/data/1948368/000095017025032238/ck0001948368-ex21/1.htm",Heuristic,true,1,0,false,
000121390025087632,EX-21,"https://www.sec.gov/Archives/edgar/data/1948455/000121390025087632/ea025509401ex21-1/ispire.htm",Heuristic,true,8,0,false,
000164117225001000,EX-21,"https://www.sec.gov/Archives/edgar/data/1948864/000164117225001000/ex21-1.htm",Heuristic,true,11,0,false,
000119312525067163,EX-21,"https://www.sec.gov/Archives/edgar/data/1950803/000119312525067163/d889204dex211.htm",Heuristic,true,7,0,false,
000141057825000318,EX-21,"https://www.sec.gov/Archives/edgar/data/1951667/000141057825000318/ctnt-20241231xex21d1.htm",Heuristic,true,7,0,false,
000195207325000037,EX-21,"https://www.sec.gov/Archives/edgar/data/1952073/000195207325000037/msgeexhibit2110630202510k.htm",Heuristic,true,24,0,false,
000195297625000007,EX-21,"https://www.sec.gov/Archives/edgar/data/1952976/000195297625000007/nlop202410-kexh211.htm",Heuristic,true,43,0,false,
000155837025001097,EX-21,"https://www.sec.gov/Archives/edgar/data/1953366/000155837025001097/stho-20241231xex21d1.htm",Heuristic,true,51,0,false,
000195552025000010,EX-21,"https://www.sec.gov/Archives/edgar/data/1955520/000195552025000010/a2024ex21.htm",Heuristic,true,39,0,false,
000121390025079975,EX-21,"https://www.sec.gov/Archives/edgar/data/1956741/000121390025079975/ea025407301ex21-1/clean.htm",Heuristic,true,1,0,false,
000195784525000017,EX-21,"https://www.sec.gov/Archives/edgar/data/1957845/000195784525000017/exhibit211-kxpecform10xk.htm",Heuristic,true,36,0,false,
000121390025026215,EX-21,"https://www.sec.gov/Archives/edgar/data/1959023/000121390025026215/ea023621601ex21-1/safe.htm",Heuristic,true,9,1,true,
000162828025007817,EX-21,"https://www.sec.gov/Archives/edgar/data/1959348/000162828025007817/klg-2024q4exx2101.htm",Heuristic,true,17,0,false,
000095017025044443,EX-21,"https://www.sec.gov/Archives/edgar/data/1959568/000095017025044443/ck0001959568-ex21/1.htm",Heuristic,true,3,0,false,
000095017025044452,EX-21,"https://www.sec.gov/Archives/edgar/data/1959604/000095017025044452/ck0001959604-ex21/1.htm",Heuristic,true,3,0,false,
000001961725000270,EX-21,"https://www.sec.gov/Archives/edgar/data/19617/000001961725000270/corp10k2024exhibit21.htm",Heuristic,true,18,2,true,
000149315225027805,EX-21,"https://www.sec.gov/Archives/edgar/data/1961847/000149315225027805/ex21-1.htm",Heuristic,true,2,0,false,
000164117225004712,EX-21,"https://www.sec.gov/Archives/edgar/data/1962481/000164117225004712/ex21-1.htm",Heuristic,true,2,0,false,
000196433325000105,EX-21,"https://www.sec.gov/Archives/edgar/data/1964333/000196433325000105/exhibit211-subsidiaries.htm",Heuristic,true,4,0,false,
000095017025046063,EX-21,"https://www.sec.gov/Archives/edgar/data/1964979/000095017025046063/alur-ex21/1.htm",Heuristic,true,8,0,false,
000196504025000015,EX-21,"https://www.sec.gov/Archives/edgar/data/1965040/000196504025000015/exhibit21-listofsubsidiari.htm",Heuristic,true,33,0,false,
000119312525074703,EX-21,"https://www.sec.gov/Archives/edgar/data/1965052/000119312525074703/d897922dex211.htm",Heuristic,true,3,0,false,
000095017025045206,EX-21,"https://www.sec.gov/Archives/edgar/data/1965934/000095017025045206/ck0001965934-ex21/1.htm",Heuristic,true,3,0,false,
000196639425000025,EX-21,"https://www.sec.gov/Archives/edgar/data/1966394/000196639425000025/exhibit211-fnlrxsubsidiari.htm",Heuristic,true,23,0,false,
000095017025046424,EX-21,"https://www.sec.gov/Archives/edgar/data/1966983/000095017025046424/lac-ex21/1.htm",Heuristic,true,6,0,false,
000162828025054597,EX-21,"https://www.sec.gov/Archives/edgar/data/1967649/000162828025054597/ex211vestis-listofsubsidia.htm",Heuristic,true,22,0,false,
000155837025004028,EX-21,"https://www.sec.gov/Archives/edgar/data/1967656/000155837025004028/pfsb-20241231xex21.htm",Heuristic,true,1,0,false,
000196768025000008,EX-21,"https://www.sec.gov/Archives/edgar/data/1967680/000196768025000008/vlto-20241231xexx211subsid.htm",Heuristic,true,35,0,false,
000095017025099742,EX-21,"https://www.sec.gov/Archives/edgar/data/1968487/000095017025099742/ws-ex21/1.htm",Heuristic,true,15,0,false,
000196891525000006,EX-21,"https://www.sec.gov/Archives/edgar/data/1968915/000196891525000006/ex211-phiniasubsidiarylist.htm",Heuristic,true,40,0,false,
000119312525068918,EX-21,"https://www.sec.gov/Archives/edgar/data/1971381/000119312525068918/d888030dex211.htm",Heuristic,true,18,1,true,
000095017025037138,EX-21,"https://www.sec.gov/Archives/edgar/data/1971543/000095017025037138/mura-ex21/1.htm",Heuristic,true,2,1,true,
000095017025027778,EX-21,"https://www.sec.gov/Archives/edgar/data/1973266/000095017025027778/tko-ex21/1.htm",Heuristic,true,33,0,false,
000197347625000018,EX-21,"https://www.sec.gov/Archives/edgar/data/1973476/000197347625000018/a20241231exhibit211.htm",Heuristic,true,4,0,false,
000197413825000016,EX-21,"https://www.sec.gov/Archives/edgar/data/1974138/000197413825000016/exhibit21subsidiariesofncr.htm",Heuristic,true,20,0,false,
000162828025008213,EX-21,"https://www.sec.gov/Archives/edgar/data/19745/000162828025008213/cpk12312024ex-21.htm",Heuristic,true,28,0,false,
000095017025030385,EX-21,"https://www.sec.gov/Archives/edgar/data/1974640/000095017025030385/apge-ex21/1.htm",Heuristic,true,1,0,false,
000162828025012551,EX-21,"https://www.sec.gov/Archives/edgar/data/1975736/000162828025012551/listofsubsidiaries-ex211.htm",Heuristic,true,3,0,false,
000121390025064293,EX-21,"https://www.sec.gov/Archives/edgar/data/1975940/000121390025064293/ea024860201ex21-1/fly.htm",Heuristic,true,30,1,true,
000197692725000009,EX-21,"https://www.sec.gov/Archives/edgar/data/1976927/000197692725000009/form-123124xexx21increfsub.htm",Heuristic,true,21,0,false,
000197730325000006,EX-21,"https://www.sec.gov/Archives/edgar/data/1977303/000197730325000006/exhibit211202410-k.htm",Heuristic,true,7,0,false,
000110465925123106,EX-21,"https://www.sec.gov/Archives/edgar/data/1978811/000110465925123106/tmb-20250930xex21.htm",Heuristic,true,2,0,false,
000162828025012591,EX-21,"https://www.sec.gov/Archives/edgar/data/1980088/000162828025012591/exhibit211-listofsubsidiar.htm",Heuristic,true,5,0,false,
000143774925007734,EX-21,"https://www.sec.gov/Archives/edgar/data/1981535/000143774925007734/ex/727212.htm",Heuristic,true,17,0,false,
000198159925000008,EX-21,"https://www.sec.gov/Archives/edgar/data/1981599/000198159925000008/centuriholdingsincex211-q4.htm",Heuristic,true,39,0,false,
000162828025008128,EX-21,"https://www.sec.gov/Archives/edgar/data/1981792/000162828025008128/hhh-20241231ex211.htm",Heuristic,true,20,0,false,
000198251825000007,EX-21,"https://www.sec.gov/Archives/edgar/data/1982518/000198251825000007/sdhc-20241231xexx211.htm",Heuristic,true,16,0,false,
000095017025047687,EX-21,"https://www.sec.gov/Archives/edgar/data/1982701/000095017025047687/ck0001982701-ex21/1.htm",Heuristic,true,1,0,false,
000198351425000022,EX-21,"https://www.sec.gov/Archives/edgar/data/1983514/000198351425000022/exhibit211-subsidiarieslis.htm",Heuristic,true,4,0,false,
000095017025026740,EX-21,"https://www.sec.gov/Archives/edgar/data/1984060/000095017025026740/aesi-ex21/1.htm",Heuristic,true,26,0,false,
000101376225003546,EX-21,"https://www.sec.gov/Archives/edgar/data/1985375/000101376225003546/ea023588601ex21-1/muzinich.htm",Heuristic,true,1,0,false,
000095017025043063,EX-21,"https://www.sec.gov/Archives/edgar/data/1986395/000095017025043063/ck0001986395-ex21/1.htm",Heuristic,true,14,0,false,
000119312525039332,EX-21,"https://www.sec.gov/Archives/edgar/data/1988280/000119312525039332/d896509dex211.htm",Heuristic,true,2,0,false,
000095017025042774,EX-21,"https://www.sec.gov/Archives/edgar/data/1988494/000095017025042774/fvr-ex21/1.htm",Heuristic,true,43,0,false,
000198981725000023,EX-21,"https://www.sec.gov/Archives/edgar/data/1989817/000198981725000023/subsidiaries.htm",Heuristic,true,5,0,false,
000095017025046351,EX-21,"https://www.sec.gov/Archives/edgar/data/1991792/000095017025046351/ck0001991792-ex21/1.htm",Heuristic,true,1,0,false,
000199224325000010,EX-21,"https://www.sec.gov/Archives/edgar/data/1992243/000199224325000010/ex211.htm",Heuristic,true,15,0,false,
000199300425000021,EX-21,"https://www.sec.gov/Archives/edgar/data/1993004/000199300425000021/exhibit21subsidiaries2024.htm",Heuristic,true,10,0,false,
000141057825001275,EX-21,"https://www.sec.gov/Archives/edgar/data/1994624/000141057825001275/tmb-20241231xex21d1.htm",Heuristic,true,2,0,false,
000095017025034049,EX-21,"https://www.sec.gov/Archives/edgar/data/1995807/000095017025034049/lb-ex21/1.htm",Heuristic,true,10,0,false,
000162828025042774,EX-21,"https://www.sec.gov/Archives/edgar/data/1997652/000162828025042774/tbn-20250630xex21.htm",Heuristic,true,25,0,false,
000199785925000017,EX-21,"https://www.sec.gov/Archives/edgar/data/1997859/000199785925000017/exhibit211significantsubsi.htm",Heuristic,true,5,0,false,
000101376225004352,EX-21,"https://www.sec.gov/Archives/edgar/data/1998768/000101376225004352/ea023532501ex21-1/proficient.htm",Heuristic,true,17,0,false,
000199900125000052,EX-21,"https://www.sec.gov/Archives/edgar/data/1999001/000199900125000052/sixflags-q4x2024xex21subsi.htm",Heuristic,true,42,1,true,
000199948025000025,EX-21,"https://www.sec.gov/Archives/edgar/data/1999480/000199948025000025/exhibit211-subsidiaries202.htm",Heuristic,true,1,0,false,
000199978425000017,EX-21,"https://www.sec.gov/Archives/edgar/data/1999784/000199978425000017/subsidiariesoftheregistrant.htm",Heuristic,true,37,0,false,
000095017025047242,EX-21,"https://www.sec.gov/Archives/edgar/data/2000178/000095017025047242/ck0002000178-ex21/1.htm",Heuristic,true,29,0,false,
000095017025047639,EX-21,"https://www.sec.gov/Archives/edgar/data/2000597/000095017025047639/ck0002000597-ex21/1.htm",Heuristic,true,22,0,false,
000200118425000068,EX-21,"https://www.sec.gov/Archives/edgar/data/2001184/000200118425000068/exhibit211-listofsubsidiar.htm",Heuristic,true,43,0,false,
000162828025017614,EX-21,"https://www.sec.gov/Archives/edgar/data/2001557/000162828025017614/exhibit211to2024listofsubs.htm",Heuristic,true,10,0,false,
000020040625000038,EX-21,"https://www.sec.gov/Archives/edgar/data/200406/000020040625000038/ex21-subsidiariesxform10xk.htm",Heuristic,true,48,4,true,
000200595125000005,EX-21,"https://www.sec.gov/Archives/edgar/data/2005951/000200595125000005/exh21-subsidiariesofthereg.htm",Heuristic,true,37,0,false,
000200785525000010,EX-21,"https://www.sec.gov/Archives/edgar/data/2007855/000200785525000010/vg-ex211xsubsidiariesofthe.htm",Heuristic,true,18,0,false,
000093041325000900,EX-21,"https://www.sec.gov/Archives/edgar/data/2008748/000093041325000900/c111957/ex21-1.htm",Heuristic,true,2,1,true,
000200886125000007,EX-21,"https://www.sec.gov/Archives/edgar/data/2008861/000200886125000007/a20241231ex211subsidiaries.htm",Heuristic,true,12,0,false,
000155837025002600,EX-21,"https://www.sec.gov/Archives/edgar/data/2009684/000155837025002600/seg-20241231xex21d1.htm",Heuristic,true,21,0,false,
000164117225001744,EX-21,"https://www.sec.gov/Archives/edgar/data/2010788/000164117225001744/ex21-1.htm",Heuristic,true,1,0,false,
000162828025053993,EX-21,"https://www.sec.gov/Archives/edgar/data/2011286/000162828025053993/amtm100325ex211.htm",Heuristic,true,55,0,false,
000095017025038042,EX-21,"https://www.sec.gov/Archives/edgar/data/2011498/000095017025038042/ck0002011498-ex21/1.htm",Heuristic,true,2,0,false,
000201164125000027,EX-21,"https://www.sec.gov/Archives/edgar/data/2011641/000201164125000027/exhibit211listofsignifican.htm",Heuristic,true,43,0,false,
000095017025026584,EX-21,"https://www.sec.gov/Archives/edgar/data/2012383/000095017025026584/blk-ex21/1.htm",Heuristic,true,73,0,false,
000155837025003713,EX-21,"https://www.sec.gov/Archives/edgar/data/2012726/000155837025003713/fdsb-20241231xex21.htm",Heuristic,true,1,0,false,
000201283925000013,EX-21,"https://www.sec.gov/Archives/edgar/data/2012839/000201283925000013/ex211-listofsubsidiaries.htm",Heuristic,true,2,0,false,
000155837025001961,EX-21,"https://www.sec.gov/Archives/edgar/data/2013745/000155837025001961/clmt-20241231xex21d1.htm",Heuristic,true,27,0,false,
000121390025098953,EX-21,"https://www.sec.gov/Archives/edgar/data/2013807/000121390025098953/ea025939501ex21-1/foxx.htm",Heuristic,true,4,0,false,
000201459625000011,EX-21,"https://www.sec.gov/Archives/edgar/data/2014596/000201459625000011/listofsubsidiaries-ex211.htm",Heuristic,true,25,0,false,
000081115625000036,EX-21,"https://www.sec.gov/Archives/edgar/data/201533/000081115625000036/cms10k20241231/ex21-1.htm",Heuristic,true,37,0,false,
000201584525000012,EX-21,"https://www.sec.gov/Archives/edgar/data/2015845/000201584525000012/a202410-kex211xecgxuse.htm",Heuristic,true,22,0,false,
000119312525068773,EX-21,"https://www.sec.gov/Archives/edgar/data/2017206/000119312525068773/d931976dex211.htm",Heuristic,true,22,0,false,
000095017025078416,EX-21,"https://www.sec.gov/Archives/edgar/data/2018064/000095017025078416/ttgt-ex21/1.htm",Heuristic,true,27,0,false,
000201854525000007,EX-21,"https://www.sec.gov/Archives/edgar/data/2018545/000201854525000007/fbredbdc12-31x24exhibit21.htm",Heuristic,true,5,0,false,
000020205825000023,EX-21,"https://www.sec.gov/Archives/edgar/data/202058/000020205825000023/a10-kexhibit21cy24xq4.htm",Heuristic,true,38,0,false,
000002021225000051,EX-21,"https://www.sec.gov/Archives/edgar/data/20212/000002021225000051/exhibit212024.htm",Heuristic,true,41,0,false,
000202355425000034,EX-21,"https://www.sec.gov/Archives/edgar/data/2023554/000202355425000034/sndkq4fy25ex211.htm",Heuristic,true,41,0,false,
000202421825000020,EX-21,"https://www.sec.gov/Archives/edgar/data/2024218/000202421825000020/exhibit211listofsubsidiari.htm",Heuristic,true,34,0,false,
000155837025009080,EX-21,"https://www.sec.gov/Archives/edgar/data/2024899/000155837025009080/mroe-20250331xex21.htm",Heuristic,true,1,0,false,
000095017025037939,EX-21,"https://www.sec.gov/Archives/edgar/data/2025410/000095017025037939/saro-ex21/1.htm",Heuristic,true,48,0,false,
000006598425000012,EX-21,"https://www.sec.gov/Archives/edgar/data/202584/000006598425000012/a10kex-212024.htm",Heuristic,true,43,0,false,
000149315225028195,EX-21,"https://www.sec.gov/Archives/edgar/data/2026353/000149315225028195/ex21-1.htm",Heuristic,true,5,0,false,
000202647825000013,EX-21,"https://www.sec.gov/Archives/edgar/data/2026478/000202647825000013/nmax-ex211form10xk20244920.htm",Heuristic,true,6,0,false,
000095017025046739,EX-21,"https://www.sec.gov/Archives/edgar/data/2026738/000095017025046739/ck0002026738-ex21/1.htm",Heuristic,true,23,0,false,
000202753725000004,EX-21,"https://www.sec.gov/Archives/edgar/data/2027537/000202753725000004/gsreft-subsidiariesex211x1.htm",Heuristic,true,9,0,false,
000202868625000012,EX-21,"https://www.sec.gov/Archives/edgar/data/2028686/000202868625000012/exhibit211subsidiarieslist.htm",Heuristic,true,4,0,false,
000119312525067100,EX-21,"https://www.sec.gov/Archives/edgar/data/2029118/000119312525067100/d928538dex211.htm",Heuristic,true,6,0,false,
000095017025016420,EX-21,"https://www.sec.gov/Archives/edgar/data/202947/000095017025016420/cptp-ex21.htm",Heuristic,true,1,0,false,
000119312525049864,EX-21,"https://www.sec.gov/Archives/edgar/data/2030772/000119312525049864/d936473dex211.htm",Heuristic,true,13,1,true,
000162828025012670,EX-21,"https://www.sec.gov/Archives/edgar/data/2031750/000162828025012670/aciq42024exhibit211.htm",Heuristic,true,2,0,false,
000119312525068893,EX-21,"https://www.sec.gov/Archives/edgar/data/2032019/000119312525068893/d915309dex211.htm",Heuristic,true,4,0,false,
000119312525068914,EX-21,"https://www.sec.gov/Archives/edgar/data/2032020/000119312525068914/d830581dex211.htm",Heuristic,true,4,0,false,
000203296625000010,EX-21,"https://www.sec.gov/Archives/edgar/data/2032966/000203296625000010/exhibit211-subsidiariesofa.htm",Heuristic,true,30,0,false,
000092708925000061,EX-21,"https://www.sec.gov/Archives/edgar/data/2033615/000092708925000061/ex/790162.htm",Heuristic,true,1,0,false,
000095017025042288,EX-21,"https://www.sec.gov/Archives/edgar/data/2035149/000095017025042288/floc-ex21/1.htm",Heuristic,true,21,0,false,
000110465925029919,EX-21,"https://www.sec.gov/Archives/edgar/data/2035428/000110465925029919/tm2510676d1/ex21-1.htm",Heuristic,true,5,0,false,
000095017025030795,EX-21,"https://www.sec.gov/Archives/edgar/data/203596/000095017025030795/wsbc-ex21.htm",Heuristic,true,25,1,true,
000204269425000003,EX-21,"https://www.sec.gov/Archives/edgar/data/2042694/000204269425000003/exhibit211subsidiariesofpr.htm",Heuristic,true,33,0,false,
000121390025124968,EX-21,"https://www.sec.gov/Archives/edgar/data/2050338/000121390025124968/ea026979101ex21-1/collab.htm",Heuristic,true,1,0,false,
000156276225000028,EX-21,"https://www.sec.gov/Archives/edgar/data/20520/000156276225000028/fybr-20241231xex21.htm",Heuristic,true,38,0,false,
000205295925000010,EX-21,"https://www.sec.gov/Archives/edgar/data/2052959/000205295925000010/exhibit211subsidiariesofth.htm",Heuristic,true,40,0,false,
000114036125010025,EX-21,"https://www.sec.gov/Archives/edgar/data/20639/000114036125010025/ef20038924/ex21.htm",Heuristic,true,2,0,false,
000095017025034843,EX-21,"https://www.sec.gov/Archives/edgar/data/2098/000095017025034843/acu-ex21.htm",Heuristic,true,5,0,false,
000002107625000039,EX-21,"https://www.sec.gov/Archives/edgar/data/21076/000002107625000039/fy25clxex21subsidiaries.htm",Heuristic,true,46,0,false,
000002117525000008,EX-21,"https://www.sec.gov/Archives/edgar/data/21175/000002117525000008/q42024cnaex211.htm",Heuristic,true,19,0,false,
000143774925004612,EX-21,"https://www.sec.gov/Archives/edgar/data/21535/000143774925004612/ex/778294.htm",Heuristic,true,5,0,false,
000021546625000009,EX-21,"https://www.sec.gov/Archives/edgar/data/215466/000021546625000009/cde-12312410kex21.htm",Heuristic,true,34,1,true,
000162828025010869,EX-21,"https://www.sec.gov/Archives/edgar/data/216085/000162828025010869/hvt-20241231xex211xsubsidi.htm",Heuristic,true,1,0,false,
000021622825000014,EX-21,"https://www.sec.gov/Archives/edgar/data/216228/000021622825000014/exhibit211-subsidiariesoft.htm",Heuristic,true,39,0,false,
000002166525000008,EX-21,"https://www.sec.gov/Archives/edgar/data/21665/000002166525000008/exhibit2112312024.htm",Heuristic,true,49,0,false,
000021734625000017,EX-21,"https://www.sec.gov/Archives/edgar/data/217346/000021734625000017/q4202410k-exx21.htm",Heuristic,true,50,0,false,
000143774925009464,EX-21,"https://www.sec.gov/Archives/edgar/data/2186/000143774925009464/ex/722112.htm",Heuristic,true,2,0,false,
000002235625000016,EX-21,"https://www.sec.gov/Archives/edgar/data/22356/000002235625000016/cbsh12312024ex21q4.htm",Heuristic,true,17,0,false,
000002244425000138,EX-21,"https://www.sec.gov/Archives/edgar/data/22444/000002244425000138/cmc-08312025xform10xkxex21.htm",Heuristic,true,48,0,false,
000002270125000002,EX-21,"https://www.sec.gov/Archives/edgar/data/22701/000002270125000002/sune-20241231xex21.htm",Heuristic,true,8,0,false,
000023055725000006,EX-21,"https://www.sec.gov/Archives/edgar/data/230557/000023055725000006/sigi-ex21/12312024xq4.htm",Heuristic,true,13,0,false,
000095017025024783,EX-21,"https://www.sec.gov/Archives/edgar/data/23194/000095017025024783/crk-ex21.htm",Heuristic,true,6,0,false,
000002319725000080,EX-21,"https://www.sec.gov/Archives/edgar/data/23197/000002319725000080/exhibit21fy25.htm",Heuristic,true,8,0,false,
000155837025009180,EX-21,"https://www.sec.gov/Archives/edgar/data/23217/000155837025009180/tmb-20250525xex21.htm",Heuristic,true,14,0,false,
000002409025000018,EX-21,"https://www.sec.gov/Archives/edgar/data/24090/000002409025000018/cia-20241231xex21.htm",Heuristic,true,8,0,false,
000002454525000007,EX-21,"https://www.sec.gov/Archives/edgar/data/24545/000002454525000007/tapex21/2024123110-k.htm",Heuristic,true,27,1,true,
000000248825000012,EX-21,"https://www.sec.gov/Archives/edgar/data/2488/000000248825000012/ex21-10kfy2412/28.htm",Heuristic,true,47,1,true,
000002523225000012,EX-21,"https://www.sec.gov/Archives/edgar/data/25232/000002523225000012/cuz-exhibit214q24.htm",Heuristic,true,40,0,false,
000095017025030894,EX-21,"https://www.sec.gov/Archives/edgar/data/25475/000095017025030894/crda-ex21/1.htm",Heuristic,true,9,0,false,
000101376225003442,EX-21,"https://www.sec.gov/Archives/edgar/data/25743/000101376225003442/ea023203401ex21-1/therapeu.htm",Heuristic,true,2,0,false,
000143774925021205,EX-21,"https://www.sec.gov/Archives/edgar/data/25895/000143774925021205/ex/832207.htm",Heuristic,true,3,2,true,
000095017025027956,EX-21,"https://www.sec.gov/Archives/edgar/data/26058/000095017025027956/cts-ex21.htm",Heuristic,true,42,0,false,
000002617225000007,EX-21,"https://www.sec.gov/Archives/edgar/data/26172/000002617225000007/cmi202410-kex21.htm",Heuristic,true,44,0,false,
000002632425000015,EX-21,"https://www.sec.gov/Archives/edgar/data/26324/000002632425000015/exhibit21/20241231.htm",Heuristic,true,5,0,false,
000164117225021368,EX-21,"https://www.sec.gov/Archives/edgar/data/27093/000164117225021368/ex21-1.htm",Heuristic,true,7,0,false,
000162828025012082,EX-21,"https://www.sec.gov/Archives/edgar/data/275053/000162828025012082/natr-12312024xex21subs.htm",Heuristic,true,44,0,false,
000027713525000010,EX-21,"https://www.sec.gov/Archives/edgar/data/277135/000027713525000010/exhibit21tothe2024subsidia.htm",Heuristic,true,40,0,false,
000027750925000012,EX-21,"https://www.sec.gov/Archives/edgar/data/277509/000027750925000012/fss-20241231x10kexhx21.htm",Heuristic,true,33,0,false,
000027763825000007,EX-21,"https://www.sec.gov/Archives/edgar/data/277638/000027763825000007/dt2024q410kex21.htm",Heuristic,true,5,0,false,
000164117225001813,EX-21,"https://www.sec.gov/Archives/edgar/data/278165/000164117225001813/ex21-1.htm",Heuristic,true,6,0,false,
000002790425000004,EX-21,"https://www.sec.gov/Archives/edgar/data/27904/000002790425000004/dal12312024ex211.htm",Heuristic,true,15,0,false,
000093634025000065,EX-21,"https://www.sec.gov/Archives/edgar/data/28385/000093634025000065/a20241231ex211-subsidiaries.htm",Heuristic,true,7,0,false,
000002841225000108,EX-21,"https://www.sec.gov/Archives/edgar/data/28412/000002841225000108/a202410k/ex21.htm",Heuristic,true,30,0,false,
000002891725000004,EX-21,"https://www.sec.gov/Archives/edgar/data/28917/000002891725000004/dds-20250201xex21.htm",Heuristic,true,22,0,false,
000095017025021400,EX-21,"https://www.sec.gov/Archives/edgar/data/29002/000095017025021400/diod-ex21.htm",Heuristic,true,54,0,false,
000002933225000017,EX-21,"https://www.sec.gov/Archives/edgar/data/29332/000002933225000017/ex21/subsidiaries2024.htm",Heuristic,true,1,0,false,
000155837025003413,EX-21,"https://www.sec.gov/Archives/edgar/data/29534/000155837025003413/dg-20250131xex21.htm",Heuristic,true,52,1,true,
000002964425000098,EX-21,"https://www.sec.gov/Archives/edgar/data/29644/000002964425000098/exhibit21dci20250731.htm",Heuristic,true,42,0,false,
000002998925000009,EX-21,"https://www.sec.gov/Archives/edgar/data/29989/000002998925000009/a2024q4exhibit21.htm",Heuristic,true,12,0,false,
000162828025008401,EX-21,"https://www.sec.gov/Archives/edgar/data/30305/000162828025008401/dco10-k2024/ex21.htm",Heuristic,true,19,0,false,
000175567225000005,EX-21,"https://www.sec.gov/Archives/edgar/data/30554/000175567225000005/ctva-12312024xex21.htm",Heuristic,true,39,0,false,
000003062525000039,EX-21,"https://www.sec.gov/Archives/edgar/data/30625/000003062525000039/fls1231202410kex211.htm",Heuristic,true,35,0,false,
000003069725000003,EX-21,"https://www.sec.gov/Archives/edgar/data/30697/000003069725000003/ex211/202410k.htm",Heuristic,true,31,0,false,
000114036125005084,EX-21,"https://www.sec.gov/Archives/edgar/data/310142/000114036125005084/ef20039030/ex21.htm",Heuristic,true,8,0,false,
000162828025007732,EX-21,"https://www.sec.gov/Archives/edgar/data/310158/000162828025007732/exh21-subsidiarylistasof12.htm",Heuristic,true,43,0,false,
000143774925024450,EX-21,"https://www.sec.gov/Archives/edgar/data/310354/000143774925024450/ex/805242.htm",Heuristic,true,27,1,true,
000031076425000023,EX-21,"https://www.sec.gov/Archives/edgar/data/310764/000031076425000023/ex21i1231202410k.htm",Heuristic,true,56,0,false,
000165495425002610,EX-21,"https://www.sec.gov/Archives/edgar/data/31107/000165495425002610/eml/ex21.htm",Heuristic,true,14,0,false,
000031314325000025,EX-21,"https://www.sec.gov/Archives/edgar/data/313143/000031314325000025/fy2025ex211.htm",Heuristic,true,33,0,false,
000031361625000043,EX-21,"https://www.sec.gov/Archives/edgar/data/313616/000031361625000043/dhr-20241231xexx211.htm",Heuristic,true,47,0,false,
000095017025019801,EX-21,"https://www.sec.gov/Archives/edgar/data/313927/000095017025019801/chd-ex21.htm",Heuristic,true,8,0,false,
000031448925000041,EX-21,"https://www.sec.gov/Archives/edgar/data/314489/000031448925000041/buse-20241231xex211.htm",Heuristic,true,8,0,false,
000155837025001263,EX-21,"https://www.sec.gov/Archives/edgar/data/31462/000155837025001263/ecl-20241231xex21d1.htm",Heuristic,true,35,0,false,
000031480825000028,EX-21,"https://www.sec.gov/Archives/edgar/data/314808/000031480825000028/val-ex211x12312024.htm",Heuristic,true,53,0,false,
000110465925122321,EX-21,"https://www.sec.gov/Archives/edgar/data/315189/000110465925122321/de-20251102xex21.htm",Heuristic,true,24,0,false,
000031521325000007,EX-21,"https://www.sec.gov/Archives/edgar/data/315213/000031521325000007/rhi10k2024ex211.htm",Heuristic,true,26,1,true,
000162828025006093,EX-21,"https://www.sec.gov/Archives/edgar/data/315293/000162828025006093/exhibit2112024.htm",Heuristic,true,26,0,false,
000155837025000129,EX-21,"https://www.sec.gov/Archives/edgar/data/315374/000155837025000129/hurc-20241031xex21d1.htm",Heuristic,true,14,0,false,
000164117225000993,EX-21,"https://www.sec.gov/Archives/edgar/data/315545/000164117225000993/ex21.htm",Heuristic,true,9,0,false,
000155837025001782,EX-21,"https://www.sec.gov/Archives/edgar/data/315709/000155837025001782/iboc-20241231xex21.htm",Heuristic,true,14,1,true,
000095017025026789,EX-21,"https://www.sec.gov/Archives/edgar/data/315852/000095017025026789/rrc-ex21.htm",Heuristic,true,5,0,false,
000092222425000009,EX-21,"https://www.sec.gov/Archives/edgar/data/317187/000092222425000009/ppl-12312024ex21.htm",Heuristic,true,14,0,false,
000031754025000025,EX-21,"https://www.sec.gov/Archives/edgar/data/317540/000031754025000025/coke-20241231xexhibit21.htm",Heuristic,true,16,0,false,
000162828025031628,EX-21,"https://www.sec.gov/Archives/edgar/data/317788/000162828025031628/form10-kxexhibit211fy2025.htm",Heuristic,true,38,1,true,
000003179125000009,EX-21,"https://www.sec.gov/Archives/edgar/data/31791/000003179125000009/a2024exhibit21.htm",Heuristic,true,46,0,false,
000031815425000010,EX-21,"https://www.sec.gov/Archives/edgar/data/318154/000031815425000010/amgn-ex21/2024.htm",Heuristic,true,44,0,false,
000164117225023585,EX-21,"https://www.sec.gov/Archives/edgar/data/318299/000164117225023585/ex21-1.htm",Heuristic,true,4,0,false,
000031830025000093,EX-21,"https://www.sec.gov/Archives/edgar/data/318300/000031830025000093/exhibit212024.htm",Heuristic,true,9,0,false,
000031883325000015,EX-21,"https://www.sec.gov/Archives/edgar/data/318833/000031883325000015/ex212024q410k.htm",Heuristic,true,44,0,false,
000031920125000024,EX-21,"https://www.sec.gov/Archives/edgar/data/319201/000031920125000024/exhibit21106302025.htm",Heuristic,true,43,0,false,
000095017025026562,EX-21,"https://www.sec.gov/Archives/edgar/data/3197/000095017025026562/ceco-ex21/1.htm",Heuristic,true,58,0,false,
000032001725000011,EX-21,"https://www.sec.gov/Archives/edgar/data/320017/000032001725000011/ex211to10k20241231.htm",Heuristic,true,5,0,false,
000032012125000011,EX-21,"https://www.sec.gov/Archives/edgar/data/320121/000032012125000011/ex-211listofsubsidiaries20.htm",Heuristic,true,5,0,false,
000032018725000047,EX-21,"https://www.sec.gov/Archives/edgar/data/320187/000032018725000047/nke-5312025exhibit21.htm",Heuristic,true,12,0,false,
000032033525000013,EX-21,"https://www.sec.gov/Archives/edgar/data/320335/000032033525000013/a10-kexhibit21q42024.htm",Heuristic,true,4,0,false,
000143774925005708,EX-21,"https://www.sec.gov/Archives/edgar/data/320340/000143774925005708/ex/780132.htm",Heuristic,true,5,0,false,
000003260425000087,EX-21,"https://www.sec.gov/Archives/edgar/data/32604/000003260425000087/exhibit21fy25.htm",Heuristic,true,9,0,false,
000143774925021421,EX-21,"https://www.sec.gov/Archives/edgar/data/32621/000143774925021421/ex/775480.htm",Heuristic,true,3,0,false,
000095017025070268,EX-21,"https://www.sec.gov/Archives/edgar/data/33002/000095017025070268/ebf-ex21.htm",Heuristic,true,33,0,false,
000003318525000025,EX-21,"https://www.sec.gov/Archives/edgar/data/33185/000003318525000025/exhibit211subsidiarieslist.htm",Heuristic,true,36,0,false,
000003321325000011,EX-21,"https://www.sec.gov/Archives/edgar/data/33213/000003321325000011/ex2112312024eqt.htm",Heuristic,true,40,0,false,
000164117225001879,EX-21,"https://www.sec.gov/Archives/edgar/data/34285/000164117225001879/ex21-1.htm",Heuristic,true,1,0,false,
000000349925000004,EX-21,"https://www.sec.gov/Archives/edgar/data/3499/000000349925000004/exhibit21-10k12312024.htm",Heuristic,true,26,0,false,
000035069825000029,EX-21,"https://www.sec.gov/Archives/edgar/data/350698/000035069825000029/ex211listofsubsidiaries2024.htm",Heuristic,true,44,0,false,
000035089425000028,EX-21,"https://www.sec.gov/Archives/edgar/data/350894/000035089425000028/seic-1231202410kex21.htm",Heuristic,true,41,0,false,
000035156925000006,EX-21,"https://www.sec.gov/Archives/edgar/data/351569/000035156925000006/abcb12-31x2024ex211.htm",Heuristic,true,19,0,false,
000106299325003695,EX-21,"https://www.sec.gov/Archives/edgar/data/351834/000106299325003695/exhibit21.htm",Heuristic,true,16,0,false,
000165495425003717,EX-21,"https://www.sec.gov/Archives/edgar/data/351998/000165495425003717/daio/ex211.htm",Heuristic,true,5,0,false,
000035282525000055,EX-21,"https://www.sec.gov/Archives/edgar/data/352825/000035282525000055/a202410kex-21.htm",Heuristic,true,17,0,false,
000147793225006652,EX-21,"https://www.sec.gov/Archives/edgar/data/352991/000147793225006652/aoxy/ex211.htm",Heuristic,true,3,0,false,
000095017025021775,EX-21,"https://www.sec.gov/Archives/edgar/data/354190/000095017025021775/ajg-ex21/1.htm",Heuristic,true,43,0,false,
000095017025029985,EX-21,"https://www.sec.gov/Archives/edgar/data/354647/000095017025029985/cvbf-ex21.htm",Heuristic,true,2,0,false,
000035495025000085,EX-21,"https://www.sec.gov/Archives/edgar/data/354950/000035495025000085/hd/ex21-nextgenxactive0202.htm",Heuristic,true,12,0,false,
000173112225001281,EX-21,"https://www.sec.gov/Archives/edgar/data/355019/000173112225001281/fonar/exhibit-21.htm",Heuristic,true,4,1,true,
000003552725000079,EX-21,"https://www.sec.gov/Archives/edgar/data/35527/000003552725000079/fitb-12312024xexx21.htm",Heuristic,true,46,0,false,
000035603725000065,EX-21,"https://www.sec.gov/Archives/edgar/data/356037/000035603725000065/cspi-20250930xex21d1.htm",Heuristic,true,4,0,false,
000035630925000093,EX-21,"https://www.sec.gov/Archives/edgar/data/356309/000035630925000093/njrex211sep2025.htm",Heuristic,true,4,0,false,
000000357025000033,EX-21,"https://www.sec.gov/Archives/edgar/data/3570/000000357025000033/exhibit211cei2024form10k.htm",Heuristic,true,37,0,false,
000175392625001938,EX-21,"https://www.sec.gov/Archives/edgar/data/357294/000175392625001938/ex21/2.htm",Heuristic,true,54,0,false,
000095017025024666,EX-21,"https://www.sec.gov/Archives/edgar/data/36029/000095017025024666/ffin-ex21/1.htm",Heuristic,true,12,0,false,
000095017025023184,EX-21,"https://www.sec.gov/Archives/edgar/data/36146/000095017025023184/trmk-ex21.htm",Heuristic,true,7,0,false,
000162828025006267,EX-21,"https://www.sec.gov/Archives/edgar/data/36270/000162828025006267/ex211subsidiaries.htm",Heuristic,true,1,0,false,
000155837025001943,EX-21,"https://www.sec.gov/Archives/edgar/data/36377/000155837025001943/fhb-20241231xex21d1.htm",Heuristic,true,3,1,true,
000117494725000074,EX-21,"https://www.sec.gov/Archives/edgar/data/36840/000117494725000074/ex21.htm",Heuristic,true,8,0,false,
000003696625000024,EX-21,"https://www.sec.gov/Archives/edgar/data/36966/000003696625000024/afy2024xexh21xsubsidiaries.htm",Heuristic,true,8,0,false,
000003778525000030,EX-21,"https://www.sec.gov/Archives/edgar/data/37785/000003778525000030/fmcex21123124ng.htm",Heuristic,true,16,0,false,
000003872525000026,EX-21,"https://www.sec.gov/Archives/edgar/data/38725/000003872525000026/a20241231ex21.htm",Heuristic,true,34,0,false,
000003877725000238,EX-21,"https://www.sec.gov/Archives/edgar/data/38777/000003877725000238/exhibit2193025.htm",Heuristic,true,40,0,false,
000118518525000806,EX-21,"https://www.sec.gov/Archives/edgar/data/39020/000118518525000806/feimex21.htm",Heuristic,true,5,1,true,
000003926325000017,EX-21,"https://www.sec.gov/Archives/edgar/data/39263/000003926325000017/exhibit211-subsidiariesx10.htm",Heuristic,true,9,0,false,
000143774925001699,EX-21,"https://www.sec.gov/Archives/edgar/data/39368/000143774925001699/ex/737508.htm",Heuristic,true,30,1,true,
000095017025029076,EX-21,"https://www.sec.gov/Archives/edgar/data/39899/000095017025029076/tgna-ex21.htm",Heuristic,true,42,0,false,
000004021125000024,EX-21,"https://www.sec.gov/Archives/edgar/data/40211/000004021125000024/gatx-20241231xexhibit21.htm",Heuristic,true,18,0,false,
000004053325000008,EX-21,"https://www.sec.gov/Archives/edgar/data/40533/000004053325000008/ex21-20241231.htm",Heuristic,true,42,0,false,
000004072925000006,EX-21,"https://www.sec.gov/Archives/edgar/data/40729/000004072925000006/exhibit21ally2024123110-k.htm",Heuristic,true,3,0,false,
000004098725000026,EX-21,"https://www.sec.gov/Archives/edgar/data/40987/000004098725000026/subsidiariesofthecompany20.htm",Heuristic,true,6,0,false,
000000412725000085,EX-21,"https://www.sec.gov/Archives/edgar/data/4127/000000412725000085/fy25exhibit21.htm",Heuristic,true,31,0,false,
000095017025020763,EX-21,"https://www.sec.gov/Archives/edgar/data/42582/000095017025020763/gt-ex21/1.htm",Heuristic,true,22,0,false,
000143774925005856,EX-21,"https://www.sec.gov/Archives/edgar/data/42682/000143774925005856/ex/780606.htm",Heuristic,true,16,0,false,
000000428125000011,EX-21,"https://www.sec.gov/Archives/edgar/data/4281/000000428125000011/ex21/4q24.htm",Heuristic,true,16,0,false,
000004288825000011,EX-21,"https://www.sec.gov/Archives/edgar/data/42888/000004288825000011/ggg12272024exhibit21q4.htm",Heuristic,true,43,0,false,
000143774925005406,EX-21,"https://www.sec.gov/Archives/edgar/data/43196/000143774925005406/ex/776865.htm",Heuristic,true,8,0,false,
000162828025008716,EX-21,"https://www.sec.gov/Archives/edgar/data/4447/000162828025008716/exhibit212024.htm",Heuristic,true,40,0,false,
000095017025078451,EX-21,"https://www.sec.gov/Archives/edgar/data/4457/000095017025078451/uhal-ex21.htm",Heuristic,true,23,0,false,
000004501225000010,EX-21,"https://www.sec.gov/Archives/edgar/data/45012/000004501225000010/hal/12312024-ex211.htm",Heuristic,true,11,0,false,
000004587625000018,EX-21,"https://www.sec.gov/Archives/edgar/data/45876/000004587625000018/nvri-ex21x20241231xxsubsid.htm",Heuristic,true,1,0,false,
000004591925000008,EX-21,"https://www.sec.gov/Archives/edgar/data/45919/000004591925000008/a20241231ex211sublist.htm",Heuristic,true,23,0,false,
000004608025000027,EX-21,"https://www.sec.gov/Archives/edgar/data/46080/000004608025000027/has-20241229xex21.htm",Heuristic,true,40,0,false,
000004625025000025,EX-21,"https://www.sec.gov/Archives/edgar/data/46250/000004625025000025/hwkn10k2025exhibit21.htm",Heuristic,true,6,0,false,
000004661925000082,EX-21,"https://www.sec.gov/Archives/edgar/data/46619/000004661925000082/a103125heiq4exhibit21.htm",Heuristic,true,20,0,false,
000004676525000071,EX-21,"https://www.sec.gov/Archives/edgar/data/46765/000004676525000071/hp-20250930xexx21.htm",Heuristic,true,26,0,false,
000004711125000014,EX-21,"https://www.sec.gov/Archives/edgar/data/47111/000004711125000014/hsy/20241231exhibit211.htm",Heuristic,true,36,0,false,
000004721725000071,EX-21,"https://www.sec.gov/Archives/edgar/data/47217/000004721725000071/hp10-31x25ex21subsidiaries.htm",Heuristic,true,40,0,false,
000143774925005328,EX-21,"https://www.sec.gov/Archives/edgar/data/47307/000143774925005328/ex/726900.htm",Heuristic,true,16,0,false,
000004828725000084,EX-21,"https://www.sec.gov/Archives/edgar/data/48287/000004828725000084/ex2110-k2024.htm",Heuristic,true,32,0,false,
000004846525000059,EX-21,"https://www.sec.gov/Archives/edgar/data/48465/000004846525000059/q42025ex211subsidiaries.htm",Heuristic,true,50,0,false,
000162828025005311,EX-21,"https://www.sec.gov/Archives/edgar/data/48898/000162828025005311/hubb-20241231xex211.htm",Heuristic,true,41,0,false,
000000496225000016,EX-21,"https://www.sec.gov/Archives/edgar/data/4962/000000496225000016/axp-20241231exx21.htm",Heuristic,true,1,0,false,
000162828025010259,EX-21,"https://www.sec.gov/Archives/edgar/data/49754/000162828025010259/din-12312024x10kxex211.htm",Heuristic,true,41,0,false,
000000497725000047,EX-21,"https://www.sec.gov/Archives/edgar/data/4977/000000497725000047/afl123124ex21.htm",Heuristic,true,46,0,false,
000162828025053242,EX-21,"https://www.sec.gov/Archives/edgar/data/50725/000162828025053242/gff9/30x2025xex21listofsub.htm",Heuristic,true,23,0,false,
000005086325000009,EX-21,"https://www.sec.gov/Archives/edgar/data/50863/000005086325000009/a12282024-ex211.htm",Heuristic,true,28,3,true,
000005114325000015,EX-21,"https://www.sec.gov/Archives/edgar/data/51143/000005114325000015/ibm-20241231x10kex21.htm",Heuristic,true,41,0,false,
000005125325000013,EX-21,"https://www.sec.gov/Archives/edgar/data/51253/000005125325000013/iff10-k2024exhibit21.htm",Heuristic,true,42,0,false,
000005143425000013,EX-21,"https://www.sec.gov/Archives/edgar/data/51434/000005143425000013/ip-20241231exhibit21.htm",Heuristic,true,48,0,false,
000005164425000024,EX-21,"https://www.sec.gov/Archives/edgar/data/51644/000005164425000024/ipg12312410kex21.htm",Heuristic,true,29,0,false,
000162828025007118,EX-21,"https://www.sec.gov/Archives/edgar/data/55067/000162828025007118/k-2024q4exx2101.htm",Heuristic,true,42,0,false,
000005513525000007,EX-21,"https://www.sec.gov/Archives/edgar/data/55135/000005513525000007/kelya-20242912xexh21.htm",Heuristic,true,11,0,false,
000000551325000015,EX-21,"https://www.sec.gov/Archives/edgar/data/5513/000000551325000015/unm123124ex21.htm",Heuristic,true,25,0,false,
000162828025033260,EX-21,"https://www.sec.gov/Archives/edgar/data/56679/000162828025033260/kfy-20250430xexx211.htm",Heuristic,true,45,0,false,
000005697825000081,EX-21,"https://www.sec.gov/Archives/edgar/data/56978/000005697825000081/a10exhibit2112025.htm",Heuristic,true,18,0,false,
000005713125000029,EX-21,"https://www.sec.gov/Archives/edgar/data/57131/000005713125000029/lzb-2025426xxexx2110xkonly.htm",Heuristic,true,21,0,false,
000119312525282583,EX-21,"https://www.sec.gov/Archives/edgar/data/57183/000119312525282583/sr-ex21.htm",Heuristic,true,21,0,false,
000005751525000020,EX-21,"https://www.sec.gov/Archives/edgar/data/57515/000005751525000020/mzti-2025630exhibit21.htm",Heuristic,true,7,0,false,
000005849225000136,EX-21,"https://www.sec.gov/Archives/edgar/data/58492/000005849225000136/legex21subsidiaries-q42024.htm",Heuristic,true,18,0,false,
000155837025002409,EX-21,"https://www.sec.gov/Archives/edgar/data/59255/000155837025002409/vhl-20241231xex21d1.htm",Heuristic,true,15,0,false,
000005952725000006,EX-21,"https://www.sec.gov/Archives/edgar/data/59527/000005952725000006/leco-20241231xex21.htm",Heuristic,true,38,1,true,
000006066725000049,EX-21,"https://www.sec.gov/Archives/edgar/data/60667/000006066725000049/exhibit211/01312025.htm",Heuristic,true,1,0,false,
000143774925010246,EX-21,"https://www.sec.gov/Archives/edgar/data/61004/000143774925010246/ex/716746.htm",Heuristic,true,6,0,false,
000095017025040259,EX-21,"https://www.sec.gov/Archives/edgar/data/6176/000095017025040259/ap-ex21.htm",Heuristic,true,13,0,false,
000000620125000010,EX-21,"https://www.sec.gov/Archives/edgar/data/6201/000000620125000010/ex211q42410k.htm",Heuristic,true,36,0,false,
000141057825001515,EX-21,"https://www.sec.gov/Archives/edgar/data/6207/000141057825001515/axr-20250430xex21.htm",Heuristic,true,28,0,false,
000006270925000015,EX-21,"https://www.sec.gov/Archives/edgar/data/62709/000006270925000015/exhibit211subsidiarylist20.htm",Heuristic,true,34,0,false,
000000628125000153,EX-21,"https://www.sec.gov/Archives/edgar/data/6281/000000628125000153/adify2510k-ex21subsidiaries.htm",Heuristic,true,35,4,true,
000006299625000004,EX-21,"https://www.sec.gov/Archives/edgar/data/62996/000006299625000004/legal389406/exx21xmascoxsu.htm",Heuristic,true,28,0,false,
000162828025007887,EX-21,"https://www.sec.gov/Archives/edgar/data/63276/000162828025007887/ex210202410-k.htm",Heuristic,true,16,0,false,
000143774925010266,EX-21,"https://www.sec.gov/Archives/edgar/data/63330/000143774925010266/ex/793327.htm",Heuristic,true,5,1,true,
000006375425000005,EX-21,"https://www.sec.gov/Archives/edgar/data/63754/000006375425000005/mkc-11302024xex21.htm",Heuristic,true,37,0,false,
000006404025000052,EX-21,"https://www.sec.gov/Archives/edgar/data/64040/000006404025000052/ex21tofy2024x202410xksubsi.htm",Heuristic,true,35,0,false,
000164117225001756,EX-21,"https://www.sec.gov/Archives/edgar/data/64463/000164117225001756/ex21.htm",Heuristic,true,5,0,false,
000006499625000013,EX-21,"https://www.sec.gov/Archives/edgar/data/64996/000006499625000013/mcy-20241231xex211.htm",Heuristic,true,23,0,false,
000095017025094822,EX-21,"https://www.sec.gov/Archives/edgar/data/65270/000095017025094822/mei-ex21.htm",Heuristic,true,46,0,false,
000207709625000107,EX-21,"https://www.sec.gov/Archives/edgar/data/65312/000207709625000107/ea025500101ex21/eviindus.htm",Heuristic,true,28,0,false,
000101376225004385,EX-21,"https://www.sec.gov/Archives/edgar/data/65596/000101376225004385/ea023558901ex21-1/siebert.htm",Heuristic,true,7,3,true,
000164117225000783,EX-21,"https://www.sec.gov/Archives/edgar/data/65770/000164117225000783/ex21-1.htm",Heuristic,true,1,0,false,
000006638225000069,EX-21,"https://www.sec.gov/Archives/edgar/data/66382/000006638225000069/exhibit21/05312025.htm",Heuristic,true,40,0,false,
000006657025000007,EX-21,"https://www.sec.gov/Archives/edgar/data/66570/000006657025000007/ex21-2024subsidiarylisting.htm",Heuristic,true,37,0,false,
000006674025000006,EX-21,"https://www.sec.gov/Archives/edgar/data/66740/000006674025000006/a2024exhibit2110k.htm",Heuristic,true,35,1,true,
000006675625000013,EX-21,"https://www.sec.gov/Archives/edgar/data/66756/000006675625000013/exhibit2112-31x2024.htm",Heuristic,true,50,1,true,
000006721525000012,EX-21,"https://www.sec.gov/Archives/edgar/data/67215/000006721525000012/dyfy202510kex211.htm",Heuristic,true,47,0,false,
000155837025008058,EX-21,"https://www.sec.gov/Archives/edgar/data/67347/000155837025008058/mod-20250331xex21.htm",Heuristic,true,40,0,false,
000006771625000016,EX-21,"https://www.sec.gov/Archives/edgar/data/67716/000006771625000016/a2024ex21.htm",Heuristic,true,19,0,false,
000162828025054103,EX-21,"https://www.sec.gov/Archives/edgar/data/67887/000162828025054103/exhibit21nov2625.htm",Heuristic,true,45,1,true,
000000684525000049,EX-21,"https://www.sec.gov/Archives/edgar/data/6845/000000684525000049/apog-ex21/2025030110k.htm",Heuristic,true,28,0,false,
000162828025056742,EX-21,"https://www.sec.gov/Archives/edgar/data/6951/000162828025056742/ex21/amatq42025q4.htm",Heuristic,true,21,1,true,
000000695525000030,EX-21,"https://www.sec.gov/Archives/edgar/data/6955/000000695525000030/epac10-k08312025ex21.htm",Heuristic,true,46,0,false,
000155837025011750,EX-21,"https://www.sec.gov/Archives/edgar/data/69633/000155837025011750/nssc-20250630xex21d0.htm",Heuristic,true,7,0,false,
000143774925019916,EX-21,"https://www.sec.gov/Archives/edgar/data/69733/000143774925019916/ex/822429.htm",Heuristic,true,17,0,false,
000143774925022007,EX-21,"https://www.sec.gov/Archives/edgar/data/69891/000143774925022007/ex/834355.htm",Heuristic,true,15,0,false,
000070056425000014,EX-21,"https://www.sec.gov/Archives/edgar/data/700564/000070056425000014/fult12312024ex211.htm",Heuristic,true,22,0,false,
000070092325000006,EX-21,"https://www.sec.gov/Archives/edgar/data/700923/000070092325000006/exhibit211-listingofsubsid.htm",Heuristic,true,18,0,false,
000070134725000007,EX-21,"https://www.sec.gov/Archives/edgar/data/701347/000070134725000007/exhibit21123124.htm",Heuristic,true,7,0,false,
000007014525000039,EX-21,"https://www.sec.gov/Archives/edgar/data/70145/000007014525000039/nfg-9302025xexhibit21.htm",Heuristic,true,12,0,false,
000070171925000007,EX-21,"https://www.sec.gov/Archives/edgar/data/701719/000070171925000007/ela-20241231xex21d1.htm",Heuristic,true,9,0,false,
000070198525000011,EX-21,"https://www.sec.gov/Archives/edgar/data/701985/000070198525000011/bbwi21202510kexhibit21.htm",Heuristic,true,12,1,true,
000007031825000009,EX-21,"https://www.sec.gov/Archives/edgar/data/70318/000007031825000009/thc-20241231x10kex21.htm",Heuristic,true,33,0,false,
000070360425000012,EX-21,"https://www.sec.gov/Archives/edgar/data/703604/000070360425000012/a202410kex212024.htm",Heuristic,true,45,0,false,
000095017025026729,EX-21,"https://www.sec.gov/Archives/edgar/data/704532/000095017025026729/onto-ex21/1.htm",Heuristic,true,17,0,false,
000070612925000036,EX-21,"https://www.sec.gov/Archives/edgar/data/706129/000070612925000036/hbnc-20241231xexx21xsubsid.htm",Heuristic,true,16,0,false,
000070717925000005,EX-21,"https://www.sec.gov/Archives/edgar/data/707179/000070717925000005/onbexhibit2110-k12312024.htm",Heuristic,true,2,0,false,
000070754925000075,EX-21,"https://www.sec.gov/Archives/edgar/data/707549/000070754925000075/exhibit21june2025.htm",Heuristic,true,40,0,false,
000155837025003291,EX-21,"https://www.sec.gov/Archives/edgar/data/707605/000155837025003291/asrv-20241231xex21d1.htm",Heuristic,true,1,0,false,
000000708425000011,EX-21,"https://www.sec.gov/Archives/edgar/data/7084/000000708425000011/adm-ex21/20241231x10k.htm",Heuristic,true,38,0,false,
000007085825000139,EX-21,"https://www.sec.gov/Archives/edgar/data/70858/000007085825000139/bac-1231202410xkex21.htm",Heuristic,true,57,0,false,
000007086625000010,EX-21,"https://www.sec.gov/Archives/edgar/data/70866/000007086625000010/exhibit21subsidiariesofncr.htm",Heuristic,true,20,0,false,
000070882125000015,EX-21,"https://www.sec.gov/Archives/edgar/data/708821/000070882125000015/a10-kex212024xsubsidiaries.htm",Heuristic,true,4,0,false,
000070895525000012,EX-21,"https://www.sec.gov/Archives/edgar/data/708955/000070895525000012/a202410-kexhibit21.htm",Heuristic,true,31,0,false,
000070928325000027,EX-21,"https://www.sec.gov/Archives/edgar/data/709283/000070928325000027/listofsubsexhibit-211.htm",Heuristic,true,31,0,false,
000162828025055615,EX-21,"https://www.sec.gov/Archives/edgar/data/711404/000162828025055615/coo-ex21/20251031x10k.htm",Heuristic,true,1,0,false,
000071166925000046,EX-21,"https://www.sec.gov/Archives/edgar/data/711669/000071166925000046/exhibit212024.htm",Heuristic,true,6,0,false,
000095017025024931,EX-21,"https://www.sec.gov/Archives/edgar/data/712034/000095017025024931/acco-ex21/1.htm",Heuristic,true,30,0,false,
000071251525000022,EX-21,"https://www.sec.gov/Archives/edgar/data/712515/000071251525000022/ex-211subsidiariesofthereg.htm",Heuristic,true,42,0,false,
000071253425000058,EX-21,"https://www.sec.gov/Archives/edgar/data/712534/000071253425000058/exhibit21-202410k.htm",Heuristic,true,6,0,false,
000155837025002406,EX-21,"https://www.sec.gov/Archives/edgar/data/712770/000155837025002406/olp-20241231xex21d1.htm",Heuristic,true,57,2,true,
000143774925004744,EX-21,"https://www.sec.gov/Archives/edgar/data/712771/000143774925004744/ex/700953.htm",Heuristic,true,13,0,false,
000164117225000632,EX-21,"https://www.sec.gov/Archives/edgar/data/714256/000164117225000632/ex21-1.htm",Heuristic,true,10,0,false,
000071439525000012,EX-21,"https://www.sec.gov/Archives/edgar/data/714395/000071439525000012/exhibit21gabc123124.htm",Heuristic,true,23,0,false,
000155837025003701,EX-21,"https://www.sec.gov/Archives/edgar/data/714712/000155837025003701/juvf-20241231xex21d1.htm",Heuristic,true,3,0,false,
000071507225000054,EX-21,"https://www.sec.gov/Archives/edgar/data/715072/000071507225000054/rnst12312024ex21/subsidiar.htm",Heuristic,true,19,0,false,
000143774925007871,EX-21,"https://www.sec.gov/Archives/edgar/data/71557/000143774925007871/ex/787220.htm",Heuristic,true,8,0,false,
000071578725000006,EX-21,"https://www.sec.gov/Archives/edgar/data/715787/000071578725000006/exhibit/21x2024.htm",Heuristic,true,25,0,false,
000095017025041396,EX-21,"https://www.sec.gov/Archives/edgar/data/716133/000095017025041396/ck0000716133-ex21.htm",Heuristic,true,30,0,false,
000095017025083450,EX-21,"https://www.sec.gov/Archives/edgar/data/716314/000095017025083450/ghm-ex21/1.htm",Heuristic,true,4,0,false,
000071660525000006,EX-21,"https://www.sec.gov/Archives/edgar/data/716605/000071660525000006/ex21-202410xk.htm",Heuristic,true,2,0,false,
000071663425000008,EX-21,"https://www.sec.gov/Archives/edgar/data/716634/000071663425000008/rdi-20241231xex21.htm",Heuristic,true,51,0,false,
000071664325000031,EX-21,"https://www.sec.gov/Archives/edgar/data/716643/000071664325000031/rgs-20250630xex211.htm",Heuristic,true,18,0,false,
000007169125000047,EX-21,"https://www.sec.gov/Archives/edgar/data/71691/000007169125000047/ex21/12312024.htm",Heuristic,true,40,3,true,
000095017025039251,EX-21,"https://www.sec.gov/Archives/edgar/data/717806/000095017025039251/fusb-ex21.htm",Heuristic,true,1,0,false,
000119312525256222,EX-21,"https://www.sec.gov/Archives/edgar/data/717954/000119312525256222/unf-ex21.htm",Heuristic,true,18,0,false,
000114036125036080,EX-21,"https://www.sec.gov/Archives/edgar/data/718332/000114036125036080/ef20050393/ex21-1.htm",Heuristic,true,8,0,false,
000095017025024813,EX-21,"https://www.sec.gov/Archives/edgar/data/718937/000095017025024813/staa-ex21/1.htm",Heuristic,true,7,0,false,
000143774925007521,EX-21,"https://www.sec.gov/Archives/edgar/data/719135/000143774925007521/ex/758444.htm",Heuristic,true,3,0,false,
000071922025000013,EX-21,"https://www.sec.gov/Archives/edgar/data/719220/000071922025000013/exhibit21listofsubsidiarie.htm",Heuristic,true,10,0,false,
000143774925010228,EX-21,"https://www.sec.gov/Archives/edgar/data/719402/000143774925010228/ex/763638.htm",Heuristic,true,8,2,true,
000162828025015037,EX-21,"https://www.sec.gov/Archives/edgar/data/719955/000162828025015037/exhibit211fy2024subsidiari.htm",Heuristic,true,4,0,false,
000072000525000093,EX-21,"https://www.sec.gov/Archives/edgar/data/720005/000072000525000093/ex212025093010k.htm",Heuristic,true,46,0,false,
000119312525314147,EX-21,"https://www.sec.gov/Archives/edgar/data/720500/000119312525314147/asys-ex21/1.htm",Heuristic,true,12,0,false,
000095017025027702,EX-21,"https://www.sec.gov/Archives/edgar/data/720672/000095017025027702/sf-ex21.htm",Heuristic,true,1,0,false,
000072085825000007,EX-21,"https://www.sec.gov/Archives/edgar/data/720858/000072085825000007/itic/20241231xex-21.htm",Heuristic,true,15,0,false,
000072137125000079,EX-21,"https://www.sec.gov/Archives/edgar/data/721371/000072137125000079/a25q4/10kx063025xexhibit211.htm",Heuristic,true,46,0,false,
000155837025002417,EX-21,"https://www.sec.gov/Archives/edgar/data/72162/000155837025002417/nl-20241231xex21d1.htm",Heuristic,true,5,0,false,
000164117225001473,EX-21,"https://www.sec.gov/Archives/edgar/data/722313/000164117225001473/ex21.htm",Heuristic,true,4,0,false,
000072312525000028,EX-21,"https://www.sec.gov/Archives/edgar/data/723125/000072312525000028/a2025q4ex211-subsidiarieso.htm",Heuristic,true,20,0,false,
000141057825000247,EX-21,"https://www.sec.gov/Archives/edgar/data/723188/000141057825000247/cbu-20241231xex21d1.htm",Heuristic,true,22,0,false,
000072325425000017,EX-21,"https://www.sec.gov/Archives/edgar/data/723254/000072325425000017/exhibit21-subsidiaries2025.htm",Heuristic,true,28,1,true,
000007233125000144,EX-21,"https://www.sec.gov/Archives/edgar/data/72331/000007233125000144/ndsn-20251031xexx21.htm",Heuristic,true,48,0,false,
000007233325000039,EX-21,"https://www.sec.gov/Archives/edgar/data/72333/000007233325000039/jwn-212025x10kex211.htm",Heuristic,true,1,0,false,
000095017025095300,EX-21,"https://www.sec.gov/Archives/edgar/data/723531/000095017025095300/payx-ex21/1.htm",Heuristic,true,28,0,false,
000164117225004790,EX-21,"https://www.sec.gov/Archives/edgar/data/723533/000164117225004790/ex21-1.htm",Heuristic,true,3,0,false,
000095017025095233,EX-21,"https://www.sec.gov/Archives/edgar/data/723603/000095017025095233/culp-ex21.htm",Heuristic,true,8,0,false,
000072361225000005,EX-21,"https://www.sec.gov/Archives/edgar/data/723612/000072361225000005/a13-ex21xsubsidiariesxq4f24.htm",Heuristic,true,44,0,false,
000143774925018586,EX-21,"https://www.sec.gov/Archives/edgar/data/724004/000143774925018586/ex/776117.htm",Heuristic,true,20,0,false,
000143774925008572,EX-21,"https://www.sec.gov/Archives/edgar/data/72444/000143774925008572/ex/730601.htm",Heuristic,true,3,0,false,
000072672825000055,EX-21,"https://www.sec.gov/Archives/edgar/data/726728/000072672825000055/exhibit211-subsidiariesoft.htm",Heuristic,true,50,0,false,
000162828025014205,EX-21,"https://www.sec.gov/Archives/edgar/data/727207/000162828025014205/axdx-12312024xexh21.htm",Heuristic,true,8,0,false,
000141057825000177,EX-21,"https://www.sec.gov/Archives/edgar/data/727510/000141057825000177/enzn-20241231xex21d1.htm",Heuristic,true,2,0,false,
000147793225002237,EX-21,"https://www.sec.gov/Archives/edgar/data/728385/000147793225002237/meec/ex211.htm",Heuristic,true,1,0,false,
000072839125000017,EX-21,"https://www.sec.gov/Archives/edgar/data/728391/000072839125000017/a202410-kexhibit21.htm",Heuristic,true,14,0,false,
000007290325000029,EX-21,"https://www.sec.gov/Archives/edgar/data/72903/000007290325000029/xcelex2101q42024.htm",Heuristic,true,18,2,true,
000143774925005652,EX-21,"https://www.sec.gov/Archives/edgar/data/729580/000143774925005652/ex/701488.htm",Heuristic,true,34,0,false,
000007297125000066,EX-21,"https://www.sec.gov/Archives/edgar/data/72971/000007297125000066/wfc-1231x2024xex21.htm",Heuristic,true,13,0,false,
000073026325000019,EX-21,"https://www.sec.gov/Archives/edgar/data/730263/000073026325000019/tho7312025exhibit211.htm",Heuristic,true,39,1,true,
000095017025038999,EX-21,"https://www.sec.gov/Archives/edgar/data/730272/000095017025038999/rgen-ex21/1.htm",Heuristic,true,21,0,false,
000155837025010780,EX-21,"https://www.sec.gov/Archives/edgar/data/730464/000155837025010780/atge-20250630xex21d1.htm",Heuristic,true,15,0,false,
000073101225000032,EX-21,"https://www.sec.gov/Archives/edgar/data/731012/000073101225000032/exhibit21-2024subsidiaries.htm",Heuristic,true,10,0,false,
000073176625000063,EX-21,"https://www.sec.gov/Archives/edgar/data/731766/000073176625000063/unhex21112312024.htm",Heuristic,true,35,0,false,
000073180225000056,EX-21,"https://www.sec.gov/Archives/edgar/data/731802/000073180225000056/ato20250930ex-21.htm",Heuristic,true,16,0,false,
000073241725000015,EX-21,"https://www.sec.gov/Archives/edgar/data/732417/000073241725000015/ex2112312024.htm",Heuristic,true,1,0,false,
000073271225000006,EX-21,"https://www.sec.gov/Archives/edgar/data/732712/000073271225000006/a2024q410-kxexhibit21.htm",Heuristic,true,17,0,false,
000073271725000013,EX-21,"https://www.sec.gov/Archives/edgar/data/732717/000073271725000013/ex-21ye2024.htm",Heuristic,true,10,1,true,
000073326925000030,EX-21,"https://www.sec.gov/Archives/edgar/data/733269/000073326925000030/a2025q4ex21subsidiaries.htm",Heuristic,true,18,0,false,
000073746825000007,EX-21,"https://www.sec.gov/Archives/edgar/data/737468/000073746825000007/exhibit21110k2024.htm",Heuristic,true,5,0,false,
000007375625000016,EX-21,"https://www.sec.gov/Archives/edgar/data/73756/000007375625000016/oii/exhibit2101x12312024.htm",Heuristic,true,18,0,false,
000073775825000115,EX-21,"https://www.sec.gov/Archives/edgar/data/737758/000073775825000115/ttc-10312025xex21.htm",Heuristic,true,47,0,false,
000162828025044686,EX-21,"https://www.sec.gov/Archives/edgar/data/74046/000162828025044686/odcex21107312025.htm",Heuristic,true,19,0,false,
000095017025022560,EX-21,"https://www.sec.gov/Archives/edgar/data/74145/000095017025022560/oge-ex21/01.htm",Heuristic,true,1,0,false,
000155837025001922,EX-21,"https://www.sec.gov/Archives/edgar/data/742278/000155837025001922/res-20241231xex21.htm",Heuristic,true,20,0,false,
000007426025000042,EX-21,"https://www.sec.gov/Archives/edgar/data/74260/000007426025000042/ex21/2024.htm",Heuristic,true,44,0,false,
000007430325000023,EX-21,"https://www.sec.gov/Archives/edgar/data/74303/000007430325000023/oln-2024xexhibit21.htm",Heuristic,true,45,0,false,
000095017025026060,EX-21,"https://www.sec.gov/Archives/edgar/data/7431/000095017025026060/awi-ex21.htm",Heuristic,true,4,0,false,
000093041325001069,EX-21,"https://www.sec.gov/Archives/edgar/data/744187/000093041325001069/c112133/ex21.htm",Heuristic,true,19,0,false,
000141057825000216,EX-21,"https://www.sec.gov/Archives/edgar/data/744218/000141057825000216/cldx-20241231xex21d1.htm",Heuristic,true,1,1,true,
000110465925123342,EX-21,"https://www.sec.gov/Archives/edgar/data/744452/000110465925123342/tmb-20250930xex21d1.htm",Heuristic,true,8,0,false,
000155837025001603,EX-21,"https://www.sec.gov/Archives/edgar/data/745308/000155837025001603/joe-20241231xex21d1.htm",Heuristic,true,44,0,false,
000074573225000010,EX-21,"https://www.sec.gov/Archives/edgar/data/745732/000074573225000010/exhibit21fy24subsidiaries.htm",Heuristic,true,5,0,false,
000143774925008262,EX-21,"https://www.sec.gov/Archives/edgar/data/746210/000143774925008262/ex/691865.htm",Heuristic,true,2,0,false,
000095017025024750,EX-21,"https://www.sec.gov/Archives/edgar/data/746515/000095017025024750/expd-ex21/1.htm",Heuristic,true,38,0,false,
000074659825000045,EX-21,"https://www.sec.gov/Archives/edgar/data/746598/000074659825000045/brc-20250731xex21.htm",Heuristic,true,51,1,true,
000074925125000008,EX-21,"https://www.sec.gov/Archives/edgar/data/749251/000074925125000008/it-12312024xex211.htm",Heuristic,true,39,0,false,
000149315225008460,EX-21,"https://www.sec.gov/Archives/edgar/data/749647/000149315225008460/ex21-1.htm",Heuristic,true,1,0,false,
000143774925010259,EX-21,"https://www.sec.gov/Archives/edgar/data/749660/000143774925010259/ex/727807.htm",Heuristic,true,1,0,false,
000095017025028009,EX-21,"https://www.sec.gov/Archives/edgar/data/750577/000095017025028009/hwc-ex21/1.htm",Heuristic,true,6,0,false,
000095017025017472,EX-21,"https://www.sec.gov/Archives/edgar/data/751364/000095017025017472/nnn-ex21.htm",Heuristic,true,14,0,false,
000095017025030619,EX-21,"https://www.sec.gov/Archives/edgar/data/751978/000095017025030619/vicr-ex21/1.htm",Heuristic,true,13,0,false,
000149315225008351,EX-21,"https://www.sec.gov/Archives/edgar/data/752642/000149315225008351/ex21.htm",Heuristic,true,37,0,false,
000007528825000033,EX-21,"https://www.sec.gov/Archives/edgar/data/75288/000007528825000033/oxm-20250201xexx21.htm",Heuristic,true,45,1,true,
000075330825000011,EX-21,"https://www.sec.gov/Archives/edgar/data/753308/000075330825000011/nee-q42024xex21.htm",Heuristic,true,5,0,false,
000095017025023145,EX-21,"https://www.sec.gov/Archives/edgar/data/75362/000095017025023145/pcar-ex21.htm",Heuristic,true,25,0,false,
000155837025000781,EX-21,"https://www.sec.gov/Archives/edgar/data/7536/000155837025000781/arw-20241231xex21.htm",Heuristic,true,41,0,false,
000075994425000013,EX-21,"https://www.sec.gov/Archives/edgar/data/759944/000075994425000013/exhibit211-q42024.htm",Heuristic,true,44,0,false,
000095017025030159,EX-21,"https://www.sec.gov/Archives/edgar/data/760498/000095017025030159/banf-ex21/1.htm",Heuristic,true,7,0,false,
000076164825000019,EX-21,"https://www.sec.gov/Archives/edgar/data/761648/000076164825000019/cdr-20241231xexx211subsofr.htm",Heuristic,true,32,0,false,
000143774925004172,EX-21,"https://www.sec.gov/Archives/edgar/data/7623/000143774925004172/ex/733921.htm",Heuristic,true,2,0,false,
000143774925019023,EX-21,"https://www.sec.gov/Archives/edgar/data/76267/000143774925019023/ex/807633.htm",Heuristic,true,7,0,false,
000007628225000013,EX-21,"https://www.sec.gov/Archives/edgar/data/76282/000007628225000013/pkoh20241231-ex211.htm",Heuristic,true,45,0,false,
000007633425000035,EX-21,"https://www.sec.gov/Archives/edgar/data/76334/000007633425000035/ph6302025ex2110-k.htm",Heuristic,true,38,0,false,
000143774925028862,EX-21,"https://www.sec.gov/Archives/edgar/data/763532/000143774925028862/ex/859535.htm",Heuristic,true,16,1,true,
000076356325000058,EX-21,"https://www.sec.gov/Archives/edgar/data/763563/000076356325000058/chmg10k123124exh21.htm",Heuristic,true,2,0,false,
000076374425000022,EX-21,"https://www.sec.gov/Archives/edgar/data/763744/000076374425000022/lcii-12312024xex21xsubsidi.htm",Heuristic,true,41,0,false,
000076406525000058,EX-21,"https://www.sec.gov/Archives/edgar/data/764065/000076406525000058/clf-2024123110xkex21.htm",Heuristic,true,42,0,false,
000076418025000019,EX-21,"https://www.sec.gov/Archives/edgar/data/764180/000076418025000019/exhibit21altriagroupincsub.htm",Heuristic,true,4,0,false,
000143774925031597,EX-21,"https://www.sec.gov/Archives/edgar/data/764401/000143774925031597/ex/869597.htm",Heuristic,true,2,0,false,
000095017025046840,EX-21,"https://www.sec.gov/Archives/edgar/data/764897/000095017025046840/brst-ex21/1.htm",Heuristic,true,26,0,false,
000162828025003748,EX-21,"https://www.sec.gov/Archives/edgar/data/765880/000162828025003748/ex21112312024.htm",Heuristic,true,42,0,false,
000007660525000062,EX-21,"https://www.sec.gov/Archives/edgar/data/76605/000007660525000062/patk202410-kex21.htm",Heuristic,true,51,0,false,
000076642125000009,EX-21,"https://www.sec.gov/Archives/edgar/data/766421/000076642125000009/alk10-k12312024ex21.htm",Heuristic,true,22,0,false,
000076670425000009,EX-21,"https://www.sec.gov/Archives/edgar/data/766704/000076670425000009/exhibit21-10xk2024.htm",Heuristic,true,42,0,false,
000149315225010917,EX-21,"https://www.sec.gov/Archives/edgar/data/766792/000149315225010917/ex21-1.htm",Heuristic,true,3,0,false,
000076682925000009,EX-21,"https://www.sec.gov/Archives/edgar/data/766829/000076682925000009/a2024q410kexhibit211.htm",Heuristic,true,13,0,false,
000121390025021622,EX-21,"https://www.sec.gov/Archives/edgar/data/767405/000121390025021622/ea023268001ex21/sbfin.htm",Heuristic,true,6,0,false,
000076889925000043,EX-21,"https://www.sec.gov/Archives/edgar/data/768899/000076889925000043/tbi10k122924ex211.htm",Heuristic,true,23,0,false,
000076939725000019,EX-21,"https://www.sec.gov/Archives/edgar/data/769397/000076939725000019/adsk01312025ex211.htm",Heuristic,true,37,0,false,
000076952025000009,EX-21,"https://www.sec.gov/Archives/edgar/data/769520/000076952025000009/midd-ex21x2024122824x10k.htm",Heuristic,true,40,0,false,
000164117225005135,EX-21,"https://www.sec.gov/Archives/edgar/data/771266/000164117225005135/ex21-1.htm",Heuristic,true,9,0,false,
000077149725000031,EX-21,"https://www.sec.gov/Archives/edgar/data/771497/000077149725000031/abm10312025ex211.htm",Heuristic,true,2,0,false,
000164117225001576,EX-21,"https://www.sec.gov/Archives/edgar/data/771999/000164117225001576/ex21-1.htm",Heuristic,true,39,0,false,
000077240625000014,EX-21,"https://www.sec.gov/Archives/edgar/data/772406/000077240625000014/crusex21132925.htm",Heuristic,true,4,0,false,
000077314125000004,EX-21,"https://www.sec.gov/Archives/edgar/data/773141/000077314125000004/mdc-2024x1231xex21.htm",Heuristic,true,32,0,false,
000007736025000006,EX-21,"https://www.sec.gov/Archives/edgar/data/77360/000007736025000006/ex21pentairplcsubsidiaries.htm",Heuristic,true,51,0,false,
000077384025000010,EX-21,"https://www.sec.gov/Archives/edgar/data/773840/000077384025000010/exhibit2112312024.htm",Heuristic,true,42,0,false,
000168316825005108,EX-21,"https://www.sec.gov/Archives/edgar/data/774415/000168316825005108/onesolution/ex2100.htm",Heuristic,true,4,0,false,
000007747625000007,EX-21,"https://www.sec.gov/Archives/edgar/data/77476/000007747625000007/pepsico202410-kexhibit21.htm",Heuristic,true,41,0,false,
000095017025024305,EX-21,"https://www.sec.gov/Archives/edgar/data/775158/000095017025024305/osk-ex21.htm",Heuristic,true,44,0,false,
000007754325000025,EX-21,"https://www.sec.gov/Archives/edgar/data/77543/000007754325000025/tpc-20241231xex21.htm",Heuristic,true,21,1,true,
000077686725000003,EX-21,"https://www.sec.gov/Archives/edgar/data/776867/000077686725000003/wtm10-k2024exhibit21.htm",Heuristic,true,58,1,true,
000121390025023709,EX-21,"https://www.sec.gov/Archives/edgar/data/778164/000121390025023709/ea023395001ex21-1/altoing.htm",Heuristic,true,11,0,false,
000077915225000055,EX-21,"https://www.sec.gov/Archives/edgar/data/779152/000077915225000055/jkhy-20250630xex211.htm",Heuristic,true,7,0,false,
000077954425000055,EX-21,"https://www.sec.gov/Archives/edgar/data/779544/000077954425000055/a42025exhibit21.htm",Heuristic,true,34,0,false,
000007800325000054,EX-21,"https://www.sec.gov/Archives/edgar/data/78003/000007800325000054/pfe-exh21x123124x10k.htm",Heuristic,true,41,0,false,
000078057125000007,EX-21,"https://www.sec.gov/Archives/edgar/data/780571/000078057125000007/itriex-21112312024exhibit.htm",Heuristic,true,6,0,false,
000007823925000018,EX-21,"https://www.sec.gov/Archives/edgar/data/78239/000007823925000018/pvh10k2024ex21.htm",Heuristic,true,39,0,false,
000078332425000008,EX-21,"https://www.sec.gov/Archives/edgar/data/783324/000078332425000008/vgz-20241231xex21.htm",Heuristic,true,6,1,true,
000010781525000103,EX-21,"https://www.sec.gov/Archives/edgar/data/783325/000010781525000103/a2024wec10kexhibit211.htm",Heuristic,true,48,1,true,
000078419925000029,EX-21,"https://www.sec.gov/Archives/edgar/data/784199/000078419925000029/aort-20241231xexx211.htm",Heuristic,true,37,0,false,
000078516125000009,EX-21,"https://www.sec.gov/Archives/edgar/data/785161/000078516125000009/ehc10k123124ex211.htm",Heuristic,true,180,0,false,
000078555725000159,EX-21,"https://www.sec.gov/Archives/edgar/data/785557/000078555725000159/ex21.htm",Heuristic,true,5,1,true,
000078578625000064,EX-21,"https://www.sec.gov/Archives/edgar/data/785786/000078578625000064/plxsf2510-kexhibit21.htm",Heuristic,true,22,0,false,
000143774925029731,EX-21,"https://www.sec.gov/Archives/edgar/data/787253/000143774925029731/ex/819848.htm",Heuristic,true,2,1,true,
000095017025076527,EX-21,"https://www.sec.gov/Archives/edgar/data/78749/000095017025076527/agys-ex21.htm",Heuristic,true,14,0,false,
000007881425000015,EX-21,"https://www.sec.gov/Archives/edgar/data/78814/000007881425000015/pbi20241231ex21.htm",Heuristic,true,41,0,false,
000114036125045348,EX-21,"https://www.sec.gov/Archives/edgar/data/788329/000114036125045348/ef20060908/ex21.htm",Heuristic,true,21,0,false,
000164117225012889,EX-21,"https://www.sec.gov/Archives/edgar/data/788611/000164117225012889/ex21-1.htm",Heuristic,true,3,0,false,
000095017025026874,EX-21,"https://www.sec.gov/Archives/edgar/data/788784/000095017025026874/peg-ex21.htm",Heuristic,true,4,0,false,
000007889025000059,EX-21,"https://www.sec.gov/Archives/edgar/data/78890/000007889025000059/a2024q4subsidiarylist.htm",Heuristic,true,36,1,true,
000107997325001426,EX-21,"https://www.sec.gov/Archives/edgar/data/788920/000107997325001426/ex21.htm",Heuristic,true,1,1,true,
000162828025007620,EX-21,"https://www.sec.gov/Archives/edgar/data/789460/000162828025007620/ex211/2024q4.htm",Heuristic,true,44,0,false,
000078993325000006,EX-21,"https://www.sec.gov/Archives/edgar/data/789933/000078993325000006/exhibit21202410-k.htm",Heuristic,true,56,0,false,
000114036125006528,EX-21,"https://www.sec.gov/Archives/edgar/data/790359/000114036125006528/ef20039015/ex21.htm",Heuristic,true,17,0,false,
000162828025009481,EX-21,"https://www.sec.gov/Archives/edgar/data/790526/000162828025009481/a10k2024exhibit211.htm",Heuristic,true,43,0,false,
000155837025003131,EX-21,"https://www.sec.gov/Archives/edgar/data/791908/000155837025003131/xoma-20241231xex21d1.htm",Heuristic,true,6,0,false,
000079196325000010,EX-21,"https://www.sec.gov/Archives/edgar/data/791963/000079196325000010/opy10-kexx21123120231.htm",Heuristic,true,4,0,false,
000095017025019039,EX-21,"https://www.sec.gov/Archives/edgar/data/79282/000095017025019039/bro-ex21.htm",Heuristic,true,48,0,false,
000079298725000013,EX-21,"https://www.sec.gov/Archives/edgar/data/792987/000079298725000013/aste-20241231xexx21.htm",Heuristic,true,40,0,false,
000079307425000009,EX-21,"https://www.sec.gov/Archives/edgar/data/793074/000079307425000009/wern-20241231ex21.htm",Heuristic,true,22,0,false,
000149315225003942,EX-21,"https://www.sec.gov/Archives/edgar/data/793171/000149315225003942/ex21-1.htm",Heuristic,true,2,0,false,
000143774925010478,EX-21,"https://www.sec.gov/Archives/edgar/data/793306/000143774925010478/ex/700985.htm",Heuristic,true,11,0,false,
000079395225000063,EX-21,"https://www.sec.gov/Archives/edgar/data/793952/000079395225000063/hog-ex2112x31x2024.htm",Heuristic,true,44,0,false,
000162828025014315,EX-21,"https://www.sec.gov/Archives/edgar/data/794367/000162828025014315/m-20250201xex21.htm",Heuristic,true,25,1,true,
000079461925000061,EX-21,"https://www.sec.gov/Archives/edgar/data/794619/000079461925000061/ex-21x2025430.htm",Heuristic,true,10,1,true,
000079526625000014,EX-21,"https://www.sec.gov/Archives/edgar/data/795266/000079526625000014/kbh-11302024x10kexhibit21.htm",Heuristic,true,37,2,true,
000155837025001102,EX-21,"https://www.sec.gov/Archives/edgar/data/795403/000155837025001102/wts-20241231xex21.htm",Heuristic,true,54,0,false,
000079634325000004,EX-21,"https://www.sec.gov/Archives/edgar/data/796343/000079634325000004/adbeex211fy24.htm",Heuristic,true,42,1,true,
000117184325007594,EX-21,"https://www.sec.gov/Archives/edgar/data/796505/000117184325007594/ex/889271.htm",Heuristic,true,3,1,true,
000143774925009465,EX-21,"https://www.sec.gov/Archives/edgar/data/797465/000143774925009465/ex/727679.htm",Heuristic,true,7,0,false,
000079746825000029,EX-21,"https://www.sec.gov/Archives/edgar/data/797468/000079746825000029/oxyex2112-31x2024subsidiar.htm",Heuristic,true,48,0,false,
000095017025077138,EX-21,"https://www.sec.gov/Archives/edgar/data/797721/000095017025077138/vsat-ex21/1.htm",Heuristic,true,52,0,false,
000079835425000047,EX-21,"https://www.sec.gov/Archives/edgar/data/798354/000079835425000047/ex21112312024.htm",Heuristic,true,11,0,false,
000079835925000011,EX-21,"https://www.sec.gov/Archives/edgar/data/798359/000079835925000011/centerspace12312410kex211.htm",Heuristic,true,36,0,false,
000095017025047918,EX-21,"https://www.sec.gov/Archives/edgar/data/798528/000095017025047918/omex-ex21/1.htm",Heuristic,true,14,0,false,
000079894125000010,EX-21,"https://www.sec.gov/Archives/edgar/data/798941/000079894125000010/fcnca/exx21xsubsidiaries12.htm",Heuristic,true,7,1,true,
000095017025046044,EX-21,"https://www.sec.gov/Archives/edgar/data/799288/000095017025046044/le-ex21.htm",Heuristic,true,5,0,false,
000095017025027569,EX-21,"https://www.sec.gov/Archives/edgar/data/800240/000095017025027569/odp-ex21.htm",Heuristic,true,53,0,false,
000114036125007891,EX-21,"https://www.sec.gov/Archives/edgar/data/800457/000114036125007891/ef20038953/ex21.htm",Heuristic,true,5,0,false,
000080133725000004,EX-21,"https://www.sec.gov/Archives/edgar/data/801337/000080133725000004/exhibit21subsidiaries2024.htm",Heuristic,true,5,0,false,
000080364925000020,EX-21,"https://www.sec.gov/Archives/edgar/data/803649/000080364925000020/eqc123124exhibit211.htm",Heuristic,true,3,0,false,
000080364925000068,EX-21,"https://www.sec.gov/Archives/edgar/data/803649/000080364925000068/eqc123125exhibit211.htm",Heuristic,true,1,0,false,
000008042425000076,EX-21,"https://www.sec.gov/Archives/edgar/data/80424/000008042425000076/fy242510-kexhibit21.htm",Heuristic,true,42,0,false,
000080432825000085,EX-21,"https://www.sec.gov/Archives/edgar/data/804328/000080432825000085/qcom092825ex21.htm",Heuristic,true,11,0,false,
000080567625000014,EX-21,"https://www.sec.gov/Archives/edgar/data/805676/000080567625000014/prk-ex21x20241231x10k.htm",Heuristic,true,2,0,false,
000117152025000195,EX-21,"https://www.sec.gov/Archives/edgar/data/806172/000117152025000195/ex21.htm",Heuristic,true,1,0,false,
000000806325000017,EX-21,"https://www.sec.gov/Archives/edgar/data/8063/000000806325000017/atro-20241231xex21.htm",Heuristic,true,23,0,false,
000117184325001658,EX-21,"https://www.sec.gov/Archives/edgar/data/806517/000117184325001658/ex/790156.htm",Heuristic,true,4,1,true,
000008066125000007,EX-21,"https://www.sec.gov/Archives/edgar/data/80661/000008066125000007/pgr-20241231exhibit21.htm",Heuristic,true,38,0,false,
000162828025056520,EX-21,"https://www.sec.gov/Archives/edgar/data/807863/000162828025056520/mitk-20250930xexx211.htm",Heuristic,true,10,0,false,
000080788225000072,EX-21,"https://www.sec.gov/Archives/edgar/data/807882/000080788225000072/ex2112025-subsidiaries.htm",Heuristic,true,13,0,false,
000095017025070705,EX-21,"https://www.sec.gov/Archives/edgar/data/810332/000095017025070705/mesa-ex21/1.htm",Heuristic,true,3,0,false,
000155837025002408,EX-21,"https://www.sec.gov/Archives/edgar/data/810958/000155837025002408/cznc-20241231xex21.htm",Heuristic,true,5,0,false,
000081158925000008,EX-21,"https://www.sec.gov/Archives/edgar/data/811589/000081158925000008/fbnc2024-12ex21subsidiaries.htm",Heuristic,true,11,0,false,
000095017025024313,EX-21,"https://www.sec.gov/Archives/edgar/data/811596/000095017025024313/kalu-ex21/1.htm",Heuristic,true,4,0,false,
000081201125000104,EX-21,"https://www.sec.gov/Archives/edgar/data/812011/000081201125000104/exhibit212025-q4.htm",Heuristic,true,17,0,false,
000155837025000868,EX-21,"https://www.sec.gov/Archives/edgar/data/812074/000155837025000868/oi-20241231xex21.htm",Heuristic,true,2,0,false,
000155837025003459,EX-21,"https://www.sec.gov/Archives/edgar/data/812796/000155837025003459/sngx-20241231xex21d1.htm",Heuristic,true,6,0,false,
000095017025042703,EX-21,"https://www.sec.gov/Archives/edgar/data/813298/000095017025042703/dxlg-ex21/1.htm",Heuristic,true,16,0,false,
000008136225000014,EX-21,"https://www.sec.gov/Archives/edgar/data/81362/000008136225000014/kwr-20241231xex21.htm",Heuristic,true,6,0,false,
000155837025001612,EX-21,"https://www.sec.gov/Archives/edgar/data/813762/000155837025001612/tmb-20241231xex21d1.htm",Heuristic,true,44,0,false,
000081382825000005,EX-21,"https://www.sec.gov/Archives/edgar/data/813828/000081382825000005/a2024q4/ex21-subsidiaries.htm",Heuristic,true,42,0,false,
000081445325000008,EX-21,"https://www.sec.gov/Archives/edgar/data/814453/000081445325000008/exhibit211-subsidiariesoft.htm",Heuristic,true,28,0,false,
000081454725000030,EX-21,"https://www.sec.gov/Archives/edgar/data/814547/000081454725000030/ex-21110xk2025xsubsidiarie.htm",Heuristic,true,42,0,false,
000095017025029081,EX-21,"https://www.sec.gov/Archives/edgar/data/814585/000095017025029081/mbi-ex21.htm",Heuristic,true,11,0,false,
000095017025054163,EX-21,"https://www.sec.gov/Archives/edgar/data/8146/000095017025054163/alot-ex21.htm",Heuristic,true,8,0,false,
000095017025039256,EX-21,"https://www.sec.gov/Archives/edgar/data/815917/000095017025039256/ck0000815917-ex21/1.htm",Heuristic,true,22,0,false,
000081676125000027,EX-21,"https://www.sec.gov/Archives/edgar/data/816761/000081676125000027/exhibit21-teradatasubsidia.htm",Heuristic,true,45,0,false,
000081695625000004,EX-21,"https://www.sec.gov/Archives/edgar/data/816956/000081695625000004/exhibit212024.htm",Heuristic,true,37,0,false,
000119312525020826,EX-21,"https://www.sec.gov/Archives/edgar/data/818686/000119312525020826/d865574dex21.htm",Heuristic,true,30,1,true,
000095017025035949,EX-21,"https://www.sec.gov/Archives/edgar/data/81955/000095017025035949/rand-ex21/1.htm",Heuristic,true,8,0,false,
000082031825000014,EX-21,"https://www.sec.gov/Archives/edgar/data/820318/000082031825000014/ex2101listofsubsidiaries06.htm",Heuristic,true,33,0,false,
000155837025003540,EX-21,"https://www.sec.gov/Archives/edgar/data/821002/000155837025003540/giii-20250131xex21.htm",Heuristic,true,52,0,false,
000082102625000050,EX-21,"https://www.sec.gov/Archives/edgar/data/821026/000082102625000050/exhibit211-subsidiarieslis.htm",Heuristic,true,43,0,false,
000082113025000023,EX-21,"https://www.sec.gov/Archives/edgar/data/821130/000082113025000023/usm202410-kexhibit21.htm",Heuristic,true,49,0,false,
000082118925000011,EX-21,"https://www.sec.gov/Archives/edgar/data/821189/000082118925000011/exh2120241231.htm",Heuristic,true,34,0,false,
000082148325000010,EX-21,"https://www.sec.gov/Archives/edgar/data/821483/000082148325000010/a20241231ex211subsidiaries.htm",Heuristic,true,20,0,false,
000095017025053744,EX-21,"https://www.sec.gov/Archives/edgar/data/822370/000095017025053744/emma-ex21/1.htm",Heuristic,true,6,0,false,
000082241625000007,EX-21,"https://www.sec.gov/Archives/edgar/data/822416/000082241625000007/exhibit21-subsidiarylistin.htm",Heuristic,true,49,0,false,
000175392625000424,EX-21,"https://www.sec.gov/Archives/edgar/data/822663/000175392625000424/ex21/5.htm",Heuristic,true,12,0,false,
000082281825000007,EX-21,"https://www.sec.gov/Archives/edgar/data/822818/000082281825000007/clh-12312024ex21xclhsubsid.htm",Heuristic,true,42,0,false,
000082327725000038,EX-21,"https://www.sec.gov/Archives/edgar/data/823277/000082327725000038/ex-21183125.htm",Heuristic,true,31,0,false,
000155837025001132,EX-21,"https://www.sec.gov/Archives/edgar/data/823768/000155837025001132/wm-20241231xex21d1.htm",Heuristic,true,66,0,false,
000082414225000039,EX-21,"https://www.sec.gov/Archives/edgar/data/824142/000082414225000039/aaon/10k123124ex21.htm",Heuristic,true,3,0,false,
000082441025000008,EX-21,"https://www.sec.gov/Archives/edgar/data/824410/000082441025000008/sasr12312024exhibit21.htm",Heuristic,true,3,0,false,
000082554225000022,EX-21,"https://www.sec.gov/Archives/edgar/data/825542/000082554225000022/exhibit21smg20250930.htm",Heuristic,true,26,3,true,
000082705425000077,EX-21,"https://www.sec.gov/Archives/edgar/data/827054/000082705425000077/ex211q4fy25.htm",Heuristic,true,27,0,false,
000082718725000018,EX-21,"https://www.sec.gov/Archives/edgar/data/827187/000082718725000018/a2024-q4ex211.htm",Heuristic,true,4,0,false,
000119312525297510,EX-21,"https://www.sec.gov/Archives/edgar/data/827876/000119312525297510/clsk-ex21/1.htm",Heuristic,true,46,0,false,
000008281125000046,EX-21,"https://www.sec.gov/Archives/edgar/data/82811/000008281125000046/exhibit212024.htm",Heuristic,true,33,0,false,
000141057825000511,EX-21,"https://www.sec.gov/Archives/edgar/data/828146/000141057825000511/link-20241231xex21d1.htm",Heuristic,true,7,0,false,
000162828025008977,EX-21,"https://www.sec.gov/Archives/edgar/data/828944/000162828025008977/exhibit21-4q24.htm",Heuristic,true,2,0,false,
000082922425000114,EX-21,"https://www.sec.gov/Archives/edgar/data/829224/000082922425000114/sbux-09282025xexhibit21.htm",Heuristic,true,6,0,false,
000165495425002032,EX-21,"https://www.sec.gov/Archives/edgar/data/829323/000165495425002032/inuvo/ex211.htm",Heuristic,true,1,0,false,
000083125925000006,EX-21,"https://www.sec.gov/Archives/edgar/data/831259/000083125925000006/a4q2024exhibit211.htm",Heuristic,true,10,0,false,
000083164125000032,EX-21,"https://www.sec.gov/Archives/edgar/data/831641/000083164125000032/ttek-ex21q42025.htm",Heuristic,true,24,0,false,
000083210125000010,EX-21,"https://www.sec.gov/Archives/edgar/data/832101/000083210125000010/iex-202412x31xex21.htm",Heuristic,true,46,0,false,
000083242825000012,EX-21,"https://www.sec.gov/Archives/edgar/data/832428/000083242825000012/ssp-ex2120241231x10k.htm",Heuristic,true,2,0,false,
000083248025000006,EX-21,"https://www.sec.gov/Archives/edgar/data/832480/000083248025000006/listofsubsidiaries.htm",Heuristic,true,16,2,true,
000083307925000021,EX-21,"https://www.sec.gov/Archives/edgar/data/833079/000083307925000021/mth2024123110kex21.htm",Heuristic,true,38,0,false,
000083344425000097,EX-21,"https://www.sec.gov/Archives/edgar/data/833444/000083344425000097/ex211202510-k.htm",Heuristic,true,2,0,false,
000162828025009511,EX-21,"https://www.sec.gov/Archives/edgar/data/834365/000162828025009511/a211-fy2024subsidiariesoft.htm",Heuristic,true,2,0,false,
000143774925005393,EX-21,"https://www.sec.gov/Archives/edgar/data/835324/000143774925005393/ex/780666.htm",Heuristic,true,4,0,false,
000083746525000024,EX-21,"https://www.sec.gov/Archives/edgar/data/837465/000083746525000024/a7modg-exx211listofsubsidi.htm",Heuristic,true,25,0,false,
000084048925000032,EX-21,"https://www.sec.gov/Archives/edgar/data/840489/000084048925000032/fcfs12312024exhibit211.htm",Heuristic,true,42,0,false,
000155837025011716,EX-21,"https://www.sec.gov/Archives/edgar/data/842023/000155837025011716/tech-20250630xex21.htm",Heuristic,true,11,1,true,
000155837025001301,EX-21,"https://www.sec.gov/Archives/edgar/data/84246/000155837025001301/rli-20241231xex21d1.htm",Heuristic,true,6,1,true,
000084263325000015,EX-21,"https://www.sec.gov/Archives/edgar/data/842633/000084263325000015/trs-123124xexh211.htm",Heuristic,true,24,0,false,
000084300625000012,EX-21,"https://www.sec.gov/Archives/edgar/data/843006/000084300625000012/accs/ex211.htm",Heuristic,true,7,1,true,
000084405925000009,EX-21,"https://www.sec.gov/Archives/edgar/data/844059/000084405925000009/frph-20241231xex21.htm",Heuristic,true,35,0,false,
000164117225004607,EX-21,"https://www.sec.gov/Archives/edgar/data/844856/000164117225004607/ex21-1.htm",Heuristic,true,18,0,false,
000084496525000013,EX-21,"https://www.sec.gov/Archives/edgar/data/844965/000084496525000013/a20241231ex21.htm",Heuristic,true,46,0,false,
000155837025002717,EX-21,"https://www.sec.gov/Archives/edgar/data/846475/000155837025002717/zyxi-20241231xex21.htm",Heuristic,true,4,0,false,
000084661725000013,EX-21,"https://www.sec.gov/Archives/edgar/data/846617/000084661725000013/dcom-20241231xex21d1.htm",Heuristic,true,1,0,false,
000008474825000026,EX-21,"https://www.sec.gov/Archives/edgar/data/84748/000008474825000026/rog-20241231x10kex21.htm",Heuristic,true,28,0,false,
000095017025038691,EX-21,"https://www.sec.gov/Archives/edgar/data/849145/000095017025038691/hgbl-ex21.htm",Heuristic,true,9,0,false,
000084914625000068,EX-21,"https://www.sec.gov/Archives/edgar/data/849146/000084914625000068/ex211listofsubsidiaries063.htm",Heuristic,true,18,0,false,
000162828025008179,EX-21,"https://www.sec.gov/Archives/edgar/data/849395/000162828025008179/exhibit211-principalsubsid.htm",Heuristic,true,22,0,false,
000084939925000033,EX-21,"https://www.sec.gov/Archives/edgar/data/849399/000084939925000033/fy25exhibit2101.htm",Heuristic,true,5,0,false,
000084986925000029,EX-21,"https://www.sec.gov/Archives/edgar/data/849869/000084986925000029/ex-21x20241231.htm",Heuristic,true,45,2,true,
000143774925009620,EX-21,"https://www.sec.gov/Archives/edgar/data/850209/000143774925009620/ex/757215.htm",Heuristic,true,38,0,false,
000085042925000004,EX-21,"https://www.sec.gov/Archives/edgar/data/850429/000085042925000004/tg-ex21/20241231x10k.htm",Heuristic,true,24,0,false,
000085120525000012,EX-21,"https://www.sec.gov/Archives/edgar/data/851205/000085120525000012/cgnx-20241231xexhibit21.htm",Heuristic,true,43,0,false,
000085131025000021,EX-21,"https://www.sec.gov/Archives/edgar/data/851310/000085131025000021/hlit-20241231xex211.htm",Heuristic,true,23,0,false,
000095017025030001,EX-21,"https://www.sec.gov/Archives/edgar/data/851520/000095017025030001/expo-ex21/1.htm",Heuristic,true,8,0,false,
000085196825000023,EX-21,"https://www.sec.gov/Archives/edgar/data/851968/000085196825000023/mhk/2024q410kexhibit21.htm",Heuristic,true,37,0,false,
000085277225000070,EX-21,"https://www.sec.gov/Archives/edgar/data/852772/000085277225000070/q42024ex211.htm",Heuristic,true,6,0,false,
000119312525033543,EX-21,"https://www.sec.gov/Archives/edgar/data/853816/000119312525033543/d874247dex211.htm",Heuristic,true,25,0,false,
000141057825000294,EX-21,"https://www.sec.gov/Archives/edgar/data/854560/000141057825000294/gsbc-20241231xex21.htm",Heuristic,true,14,0,false,
000085477525000026,EX-21,"https://www.sec.gov/Archives/edgar/data/854775/000085477525000026/dgii-ex21/2025930x10xk.htm",Heuristic,true,16,0,false,
000008553525000012,EX-21,"https://www.sec.gov/Archives/edgar/data/85535/000008553525000012/rgld-20241231xex211royalgo.htm",Heuristic,true,15,2,true,
000143774925003987,EX-21,"https://www.sec.gov/Archives/edgar/data/855658/000143774925003987/ex/743272.htm",Heuristic,true,19,0,false,
000143774925012050,EX-21,"https://www.sec.gov/Archives/edgar/data/855683/000143774925012050/ex/765030.htm",Heuristic,true,2,0,false,
000085698225000011,EX-21,"https://www.sec.gov/Archives/edgar/data/856982/000085698225000011/mmsi-20241231xex21.htm",Heuristic,true,41,0,false,
000119312525291326,EX-21,"https://www.sec.gov/Archives/edgar/data/857005/000119312525291326/ptc-ex21/1.htm",Heuristic,true,38,0,false,
000085785525000057,EX-21,"https://www.sec.gov/Archives/edgar/data/857855/000085785525000057/ucbi1231202410kex21.htm",Heuristic,true,17,0,false,
000121390025100566,EX-21,"https://www.sec.gov/Archives/edgar/data/857949/000121390025100566/ea026051301ex21-1/enlightify.htm",Heuristic,true,5,0,false,
000085887725000111,EX-21,"https://www.sec.gov/Archives/edgar/data/858877/000085887725000111/exh211subsidiariesofthereg.htm",Heuristic,true,50,0,false,
000008596125000032,EX-21,"https://www.sec.gov/Archives/edgar/data/85961/000008596125000032/ryderex2114q2024.htm",Heuristic,true,38,0,false,
000085973725000072,EX-21,"https://www.sec.gov/Archives/edgar/data/859737/000085973725000072/ex211-subsidiariesofhologi.htm",Heuristic,true,31,0,false,
000086041325000022,EX-21,"https://www.sec.gov/Archives/edgar/data/860413/000086041325000022/fibk-20241231xex211/subsid.htm",Heuristic,true,15,0,false,
000086073125000007,EX-21,"https://www.sec.gov/Archives/edgar/data/860731/000086073125000007/tyl12312024exhibit21.htm",Heuristic,true,40,0,false,
000086145925000007,EX-21,"https://www.sec.gov/Archives/edgar/data/861459/000086145925000007/gva-20241231xexx21.htm",Heuristic,true,3,0,false,
000143774925005749,EX-21,"https://www.sec.gov/Archives/edgar/data/861842/000143774925005749/ex/702034.htm",Heuristic,true,7,0,false,
000164117225001193,EX-21,"https://www.sec.gov/Archives/edgar/data/862651/000164117225001193/ex21-01.htm",Heuristic,true,11,0,false,
000162828025015469,EX-21,"https://www.sec.gov/Archives/edgar/data/862861/000162828025015469/alt5-exhibit21xexx211.htm",Heuristic,true,11,0,false,
000086311025000020,EX-21,"https://www.sec.gov/Archives/edgar/data/863110/000086311025000020/ex21.htm",Heuristic,true,10,0,false,
000008631225000012,EX-21,"https://www.sec.gov/Archives/edgar/data/86312/000008631225000012/trv-12312024x10kxex211.htm",Heuristic,true,43,2,true,
000095017025025644,EX-21,"https://www.sec.gov/Archives/edgar/data/863436/000095017025025644/bhe-ex21/1.htm",Heuristic,true,36,0,false,
000143774925038089,EX-21,"https://www.sec.gov/Archives/edgar/data/863894/000143774925038089/ex/858443.htm",Heuristic,true,3,0,false,
000086474925000090,EX-21,"https://www.sec.gov/Archives/edgar/data/864749/000086474925000090/ex211202410k.htm",Heuristic,true,37,0,false,
000141057825000248,EX-21,"https://www.sec.gov/Archives/edgar/data/865752/000141057825000248/mnst-20241231xex21.htm",Heuristic,true,40,0,false,
000095017025076059,EX-21,"https://www.sec.gov/Archives/edgar/data/866291/000095017025076059/algm-ex21/1.htm",Heuristic,true,16,0,false,
000086637425000027,EX-21,"https://www.sec.gov/Archives/edgar/data/866374/000086637425000027/flex-exx2101/3312025.htm",Heuristic,true,45,0,false,
000110465925117276,EX-21,"https://www.sec.gov/Archives/edgar/data/866706/000110465925117276/ese-20250930xex21.htm",Heuristic,true,21,0,false,
000110465925102611,EX-21,"https://www.sec.gov/Archives/edgar/data/866787/000110465925102611/azo-20250830xex21d1.htm",Heuristic,true,13,1,true,
000155837025001617,EX-21,"https://www.sec.gov/Archives/edgar/data/866829/000155837025001617/hlx-20241231xex21d1.htm",Heuristic,true,50,0,false,
000000867025000037,EX-21,"https://www.sec.gov/Archives/edgar/data/8670/000000867025000037/exhibit21q4fy25.htm",Heuristic,true,39,0,false,
000086878025000009,EX-21,"https://www.sec.gov/Archives/edgar/data/868780/000086878025000009/exhibit21subsidiaries1.htm",Heuristic,true,6,0,false,
000101376225000774,EX-21,"https://www.sec.gov/Archives/edgar/data/87050/000101376225000774/ea023340001ex21/neonode.htm",Heuristic,true,3,0,false,
000095017025023186,EX-21,"https://www.sec.gov/Archives/edgar/data/871763/000095017025023186/man-ex21.htm",Heuristic,true,37,0,false,
000180422025000011,EX-21,"https://www.sec.gov/Archives/edgar/data/872589/000180422025000011/regn-ex/211x12312024x10k.htm",Heuristic,true,32,0,false,
000095017025029973,EX-21,"https://www.sec.gov/Archives/edgar/data/873303/000095017025029973/srpt-ex21/1.htm",Heuristic,true,7,1,true,
000162828025007126,EX-21,"https://www.sec.gov/Archives/edgar/data/873860/000162828025007126/a20241231ex211.htm",Heuristic,true,13,0,false,
000087423825000025,EX-21,"https://www.sec.gov/Archives/edgar/data/874238/000087423825000025/a20241231ex211xsubsidiarie.htm",Heuristic,true,21,0,false,
000162828025012650,EX-21,"https://www.sec.gov/Archives/edgar/data/874396/000162828025012650/lcutex21112312024.htm",Heuristic,true,23,0,false,
000162828025008043,EX-21,"https://www.sec.gov/Archives/edgar/data/874499/000162828025008043/gpor-20241231xex21.htm",Heuristic,true,11,0,false,
000087450125000032,EX-21,"https://www.sec.gov/Archives/edgar/data/874501/000087450125000032/a01-013ex211x4q24x10k.htm",Heuristic,true,30,0,false,
000087471625000037,EX-21,"https://www.sec.gov/Archives/edgar/data/874716/000087471625000037/exhibit21-202410xk.htm",Heuristic,true,35,0,false,
000095017025076999,EX-21,"https://www.sec.gov/Archives/edgar/data/874866/000095017025076999/crvl-ex21/1.htm",Heuristic,true,12,0,false,
000087504525000009,EX-21,"https://www.sec.gov/Archives/edgar/data/875045/000087504525000009/biib-20241231xex21.htm",Heuristic,true,41,0,false,
000155837025003816,EX-21,"https://www.sec.gov/Archives/edgar/data/875355/000155837025003816/ldwy-20241231xex21d1.htm",Heuristic,true,9,0,false,
000117184325007481,EX-21,"https://www.sec.gov/Archives/edgar/data/875582/000117184325007481/ex/886679.htm",Heuristic,true,13,1,true,
000087616725000010,EX-21,"https://www.sec.gov/Archives/edgar/data/876167/000087616725000010/q42024exhibit211.htm",Heuristic,true,39,0,false,
000095017025036309,EX-21,"https://www.sec.gov/Archives/edgar/data/876343/000095017025036309/lctx-ex21/1.htm",Heuristic,true,2,0,false,
000087652325000094,EX-21,"https://www.sec.gov/Archives/edgar/data/876523/000087652325000094/a2025-q410xkex211listofsub.htm",Heuristic,true,43,0,false,
000095017025027738,EX-21,"https://www.sec.gov/Archives/edgar/data/877422/000095017025027738/sptn-ex21.htm",Heuristic,true,28,0,false,
000162828025004633,EX-21,"https://www.sec.gov/Archives/edgar/data/879169/000162828025004633/exhibit211-12312024.htm",Heuristic,true,28,1,true,
000087940725000029,EX-21,"https://www.sec.gov/Archives/edgar/data/879407/000087940725000029/subsidiarylisting-ex211.htm",Heuristic,true,5,0,false,
000087952625000012,EX-21,"https://www.sec.gov/Archives/edgar/data/879526/000087952625000012/exhibit211-20241231.htm",Heuristic,true,11,0,false,
000155837025003128,EX-21,"https://www.sec.gov/Archives/edgar/data/879585/000155837025003128/atni-20241231xex21.htm",Heuristic,true,7,0,false,
000095017025047560,EX-21,"https://www.sec.gov/Archives/edgar/data/88000/000095017025047560/slgdd-ex21.htm",Heuristic,true,5,0,false,
000095017025110463,EX-21,"https://www.sec.gov/Archives/edgar/data/880117/000095017025110463/jbss-ex21.htm",Heuristic,true,1,0,false,
000088026625000011,EX-21,"https://www.sec.gov/Archives/edgar/data/880266/000088026625000011/agcoex211-202410xk.htm",Heuristic,true,42,0,false,
000121465925003503,EX-21,"https://www.sec.gov/Archives/edgar/data/880631/000121465925003503/ex21/1.htm",Heuristic,true,26,1,true,
000149315225009325,EX-21,"https://www.sec.gov/Archives/edgar/data/880984/000149315225009325/ex21-1.htm",Heuristic,true,2,0,false,
000008812125000017,EX-21,"https://www.sec.gov/Archives/edgar/data/88121/000008812125000017/seb-20241231xex21.htm",Heuristic,true,39,1,true,
000008820525000007,EX-21,"https://www.sec.gov/Archives/edgar/data/88205/000008820525000007/q42024exhibit211.htm",Heuristic,true,51,0,false,
000088209525000006,EX-21,"https://www.sec.gov/Archives/edgar/data/882095/000088209525000006/gild2024form10-kexhibit211.htm",Heuristic,true,49,0,false,
000088218425000081,EX-21,"https://www.sec.gov/Archives/edgar/data/882184/000088218425000081/a9302025ex211subsidiaries.htm",Heuristic,true,25,0,false,
000095017025046366,EX-21,"https://www.sec.gov/Archives/edgar/data/882361/000095017025046366/apto-ex21/1.htm",Heuristic,true,2,0,false,
000143774925009211,EX-21,"https://www.sec.gov/Archives/edgar/data/882508/000143774925009211/ex/756124.htm",Heuristic,true,5,0,false,
000162828025007715,EX-21,"https://www.sec.gov/Archives/edgar/data/882796/000162828025007715/bcrx-20241231xex21.htm",Heuristic,true,12,0,false,
000088283525000008,EX-21,"https://www.sec.gov/Archives/edgar/data/882835/000088283525000008/a202410-kex211.htm",Heuristic,true,42,0,false,
000199937125003471,EX-21,"https://www.sec.gov/Archives/edgar/data/883107/000199937125003471/ex21-1.htm",Heuristic,true,1,0,false,
000088323725000010,EX-21,"https://www.sec.gov/Archives/edgar/data/883237/000088323725000010/virtus12312024ex-211.htm",Heuristic,true,27,0,false,
000088324125000028,EX-21,"https://www.sec.gov/Archives/edgar/data/883241/000088324125000028/a103125exhibit211.htm",Heuristic,true,10,0,false,
000088356925000010,EX-21,"https://www.sec.gov/Archives/edgar/data/883569/000088356925000010/fosl-20241228xex211.htm",Heuristic,true,38,1,true,
000088394825000021,EX-21,"https://www.sec.gov/Archives/edgar/data/883948/000088394825000021/aub-20241231xex21d1.htm",Heuristic,true,5,0,false,
000088398425000007,EX-21,"https://www.sec.gov/Archives/edgar/data/883984/000088398425000007/exhibit21subsidiariesofreg.htm",Heuristic,true,45,1,true,
000088414425000012,EX-21,"https://www.sec.gov/Archives/edgar/data/884144/000088414425000012/a20241231exhibit211.htm",Heuristic,true,5,0,false,
000095017025040127,EX-21,"https://www.sec.gov/Archives/edgar/data/884219/000095017025040127/prsu-ex21/1.htm",Heuristic,true,23,0,false,
000143774925007218,EX-21,"https://www.sec.gov/Archives/edgar/data/884269/000143774925007218/ex/786729.htm",Heuristic,true,2,0,false,
000088461425000053,EX-21,"https://www.sec.gov/Archives/edgar/data/884614/000088461425000053/a2025ugicorp10kex21.htm",Heuristic,true,41,0,false,
000095017025026066,EX-21,"https://www.sec.gov/Archives/edgar/data/884624/000095017025026066/ofix-ex21/1.htm",Heuristic,true,22,0,false,
000088488725000050,EX-21,"https://www.sec.gov/Archives/edgar/data/884887/000088488725000050/a2024q4exhibit211.htm",Heuristic,true,43,0,false,
000088550825000022,EX-21,"https://www.sec.gov/Archives/edgar/data/885508/000088550825000022/exhibit211q42410k.htm",Heuristic,true,14,0,false,
000088559025000007,EX-21,"https://www.sec.gov/Archives/edgar/data/885590/000088559025000007/exhibit2112024ye.htm",Heuristic,true,41,0,false,
000095017025042662,EX-21,"https://www.sec.gov/Archives/edgar/data/885639/000095017025042662/kss-ex21/1.htm",Heuristic,true,9,0,false,
000000885825000028,EX-21,"https://www.sec.gov/Archives/edgar/data/8858/000000885825000028/avt-20250628xex21d1.htm",Heuristic,true,44,0,false,
000114036125006750,EX-21,"https://www.sec.gov/Archives/edgar/data/885978/000114036125006750/ef20039045/ex21-1.htm",Heuristic,true,297,1,true,
000110465925122302,EX-21,"https://www.sec.gov/Archives/edgar/data/886128/000110465925122302/fcel-20251031xex21.htm",Heuristic,true,49,0,false,
000155837025004153,EX-21,"https://www.sec.gov/Archives/edgar/data/886136/000155837025004153/sga-20241231xex21.htm",Heuristic,true,23,1,true,
000088616325000012,EX-21,"https://www.sec.gov/Archives/edgar/data/886163/000088616325000012/lgnd/123124xexhibit211.htm",Heuristic,true,13,1,true,
000088634625000006,EX-21,"https://www.sec.gov/Archives/edgar/data/886346/000088634625000006/kai2024ex21/subsidiaries.htm",Heuristic,true,12,0,false,
000088698225000005,EX-21,"https://www.sec.gov/Archives/edgar/data/886982/000088698225000005/gs-12312024exhibit211.htm",Heuristic,true,1,0,false,
000088734325000054,EX-21,"https://www.sec.gov/Archives/edgar/data/887343/000088734325000054/colb-20241231xex211x10k.htm",Heuristic,true,25,0,false,
000107261325000246,EX-21,"https://www.sec.gov/Archives/edgar/data/887396/000107261325000246/exh21/18938.htm",Heuristic,true,13,1,true,
000088773325000041,EX-21,"https://www.sec.gov/Archives/edgar/data/887733/000088773325000041/q42025ex-21.htm",Heuristic,true,42,0,false,
000155837025001395,EX-21,"https://www.sec.gov/Archives/edgar/data/887905/000155837025001395/ltc-20241231xex21.htm",Heuristic,true,38,2,true,
000088793625000014,EX-21,"https://www.sec.gov/Archives/edgar/data/887936/000088793625000014/fti-123124x10kex211.htm",Heuristic,true,30,0,false,
000088849125000006,EX-21,"https://www.sec.gov/Archives/edgar/data/888491/000088849125000006/ohi-20241231xex21d1.htm",Heuristic,true,44,0,false,
000088933125000039,EX-21,"https://www.sec.gov/Archives/edgar/data/889331/000088933125000039/exhibit211-12282410k.htm",Heuristic,true,47,0,false,
000143774925020197,EX-21,"https://www.sec.gov/Archives/edgar/data/88948/000143774925020197/ex/822364.htm",Heuristic,true,6,0,false,
000168316825001548,EX-21,"https://www.sec.gov/Archives/edgar/data/889609/000168316825001548/cps/ex2100.htm",Heuristic,true,6,0,false,
000088990025000034,EX-21,"https://www.sec.gov/Archives/edgar/data/889900/000088990025000034/ex211subsidiariesoftheregi.htm",Heuristic,true,37,0,false,
000164117225001296,EX-21,"https://www.sec.gov/Archives/edgar/data/890821/000164117225001296/ex21.htm",Heuristic,true,7,0,false,
000089101425000018,EX-21,"https://www.sec.gov/Archives/edgar/data/891014/000089101425000018/exhibit21/1.htm",Heuristic,true,49,1,true,
000089110325000027,EX-21,"https://www.sec.gov/Archives/edgar/data/891103/000089110325000027/mtch10-k20241231ex211.htm",Heuristic,true,43,0,false,
000143774925007993,EX-21,"https://www.sec.gov/Archives/edgar/data/89140/000143774925007993/ex/682862.htm",Heuristic,true,33,0,false,
000089148225000009,EX-21,"https://www.sec.gov/Archives/edgar/data/891482/000089148225000009/fll-20241231xex21d1.htm",Heuristic,true,11,0,false,
000141057825000285,EX-21,"https://www.sec.gov/Archives/edgar/data/894158/000141057825000285/tmb-20241231xex21d1.htm",Heuristic,true,9,0,false,
000008943925000010,EX-21,"https://www.sec.gov/Archives/edgar/data/89439/000008943925000010/q42024exhibit21.htm",Heuristic,true,43,1,true,
000155837025002037,EX-21,"https://www.sec.gov/Archives/edgar/data/894405/000155837025002037/arcb-20241231xex21.htm",Heuristic,true,22,0,false,
000114036125008828,EX-21,"https://www.sec.gov/Archives/edgar/data/894671/000114036125008828/sec10k123124ex21.htm",Heuristic,true,4,1,true,
000000894725000046,EX-21,"https://www.sec.gov/Archives/edgar/data/8947/000000894725000046/ex211fy25subsidiaries.htm",Heuristic,true,36,0,false,
000164117225004921,EX-21,"https://www.sec.gov/Archives/edgar/data/894871/000164117225004921/ex21-1.htm",Heuristic,true,6,0,false,
000089542125000304,EX-21,"https://www.sec.gov/Archives/edgar/data/895421/000089542125000304/exhibit21q42024/10-k.htm",Heuristic,true,22,0,false,
000095017025043195,EX-21,"https://www.sec.gov/Archives/edgar/data/895447/000095017025043195/scvl-ex21.htm",Heuristic,true,4,0,false,
000164033425000547,EX-21,"https://www.sec.gov/Archives/edgar/data/895464/000164033425000547/yubo/ex211.htm",Heuristic,true,4,0,false,
000089572825000006,EX-21,"https://www.sec.gov/Archives/edgar/data/895728/000089572825000006/eiex211subsidiariesofthere.htm",Heuristic,true,39,0,false,
000143774925027594,EX-21,"https://www.sec.gov/Archives/edgar/data/896156/000143774925027594/ex/854244.htm",Heuristic,true,14,0,false,
000089626425000092,EX-21,"https://www.sec.gov/Archives/edgar/data/896264/000089626425000092/subsidiaries-ex2120241228.htm",Heuristic,true,30,0,false,
000162828025041775,EX-21,"https://www.sec.gov/Archives/edgar/data/896429/000162828025041775/ctlp-20250630xex211.htm",Heuristic,true,11,0,false,
000121465925005868,EX-21,"https://www.sec.gov/Archives/edgar/data/896493/000121465925005868/ex21.htm",Heuristic,true,21,0,false,
000089687825000035,EX-21,"https://www.sec.gov/Archives/edgar/data/896878/000089687825000035/fy25q4-ex2101.htm",Heuristic,true,38,0,false,
000089707725000007,EX-21,"https://www.sec.gov/Archives/edgar/data/897077/000089707725000007/a202410kex211.htm",Heuristic,true,43,0,false,
000095017025037620,EX-21,"https://www.sec.gov/Archives/edgar/data/897448/000095017025037620/amrn-ex21/1.htm",Heuristic,true,18,0,false,
000089772325000042,EX-21,"https://www.sec.gov/Archives/edgar/data/897723/000089772325000042/sanm/09272025xex211x10k.htm",Heuristic,true,45,0,false,
000008980025000030,EX-21,"https://www.sec.gov/Archives/edgar/data/89800/000008980025000030/shw-12312024xex211.htm",Heuristic,true,21,0,false,
000095017025034396,EX-21,"https://www.sec.gov/Archives/edgar/data/898171/000095017025034396/uwhr-ex21.htm",Heuristic,true,6,0,false,
000089817325000008,EX-21,"https://www.sec.gov/Archives/edgar/data/898173/000089817325000008/orly-20241231xex21d1.htm",Heuristic,true,6,0,false,
000089817425000027,EX-21,"https://www.sec.gov/Archives/edgar/data/898174/000089817425000027/a202410-kex211.htm",Heuristic,true,44,0,false,
000162828025045293,EX-21,"https://www.sec.gov/Archives/edgar/data/898293/000162828025045293/jbl-20250831ex211.htm",Heuristic,true,41,0,false,
000117184325001486,EX-21,"https://www.sec.gov/Archives/edgar/data/898437/000117184325001486/ex/786456.htm",Heuristic,true,3,1,true,
000162828025006706,EX-21,"https://www.sec.gov/Archives/edgar/data/899045/000162828025006706/lamr-20241231x10kxex21a.htm",Heuristic,true,44,0,false,
000095017025021145,EX-21,"https://www.sec.gov/Archives/edgar/data/899629/000095017025021145/akr-ex21/1.htm",Heuristic,true,61,1,true,
000089968925000004,EX-21,"https://www.sec.gov/Archives/edgar/data/899689/000089968925000004/ex21123124.htm",Heuristic,true,39,0,false,
000089975125000009,EX-21,"https://www.sec.gov/Archives/edgar/data/899751/000089975125000009/twi12312024ex21.htm",Heuristic,true,29,0,false,
000089992325000019,EX-21,"https://www.sec.gov/Archives/edgar/data/899923/000089992325000019/mygn-q42024ex211.htm",Heuristic,true,9,0,false,
000162828025042946,EX-21,"https://www.sec.gov/Archives/edgar/data/900075/000162828025042946/cprt07312025-ex211.htm",Heuristic,true,27,0,false,
000162828025058405,EX-21,"https://www.sec.gov/Archives/edgar/data/90168/000162828025058405/exhibit21110k2025.htm",Heuristic,true,4,0,false,
000095017025029516,EX-21,"https://www.sec.gov/Archives/edgar/data/902791/000095017025029516/bbsi-ex21.htm",Heuristic,true,3,0,false,
000095017025023344,EX-21,"https://www.sec.gov/Archives/edgar/data/903129/000095017025023344/thrm-ex21.htm",Heuristic,true,36,0,false,
000143774925007629,EX-21,"https://www.sec.gov/Archives/edgar/data/903419/000143774925007629/ex/743305.htm",Heuristic,true,3,0,false,
000141057825000194,EX-21,"https://www.sec.gov/Archives/edgar/data/903651/000141057825000194/inod-20241231xex21.htm",Heuristic,true,7,0,false,
000162828025008639,EX-21,"https://www.sec.gov/Archives/edgar/data/90498/000162828025008639/sfnc-123124xex21listofsubs.htm",Heuristic,true,37,0,false,
000090616325000011,EX-21,"https://www.sec.gov/Archives/edgar/data/906163/000090616325000011/a2024ex21.htm",Heuristic,true,4,0,false,
000090634525000008,EX-21,"https://www.sec.gov/Archives/edgar/data/906345/000090634525000008/cpt12312024-ex211.htm",Heuristic,true,4,0,false,
000155837025001954,EX-21,"https://www.sec.gov/Archives/edgar/data/906465/000155837025001954/qcrh-20241231xex21.htm",Heuristic,true,13,0,false,
000143774925004757,EX-21,"https://www.sec.gov/Archives/edgar/data/906553/000143774925004757/ex/730806.htm",Heuristic,true,73,1,true,
000090747125000116,EX-21,"https://www.sec.gov/Archives/edgar/data/907471/000090747125000116/cash9302025exhibit21.htm",Heuristic,true,1,0,false,
000121390025021165,EX-21,"https://www.sec.gov/Archives/edgar/data/907654/000121390025021165/ea023044501ex21-1/orukathe.htm",Heuristic,true,2,1,true,
000090825525000007,EX-21,"https://www.sec.gov/Archives/edgar/data/908255/000090825525000007/a20241231ex211-subsidiarie.htm",Heuristic,true,38,0,false,
000090831125000017,EX-21,"https://www.sec.gov/Archives/edgar/data/908311/000090831125000017/exhibit211202410-k.htm",Heuristic,true,43,0,false,
000095017025077746,EX-21,"https://www.sec.gov/Archives/edgar/data/90896/000095017025077746/sky-ex21/1.htm",Heuristic,true,24,0,false,
000090910825000010,EX-21,"https://www.sec.gov/Archives/edgar/data/909108/000090910825000010/dhil-20241231xexx211.htm",Heuristic,true,1,0,false,
000095017025020889,EX-21,"https://www.sec.gov/Archives/edgar/data/9092/000095017025020889/bmi-ex21.htm",Heuristic,true,12,0,false,
000090983225000101,EX-21,"https://www.sec.gov/Archives/edgar/data/909832/000090983225000101/costex21110k83125.htm",Heuristic,true,11,0,false,
000144483825000023,EX-21,"https://www.sec.gov/Archives/edgar/data/910108/000144483825000023/ex21listofsubsidiaries2024.htm",Heuristic,true,42,0,false,
000162828025006094,EX-21,"https://www.sec.gov/Archives/edgar/data/910329/000162828025006094/med-20241231x10kxex211.htm",Heuristic,true,6,0,false,
000119312525203534,EX-21,"https://www.sec.gov/Archives/edgar/data/910406/000119312525203534/hain-ex21/1.htm",Heuristic,true,59,0,false,
000091052125000017,EX-21,"https://www.sec.gov/Archives/edgar/data/910521/000091052125000017/deck3312025exhibit211.htm",Heuristic,true,2,0,false,
000095017025030677,EX-21,"https://www.sec.gov/Archives/edgar/data/910612/000095017025030677/cbl-ex21.htm",Heuristic,true,41,0,false,
000091063825000005,EX-21,"https://www.sec.gov/Archives/edgar/data/910638/000091063825000005/ddd-2024/12x31ex211.htm",Heuristic,true,39,0,false,
000091114725000010,EX-21,"https://www.sec.gov/Archives/edgar/data/911147/000091114725000010/cnty-20241231xex21.htm",Heuristic,true,28,1,true,
000091117725000010,EX-21,"https://www.sec.gov/Archives/edgar/data/911177/000091117725000010/cwst-ex211123124k.htm",Heuristic,true,66,2,true,
000165495425011030,EX-21,"https://www.sec.gov/Archives/edgar/data/911216/000165495425011030/ptn/ex21.htm",Heuristic,true,1,0,false,
000009114225000036,EX-21,"https://www.sec.gov/Archives/edgar/data/91142/000009114225000036/aos-20241231xex21.htm",Heuristic,true,33,0,false,
000143774925004700,EX-21,"https://www.sec.gov/Archives/edgar/data/912061/000143774925004700/ex/726749.htm",Heuristic,true,19,1,true,
000091209325000096,EX-21,"https://www.sec.gov/Archives/edgar/data/912093/000091209325000096/viavq4fy25ex2x211xsubsidia.htm",Heuristic,true,38,1,true,
000091246325000028,EX-21,"https://www.sec.gov/Archives/edgar/data/912463/000091246325000028/q4fy25exh211.htm",Heuristic,true,65,0,false,
000095017025048506,EX-21,"https://www.sec.gov/Archives/edgar/data/912615/000095017025048506/urbn-ex21/1.htm",Heuristic,true,41,0,false,
000162828025006557,EX-21,"https://www.sec.gov/Archives/edgar/data/912766/000162828025006557/exhibit211-listofsubsidiar.htm",Heuristic,true,42,1,true,
000091314225000005,EX-21,"https://www.sec.gov/Archives/edgar/data/913142/000091314225000005/exhibit211/2024.htm",Heuristic,true,40,0,false,
000091314425000009,EX-21,"https://www.sec.gov/Archives/edgar/data/913144/000091314425000009/ex2112024.htm",Heuristic,true,34,0,false,
000162828025009503,EX-21,"https://www.sec.gov/Archives/edgar/data/913241/000162828025009503/shoo-20241231xex2101.htm",Heuristic,true,34,1,true,
000155837025002405,EX-21,"https://www.sec.gov/Archives/edgar/data/913277/000155837025002405/clar-20241231xex21d1.htm",Heuristic,true,25,0,false,
000091376025000196,EX-21,"https://www.sec.gov/Archives/edgar/data/913760/000091376025000196/snex2025exh211q4roll.htm",Heuristic,true,54,0,false,
000009141925000056,EX-21,"https://www.sec.gov/Archives/edgar/data/91419/000009141925000056/sjm43025-10kex21.htm",Heuristic,true,16,0,false,
000091420825000114,EX-21,"https://www.sec.gov/Archives/edgar/data/914208/000091420825000114/ivz10k2024ex210.htm",Heuristic,true,34,1,true,
000009144025000010,EX-21,"https://www.sec.gov/Archives/edgar/data/91440/000009144025000010/snafy24ex21.htm",Heuristic,true,44,0,false,
000091447525000037,EX-21,"https://www.sec.gov/Archives/edgar/data/914475/000091447525000037/q4-2024xexhibit211.htm",Heuristic,true,9,0,false,
000091535825000018,EX-21,"https://www.sec.gov/Archives/edgar/data/915358/000091535825000018/sgma-20250430xex21/0.htm",Heuristic,true,7,0,false,
000009157625000038,EX-21,"https://www.sec.gov/Archives/edgar/data/91576/000009157625000038/key-123124xexx21.htm",Heuristic,true,1,0,false,
000091577925000102,EX-21,"https://www.sec.gov/Archives/edgar/data/915779/000091577925000102/ex21110-k04262025.htm",Heuristic,true,14,0,false,
000091584025000075,EX-21,"https://www.sec.gov/Archives/edgar/data/915840/000091584025000075/bzh-9302510kex21.htm",Heuristic,true,31,0,false,
000091636525000076,EX-21,"https://www.sec.gov/Archives/edgar/data/916365/000091636525000076/ex21-2024listofsubsidiaries.htm",Heuristic,true,13,0,false,
000091654025000008,EX-21,"https://www.sec.gov/Archives/edgar/data/916540/000091654025000008/ex21-2024.htm",Heuristic,true,34,0,false,
000091678925000012,EX-21,"https://www.sec.gov/Archives/edgar/data/916789/000091678925000012/fy25/q4x10kxexhibit21.htm",Heuristic,true,39,0,false,
000155837025012001,EX-21,"https://www.sec.gov/Archives/edgar/data/916907/000155837025012001/smbc-20250630xex21.htm",Heuristic,true,9,0,false,
000143774925004742,EX-21,"https://www.sec.gov/Archives/edgar/data/917470/000143774925004742/ex/698999.htm",Heuristic,true,17,1,true,
000162828025007378,EX-21,"https://www.sec.gov/Archives/edgar/data/917491/000162828025007378/faro202410kex211.htm",Heuristic,true,37,0,false,
000091752025000017,EX-21,"https://www.sec.gov/Archives/edgar/data/917520/000091752025000017/iart-20241231xexx211.htm",Heuristic,true,32,0,false,
000091854125000018,EX-21,"https://www.sec.gov/Archives/edgar/data/918541/000091854125000018/exhibit2112024-q4.htm",Heuristic,true,36,1,true,
000117152025000236,EX-21,"https://www.sec.gov/Archives/edgar/data/918573/000117152025000236/ex21-1.htm",Heuristic,true,2,0,false,
000095017025075321,EX-21,"https://www.sec.gov/Archives/edgar/data/918646/000095017025075321/exp-ex21.htm",Heuristic,true,22,0,false,
000091896525000029,EX-21,"https://www.sec.gov/Archives/edgar/data/918965/000091896525000029/scansourceex2116302025.htm",Heuristic,true,16,0,false,
000162828025002404,EX-21,"https://www.sec.gov/Archives/edgar/data/920760/000162828025002404/len-20241130x10kxexh21.htm",Heuristic,true,46,0,false,
000082705225000022,EX-21,"https://www.sec.gov/Archives/edgar/data/92103/000082705225000022/eix-20241231xex211.htm",Heuristic,true,1,0,false,
000103220825000012,EX-21,"https://www.sec.gov/Archives/edgar/data/92108/000103220825000012/sempra-123124xex211.htm",Heuristic,true,4,0,false,
000155837025003406,EX-21,"https://www.sec.gov/Archives/edgar/data/921114/000155837025003406/armp-20241231xex21d1.htm",Heuristic,true,5,1,true,
000155837025002370,EX-21,"https://www.sec.gov/Archives/edgar/data/921557/000155837025002370/rbcaa-20241231xex21.htm",Heuristic,true,4,1,true,
000092158225000008,EX-21,"https://www.sec.gov/Archives/edgar/data/921582/000092158225000008/exhibit211subsidiariesofim.htm",Heuristic,true,42,0,false,
000092163825000041,EX-21,"https://www.sec.gov/Archives/edgar/data/921638/000092163825000041/exhibit21subsidiaries2024.htm",Heuristic,true,30,0,false,
000092173825000008,EX-21,"https://www.sec.gov/Archives/edgar/data/921738/000092173825000008/pennex211123124.htm",Heuristic,true,36,0,false,
000092182525000019,EX-21,"https://www.sec.gov/Archives/edgar/data/921825/000092182525000019/fr-20241231xex211.htm",Heuristic,true,41,0,false,
000009223025000020,EX-21,"https://www.sec.gov/Archives/edgar/data/92230/000009223025000020/ex21subsidiaries4q24.htm",Heuristic,true,6,0,false,
000119312525253612,EX-21,"https://www.sec.gov/Archives/edgar/data/923120/000119312525253612/gbx-ex21/1.htm",Heuristic,true,44,0,false,
000009238025000024,EX-21,"https://www.sec.gov/Archives/edgar/data/92380/000009238025000024/luv-12312024xex21.htm",Heuristic,true,6,0,false,
000092480525000012,EX-21,"https://www.sec.gov/Archives/edgar/data/924805/000092480525000012/ex2101scheduleofsubsidiari.htm",Heuristic,true,29,0,false,
000155837025002276,EX-21,"https://www.sec.gov/Archives/edgar/data/924822/000155837025002276/mlr-20241231xex21.htm",Heuristic,true,9,0,false,
000000490425000027,EX-21,"https://www.sec.gov/Archives/edgar/data/92487/000000490425000027/ex2120244q.htm",Heuristic,true,28,0,false,
000143774925009397,EX-21,"https://www.sec.gov/Archives/edgar/data/925741/000143774925009397/ex/792556.htm",Heuristic,true,1,1,true,
000095017025031056,EX-21,"https://www.sec.gov/Archives/edgar/data/926282/000095017025031056/adtn-ex21.htm",Heuristic,true,46,0,false,
000092632625000003,EX-21,"https://www.sec.gov/Archives/edgar/data/926326/000092632625000003/exhibit211q4-24.htm",Heuristic,true,18,1,true,
000143774925013105,EX-21,"https://www.sec.gov/Archives/edgar/data/926423/000143774925013105/ex/752155.htm",Heuristic,true,7,1,true,
000162828025013828,EX-21,"https://www.sec.gov/Archives/edgar/data/926660/000162828025013828/airc2024ex-211.htm",Heuristic,true,47,0,false,
000155837025001038,EX-21,"https://www.sec.gov/Archives/edgar/data/927003/000155837025001038/aeis-20241231xex21d1.htm",Heuristic,true,50,0,false,
000092706625000012,EX-21,"https://www.sec.gov/Archives/edgar/data/927066/000092706625000012/dva-123124ex211.htm",Heuristic,true,41,0,false,
000092762825000092,EX-21,"https://www.sec.gov/Archives/edgar/data/927628/000092762825000092/cof-12312024x10kxex21.htm",Heuristic,true,1,0,false,
000155837025003137,EX-21,"https://www.sec.gov/Archives/edgar/data/928340/000155837025003137/cwco-20241231xex21d1.htm",Heuristic,true,14,1,true,
000110465925108504,EX-21,"https://www.sec.gov/Archives/edgar/data/928465/000110465925108504/dit-20250930xex21d1.htm",Heuristic,true,17,2,true,
000092900825000005,EX-21,"https://www.sec.gov/Archives/edgar/data/929008/000092900825000005/wcc-2024ex211.htm",Heuristic,true,45,0,false,
000092935125000038,EX-21,"https://www.sec.gov/Archives/edgar/data/929351/000092935125000038/exhibit211subsidiariesofth.htm",Heuristic,true,22,0,false,
000093023625000007,EX-21,"https://www.sec.gov/Archives/edgar/data/930236/000093023625000007/rwtex21q42024.htm",Heuristic,true,6,0,false,
000093042025000022,EX-21,"https://www.sec.gov/Archives/edgar/data/930420/000093042025000022/exhibit21/2024kforcesubsid.htm",Heuristic,true,8,0,false,
000162828025006009,EX-21,"https://www.sec.gov/Archives/edgar/data/931015/000162828025006009/exhibit21-subsidiariesx123.htm",Heuristic,true,48,0,false,
000149315225006522,EX-21,"https://www.sec.gov/Archives/edgar/data/931059/000149315225006522/ex21.htm",Heuristic,true,17,0,false,
000093114825000028,EX-21,"https://www.sec.gov/Archives/edgar/data/931148/000093114825000028/a2024-ex211listofsubsidiar.htm",Heuristic,true,33,0,false,
000095017025019894,EX-21,"https://www.sec.gov/Archives/edgar/data/931182/000095017025019894/eqr-ex21.htm",Heuristic,true,51,0,false,
000162828025007202,EX-21,"https://www.sec.gov/Archives/edgar/data/9326/000162828025007202/bcpc202410k-ex211.htm",Heuristic,true,17,0,false,
000093313625000018,EX-21,"https://www.sec.gov/Archives/edgar/data/933136/000093313625000018/a2024-qx4exhibitx211.htm",Heuristic,true,3,0,false,
000009338925000012,EX-21,"https://www.sec.gov/Archives/edgar/data/93389/000009338925000012/ex-21xsignificantsubsidiar.htm",Heuristic,true,17,0,false,
000165495425003443,EX-21,"https://www.sec.gov/Archives/edgar/data/933972/000165495425003443/scwo/ex211.htm",Heuristic,true,2,0,false,
000143774925036931,EX-21,"https://www.sec.gov/Archives/edgar/data/933974/000143774925036931/ex/852663.htm",Heuristic,true,34,0,false,
000009341025000009,EX-21,"https://www.sec.gov/Archives/edgar/data/93410/000009341025000009/cvx12312024ex211.htm",Heuristic,true,34,0,false,
000009355625000007,EX-21,"https://www.sec.gov/Archives/edgar/data/93556/000009355625000007/ex21-subsidiariesofstanley.htm",Heuristic,true,41,0,false,
000093570325000015,EX-21,"https://www.sec.gov/Archives/edgar/data/935703/000093570325000015/dltr-2025x02x01x10kxex211.htm",Heuristic,true,11,0,false,
000162828025056698,EX-21,"https://www.sec.gov/Archives/edgar/data/936395/000162828025056698/ex2112025111-subsidiarieso.htm",Heuristic,true,6,0,false,
000093709825000016,EX-21,"https://www.sec.gov/Archives/edgar/data/937098/000093709825000016/tnet-123124exhibit211.htm",Heuristic,true,25,0,false,
000093755625000032,EX-21,"https://www.sec.gov/Archives/edgar/data/937556/000093755625000032/masi-20241228x10kex211.htm",Heuristic,true,32,0,false,
000093976725000019,EX-21,"https://www.sec.gov/Archives/edgar/data/939767/000093976725000019/exel2024ex211subsidiarieso.htm",Heuristic,true,3,0,false,
000093993025000035,EX-21,"https://www.sec.gov/Archives/edgar/data/939930/000093993025000035/pyx-20250331xex21.htm",Heuristic,true,31,0,false,
000095017025029079,EX-21,"https://www.sec.gov/Archives/edgar/data/94049/000095017025029079/scl-ex21.htm",Heuristic,true,28,0,false,
000095017025026866,EX-21,"https://www.sec.gov/Archives/edgar/data/940942/000095017025026866/hubg-ex21.htm",Heuristic,true,27,1,true,
000009434425000004,EX-21,"https://www.sec.gov/Archives/edgar/data/94344/000009434425000004/ex211subsidiaries12312024.htm",Heuristic,true,40,0,false,
000094381925000035,EX-21,"https://www.sec.gov/Archives/edgar/data/943819/000094381925000035/exhibit211-subsidiariesq4f.htm",Heuristic,true,28,0,false,
000162828025008893,EX-21,"https://www.sec.gov/Archives/edgar/data/944148/000162828025008893/a2024listofcbizsubsidiaries.htm",Heuristic,true,46,0,false,
000095017025035961,EX-21,"https://www.sec.gov/Archives/edgar/data/944745/000095017025035961/civb-ex21/1.htm",Heuristic,true,10,0,false,
000143774925005811,EX-21,"https://www.sec.gov/Archives/edgar/data/944809/000143774925005811/ex/783388.htm",Heuristic,true,14,0,false,
000094511425000012,EX-21,"https://www.sec.gov/Archives/edgar/data/945114/000094511425000012/ex-2112312024.htm",Heuristic,true,10,0,false,
000094539425000014,EX-21,"https://www.sec.gov/Archives/edgar/data/945394/000094539425000014/svc/123124xxex211subsidiar.htm",Heuristic,true,41,0,false,
000094584125000032,EX-21,"https://www.sec.gov/Archives/edgar/data/945841/000094584125000032/exhibit211/2024.htm",Heuristic,true,32,1,true,
000143774925006986,EX-21,"https://www.sec.gov/Archives/edgar/data/945983/000143774925006986/ex/675282.htm",Heuristic,true,17,1,true,
000162828025026694,EX-21,"https://www.sec.gov/Archives/edgar/data/946581/000162828025026694/ex-21103312025.htm",Heuristic,true,42,0,false,
000164117225000847,EX-21,"https://www.sec.gov/Archives/edgar/data/946644/000164117225000847/ex21-1.htm",Heuristic,true,4,1,true,
000095017025029956,EX-21,"https://www.sec.gov/Archives/edgar/data/946647/000095017025029956/pfc-ex21.htm",Heuristic,true,3,0,false,
000094667325000008,EX-21,"https://www.sec.gov/Archives/edgar/data/946673/000094667325000008/banr-12312024xex21.htm",Heuristic,true,6,0,false,
000094748425000017,EX-21,"https://www.sec.gov/Archives/edgar/data/947484/000094748425000017/a2024ex21.htm",Heuristic,true,25,0,false,
000149315225009790,EX-21,"https://www.sec.gov/Archives/edgar/data/948320/000149315225009790/ex21-1.htm",Heuristic,true,1,0,false,
000009484525000005,EX-21,"https://www.sec.gov/Archives/edgar/data/94845/000009484525000005/lvis12012024ex-211.htm",Heuristic,true,42,0,false,
000094915725000024,EX-21,"https://www.sec.gov/Archives/edgar/data/949157/000094915725000024/a20241231q4ex211.htm",Heuristic,true,30,0,false,
000095017025034599,EX-21,"https://www.sec.gov/Archives/edgar/data/95552/000095017025034599/sup-ex21.htm",Heuristic,true,18,0,false,
000143774925007055,EX-21,"https://www.sec.gov/Archives/edgar/data/95574/000143774925007055/ex/730294.htm",Heuristic,true,12,0,false,
000009602125000099,EX-21,"https://www.sec.gov/Archives/edgar/data/96021/000009602125000099/exhibit211subsidiariesofth.htm",Heuristic,true,8,0,false,
000162828025002833,EX-21,"https://www.sec.gov/Archives/edgar/data/96223/000162828025002833/exhibit21113024.htm",Heuristic,true,45,0,false,
000009694325000031,EX-21,"https://www.sec.gov/Archives/edgar/data/96943/000009694325000031/exhibit21sublistasof123120.htm",Heuristic,true,39,0,false,
000009713425000006,EX-21,"https://www.sec.gov/Archives/edgar/data/97134/000009713425000006/tnc-20241231xexx21.htm",Heuristic,true,38,0,false,
000095017025023784,EX-21,"https://www.sec.gov/Archives/edgar/data/97210/000095017025023784/ter-ex21/1.htm",Heuristic,true,41,0,false,
000009721625000011,EX-21,"https://www.sec.gov/Archives/edgar/data/97216/000009721625000011/tex123124ex-211.htm",Heuristic,true,45,0,false,
000009747625000007,EX-21,"https://www.sec.gov/Archives/edgar/data/97476/000009747625000007/q42024txnex21.htm",Heuristic,true,36,0,false,
000009774525000010,EX-21,"https://www.sec.gov/Archives/edgar/data/97745/000009774525000010/q4202410-kex21sublist.htm",Heuristic,true,32,0,false,
000143774925005487,EX-21,"https://www.sec.gov/Archives/edgar/data/98222/000143774925005487/ex/745161.htm",Heuristic,true,47,1,true,
000009836225000055,EX-21,"https://www.sec.gov/Archives/edgar/data/98362/000009836225000055/tkr123124exhibit21.htm",Heuristic,true,41,0,false,
000155837025001926,EX-21,"https://www.sec.gov/Archives/edgar/data/98677/000155837025001926/tr-20241231xex21.htm",Heuristic,true,38,1,true,
000143774925018483,EX-21,"https://www.sec.gov/Archives/edgar/data/99302/000143774925018483/ex/778670.htm",Heuristic,true,6,0,false,
000114036125016316,EX-8,"https://www.sec.gov/Archives/edgar/data/1000177/000114036125016316/ef20039042/ex8-1.htm",Heuristic,true,3,0,false,
000114036125015768,EX-8,"https://www.sec.gov/Archives/edgar/data/1001290/000114036125015768/ef20038949/ex8.htm",Heuristic,true,2,0,false,
000100393525000004,EX-8,"https://www.sec.gov/Archives/edgar/data/1003935/000100393525000004/exhibit81-2024.htm",Heuristic,true,18,0,false,
000119312525101730,EX-8,"https://www.sec.gov/Archives/edgar/data/1015650/000119312525101730/d877090dex81.htm",Heuristic,true,21,1,true,
000101582025000027,EX-8,"https://www.sec.gov/Archives/edgar/data/1015820/000101582025000027/exhibit812024listofsubsidi.htm",Heuristic,true,44,0,false,
000119312525149706,EX-8,"https://www.sec.gov/Archives/edgar/data/1022837/000119312525149706/d927785dex8.htm",Heuristic,true,50,0,false,
000162828025047346,EX-8,"https://www.sec.gov/Archives/edgar/data/1023512/000162828025047346/exhibit81.htm",Heuristic,true,6,0,false,
000162828025047726,EX-8,"https://www.sec.gov/Archives/edgar/data/1023514/000162828025047726/exhibit81significantsubsid.htm",Heuristic,true,9,0,false,
000121390025037590,EX-8,"https://www.sec.gov/Archives/edgar/data/1023549/000121390025037590/ea023966101ex8-1/xtlbio.htm",Heuristic,true,2,0,false,
000102914525000012,EX-8,"https://www.sec.gov/Archives/edgar/data/1029145/000102914525000012/gogl202420fex81.htm",Heuristic,true,41,0,false,
000095017025058802,EX-8,"https://www.sec.gov/Archives/edgar/data/1030471/000095017025058802/utsi-ex8/1.htm",Heuristic,true,14,0,false,
000119312525092142,EX-8,"https://www.sec.gov/Archives/edgar/data/1033767/000119312525092142/d846836dex81.htm",Heuristic,true,26,0,false,
000165495425012195,EX-8,"https://www.sec.gov/Archives/edgar/data/1034957/000165495425012195/cresud/ex81.htm",Heuristic,true,28,2,true,
000155837025007966,EX-8,"https://www.sec.gov/Archives/edgar/data/1038683/000155837025007966/tmb-20250331xex8d1.htm",Heuristic,true,3,0,false,
000162828025018102,EX-8,"https://www.sec.gov/Archives/edgar/data/1041792/000162828025018102/exhibit81-listofsubsidiari.htm",Heuristic,true,51,2,true,
000121390025043461,EX-8,"https://www.sec.gov/Archives/edgar/data/1045986/000121390025043461/ea024085001ex8-1/formula.htm",Heuristic,true,10,0,false,
000162828025012639,EX-8,"https://www.sec.gov/Archives/edgar/data/1047716/000162828025012639/a81listofsubsidiaries2024.htm",Heuristic,true,11,0,false,
000162828025019714,EX-8,"https://www.sec.gov/Archives/edgar/data/1061736/000162828025019714/ex81significantsubsidiaries.htm",Heuristic,true,4,0,false,
000119312525319187,EX-8,"https://www.sec.gov/Archives/edgar/data/1062579/000119312525319187/dox-ex8.htm",Heuristic,true,11,1,true,
000162828025008767,EX-8,"https://www.sec.gov/Archives/edgar/data/1066119/000162828025008767/telefonicabrasil2024xex81x.htm",Heuristic,true,15,0,false,
000119312525145217,EX-8,"https://www.sec.gov/Archives/edgar/data/1070304/000119312525145217/d925000dex81.htm",Heuristic,true,26,0,false,
000110465925041364,EX-8,"https://www.sec.gov/Archives/edgar/data/1071321/000110465925041364/tkc-20241231xex8d1.htm",Heuristic,true,37,0,false,
000107137125000053,EX-8,"https://www.sec.gov/Archives/edgar/data/1071371/000107137125000053/cib-20241231xexx81.htm",Heuristic,true,33,0,false,
000119312525097693,EX-8,"https://www.sec.gov/Archives/edgar/data/1076378/000119312525097693/d905381dex81.htm",Heuristic,true,36,1,true,
000141057825000464,EX-8,"https://www.sec.gov/Archives/edgar/data/1086434/000141057825000464/audc-20241231xex8d1.htm",Heuristic,true,1,0,false,
000110465925037207,EX-8,"https://www.sec.gov/Archives/edgar/data/1091223/000110465925037207/mtls-20241231xex8d1.htm",Heuristic,true,26,0,false,
000117891325001101,EX-8,"https://www.sec.gov/Archives/edgar/data/1094366/000117891325001101/exhibit/8-1.htm",Heuristic,true,23,0,false,
000117184325004718,EX-8,"https://www.sec.gov/Archives/edgar/data/1095435/000117184325004718/exh/81.htm",Heuristic,true,11,1,true,
000095017025059532,EX-8,"https://www.sec.gov/Archives/edgar/data/1105101/000095017025059532/gigm-ex8/1.htm",Heuristic,true,11,0,false,
000117891325000572,EX-8,"https://www.sec.gov/Archives/edgar/data/1109345/000117891325000572/exhibit/8-1.htm",Heuristic,true,8,0,false,
000121390025024756,EX-8,"https://www.sec.gov/Archives/edgar/data/1119083/000121390025024756/ea023408901ex8/mindcti.htm",Heuristic,true,6,0,false,
000129281425001352,EX-8,"https://www.sec.gov/Archives/edgar/data/1119639/000129281425001352/ex08-1.htm",Heuristic,true,19,2,true,
000117891325000679,EX-8,"https://www.sec.gov/Archives/edgar/data/1119774/000117891325000679/exhibit/8-1.htm",Heuristic,true,1,0,false,
000119312525064603,EX-8,"https://www.sec.gov/Archives/edgar/data/1122411/000119312525064603/d889608dex8.htm",Heuristic,true,32,1,true,
000129281425001796,EX-8,"https://www.sec.gov/Archives/edgar/data/1122491/000129281425001796/ex08-1.htm",Heuristic,true,47,1,true,
000095017025053927,EX-8,"https://www.sec.gov/Archives/edgar/data/1123134/000095017025053927/imos-ex8/1.htm",Heuristic,true,3,0,false,
000141057825000689,EX-8,"https://www.sec.gov/Archives/edgar/data/1123452/000141057825000689/asurb-20241231xex8d1.htm",Heuristic,true,13,0,false,
000114036125018954,EX-8,"https://www.sec.gov/Archives/edgar/data/1129137/000114036125018954/ef20044005/ex8-1.htm",Heuristic,true,11,0,false,
000112992825000019,EX-8,"https://www.sec.gov/Archives/edgar/data/1129928/000112992825000019/ex80subsidiaries2024.htm",Heuristic,true,2,0,false,
000095017025054474,EX-8,"https://www.sec.gov/Archives/edgar/data/1132924/000095017025054474/cht-ex8/1.htm",Heuristic,true,39,0,false,
000165495425004655,EX-8,"https://www.sec.gov/Archives/edgar/data/1133519/000165495425004655/med/ex81.htm",Heuristic,true,4,0,false,
000157587225000393,EX-8,"https://www.sec.gov/Archives/edgar/data/1135951/000157587225000393/rdy0757/ex8.htm",Heuristic,true,63,1,true,
000114062525000062,EX-8,"https://www.sec.gov/Archives/edgar/data/1140625/000114062525000062/exhibit8listofsubsidiaries.htm",Heuristic,true,12,0,false,
000119312525158722,EX-8,"https://www.sec.gov/Archives/edgar/data/1144967/000119312525158722/d854075dex8.htm",Heuristic,true,13,1,true,
000115915225000012,EX-8,"https://www.sec.gov/Archives/edgar/data/1159152/000115915225000012/jhx20-f2025ex81.htm",Heuristic,true,17,0,false,
000115950825000020,EX-8,"https://www.sec.gov/Archives/edgar/data/1159508/000115950825000020/db2025031381.htm",Heuristic,true,30,1,true,
000116010625000005,EX-8,"https://www.sec.gov/Archives/edgar/data/1160106/000116010625000005/lbgexhibit812024.htm",Heuristic,true,6,0,false,
000129281425001244,EX-8,"https://www.sec.gov/Archives/edgar/data/1160330/000129281425001244/ex08-1.htm",Heuristic,true,28,1,true,
000114036125039087,EX-8,"https://www.sec.gov/Archives/edgar/data/1163560/000114036125039087/ef20034697/ex8-1.htm",Heuristic,true,12,0,false,
000119312525079101,EX-8,"https://www.sec.gov/Archives/edgar/data/1166663/000119312525079101/d896344dex8.htm",Heuristic,true,102,0,false,
000117891325001815,EX-8,"https://www.sec.gov/Archives/edgar/data/1166834/000117891325001815/exhibit/8-1.htm",Heuristic,true,11,1,true,
000119312525165500,EX-8,"https://www.sec.gov/Archives/edgar/data/1179821/000119312525165500/d81203dex81.htm",Heuristic,true,10,1,true,
000155485525000262,EX-8,"https://www.sec.gov/Archives/edgar/data/1190723/000155485525000262/ex81/2.htm",Heuristic,true,26,1,true,
000120717925000005,EX-8,"https://www.sec.gov/Archives/edgar/data/1207179/000120717925000005/glng-12312024xex81.htm",Heuristic,true,11,1,true,
000121390025036914,EX-8,"https://www.sec.gov/Archives/edgar/data/1221029/000121390025036914/ea023760601ex8-1/cementos.htm",Heuristic,true,10,1,true,
000124342925000017,EX-8,"https://www.sec.gov/Archives/edgar/data/1243429/000124342925000017/a2024exhibit81.htm",Heuristic,true,30,0,false,
000126739525000019,EX-8,"https://www.sec.gov/Archives/edgar/data/1267395/000126739525000019/exhibit81subsidiariesofthe.htm",Heuristic,true,23,0,false,
000128987725000013,EX-8,"https://www.sec.gov/Archives/edgar/data/1289877/000128987725000013/sflfy2024form/ex8x1signifi.htm",Heuristic,true,41,0,false,
000141057825001092,EX-8,"https://www.sec.gov/Archives/edgar/data/1294404/000141057825001092/sfuny-20231231xex8d1.htm",Heuristic,true,1,0,false,
000114036125013743,EX-8,"https://www.sec.gov/Archives/edgar/data/1296484/000114036125013743/ef20039036/ex8-1.htm",Heuristic,true,16,0,false,
000141057825000945,EX-8,"https://www.sec.gov/Archives/edgar/data/1296774/000141057825000945/ncty-20241231xex8d1.htm",Heuristic,true,8,0,false,
000130696525000007,EX-8,"https://www.sec.gov/Archives/edgar/data/1306965/000130696525000007/a2024exhibits-81.htm",Heuristic,true,49,1,true,
000162828025012765,EX-8,"https://www.sec.gov/Archives/edgar/data/1308106/000162828025012765/spex-81.htm",Heuristic,true,55,0,false,
000164117225006049,EX-8,"https://www.sec.gov/Archives/edgar/data/1318482/000164117225006049/ex8.htm",Heuristic,true,6,0,false,
000141057825000111,EX-8,"https://www.sec.gov/Archives/edgar/data/1321851/000141057825000111/seed-20240930xex8d1.htm",Heuristic,true,16,0,false,
000119312525100460,EX-8,"https://www.sec.gov/Archives/edgar/data/1328919/000119312525100460/d899802dex8.htm",Heuristic,true,44,0,false,
000114036125009685,EX-8,"https://www.sec.gov/Archives/edgar/data/1331284/000114036125009685/ef20038952/ex8-1.htm",Heuristic,true,33,0,false,
000117891325001365,EX-8,"https://www.sec.gov/Archives/edgar/data/1337117/000117891325001365/exhibit/8.htm",Heuristic,true,16,0,false,
000117891325001021,EX-8,"https://www.sec.gov/Archives/edgar/data/1338940/000117891325001021/exhibit/8-1.htm",Heuristic,true,5,2,true,
000117184325003243,EX-8,"https://www.sec.gov/Archives/edgar/data/1341170/000117184325003243/ex/814570.htm",Heuristic,true,34,0,false,
000141057825000623,EX-8,"https://www.sec.gov/Archives/edgar/data/1342338/000141057825000623/himx-20241231xex8d1.htm",Heuristic,true,22,0,false,
000134287425000024,EX-8,"https://www.sec.gov/Archives/edgar/data/1342874/000134287425000024/exhibit81listofsubsidiarie.htm",Heuristic,true,41,0,false,
000162828025020427,EX-8,"https://www.sec.gov/Archives/edgar/data/1345105/000162828025020427/exhibit81listadesubsidiari.htm",Heuristic,true,30,0,false,
000121390025044183,EX-8,"https://www.sec.gov/Archives/edgar/data/1346610/000121390025044183/ea024083601ex8-1/sosltd.htm",Heuristic,true,29,0,false,
000106299325008252,EX-8,"https://www.sec.gov/Archives/edgar/data/1346917/000106299325008252/exhibit8-1.htm",Heuristic,true,1,1,true,
000119312525087225,EX-8,"https://www.sec.gov/Archives/edgar/data/1347426/000119312525087225/d865064dex81.htm",Heuristic,true,9,0,false,
000095017025057571,EX-8,"https://www.sec.gov/Archives/edgar/data/1347557/000095017025057571/pac-ex8/1.htm",Heuristic,true,21,0,false,
000119312525069283,EX-8,"https://www.sec.gov/Archives/edgar/data/1355444/000119312525069283/d914513dex81.htm",Heuristic,true,39,1,true,
000117891325001069,EX-8,"https://www.sec.gov/Archives/edgar/data/1365767/000117891325001069/exhibit/8-1.htm",Heuristic,true,12,0,false,
000141057825000277,EX-8,"https://www.sec.gov/Archives/edgar/data/1369241/000141057825000277/dac-20241231xex8.htm",Heuristic,true,41,1,true,
000119312525216394,EX-8,"https://www.sec.gov/Archives/edgar/data/1372920/000119312525216394/d138902dex81.htm",Heuristic,true,16,1,true,
000141057825001046,EX-8,"https://www.sec.gov/Archives/edgar/data/1375877/000141057825001046/csiq-20241231xex8d1.htm",Heuristic,true,24,1,true,
000121390025103210,EX-8,"https://www.sec.gov/Archives/edgar/data/1381074/000121390025103210/ea026275501ex8-1/baijiayun.htm",Heuristic,true,32,0,false,
000138339525000018,EX-8,"https://www.sec.gov/Archives/edgar/data/1383395/000138339525000018/exhibit81-listofsubsidiari.htm",Heuristic,true,7,0,false,
000095015725000241,EX-8,"https://www.sec.gov/Archives/edgar/data/1386716/000095015725000241/exhibit81.htm",Heuristic,true,229,0,false,
000119312525084452,EX-8,"https://www.sec.gov/Archives/edgar/data/1392326/000119312525084452/d842797dex81.htm",Heuristic,true,47,0,false,
000141057825000989,EX-8,"https://www.sec.gov/Archives/edgar/data/1398453/000141057825000989/xin-20241231xex8d1.htm",Heuristic,true,44,0,false,
000141057825001051,EX-8,"https://www.sec.gov/Archives/edgar/data/1412095/000141057825001051/troo-20241231xex8d1.htm",Heuristic,true,17,0,false,
000110465925035638,EX-8,"https://www.sec.gov/Archives/edgar/data/1412558/000110465925035638/evo-20241231xex8d1.htm",Heuristic,true,20,0,false,
000121390025039326,EX-8,"https://www.sec.gov/Archives/edgar/data/1413745/000121390025039326/ea023904901ex8-1/airnet.htm",Heuristic,true,8,0,false,
000121390025035604,EX-8,"https://www.sec.gov/Archives/edgar/data/1413855/000121390025035604/ea023882801ex8-1/aifuinc.htm",Heuristic,true,17,0,false,
000141994525000004,EX-8,"https://www.sec.gov/Archives/edgar/data/1419945/000141994525000004/tnkex-81q42024.htm",Heuristic,true,44,0,false,
000155837025003806,EX-8,"https://www.sec.gov/Archives/edgar/data/1421876/000155837025003806/glpg-20241231xex8d1.htm",Heuristic,true,10,0,false,
000155485525000406,EX-8,"https://www.sec.gov/Archives/edgar/data/1430162/000155485525000406/ex81/3.htm",Heuristic,true,53,3,true,
000114036125009158,EX-8,"https://www.sec.gov/Archives/edgar/data/1430725/000114036125009158/exhibit81.htm",Heuristic,true,95,1,true,
000141057825001338,EX-8,"https://www.sec.gov/Archives/edgar/data/1433309/000141057825001338/pltyf-20241231xex8d1.htm",Heuristic,true,3,0,false,
000155837025000846,EX-8,"https://www.sec.gov/Archives/edgar/data/1434265/000155837025000846/gmab-20241231xex8d1.htm",Heuristic,true,3,0,false,
000162828025011696,EX-8,"https://www.sec.gov/Archives/edgar/data/1434754/000162828025011696/listofsubsidiaries2024.htm",Heuristic,true,45,0,false,
000141057825000792,EX-8,"https://www.sec.gov/Archives/edgar/data/1439124/000141057825000792/ebr-20241231xex8d1.htm",Heuristic,true,4,0,false,
000095017025046966,EX-8,"https://www.sec.gov/Archives/edgar/data/1440972/000095017025046966/lar-ex8/1.htm",Heuristic,true,13,0,false,
000141057825000839,EX-8,"https://www.sec.gov/Archives/edgar/data/1444406/000141057825000839/ec-20241231xex8d1.htm",Heuristic,true,38,0,false,
000101376225002376,EX-8,"https://www.sec.gov/Archives/edgar/data/1450123/000101376225002376/ea023455501ex8-1/jbssa.htm",Heuristic,true,40,0,false,
000182912625003077,EX-8,"https://www.sec.gov/Archives/edgar/data/1463000/000182912625003077/grownrogue/ex8-1.htm",Heuristic,true,13,0,false,
000155837025004328,EX-8,"https://www.sec.gov/Archives/edgar/data/1464591/000155837025004328/gprk-20241231xex8d1.htm",Heuristic,true,20,0,false,
000146809125000058,EX-8,"https://www.sec.gov/Archives/edgar/data/1468091/000146809125000058/exhibit8significantsubsidi.htm",Heuristic,true,14,0,false,
000129281425001504,EX-8,"https://www.sec.gov/Archives/edgar/data/1469395/000129281425001504/ex08-1.htm",Heuristic,true,18,2,true,
000106299325007590,EX-8,"https://www.sec.gov/Archives/edgar/data/1472619/000106299325007590/exhibit8-1.htm",Heuristic,true,8,0,false,
000121390025036055,EX-8,"https://www.sec.gov/Archives/edgar/data/1474627/000121390025036055/ea023811301ex8-1/newegg.htm",Heuristic,true,3,0,false,
000141057825000968,EX-8,"https://www.sec.gov/Archives/edgar/data/1477641/000141057825000968/dq-20241231xex8d1.htm",Heuristic,true,9,0,false,
000114036125014093,EX-8,"https://www.sec.gov/Archives/edgar/data/1481241/000114036125014093/ef20039025/ex8-1.htm",Heuristic,true,19,0,false,
000141057825000970,EX-8,"https://www.sec.gov/Archives/edgar/data/1481513/000141057825000970/jks-20241231xex8d1.htm",Heuristic,true,63,0,false,
000101376225004136,EX-8,"https://www.sec.gov/Archives/edgar/data/1494558/000101376225004136/ea023507201ex8-1/ambow.htm",Heuristic,true,5,0,false,
000095017025086539,EX-8,"https://www.sec.gov/Archives/edgar/data/1495153/000095017025086539/mmyt-ex8/1.htm",Heuristic,true,3,0,false,
000147793225007006,EX-8,"https://www.sec.gov/Archives/edgar/data/1499494/000147793225007006/dxf/ex81.htm",Heuristic,true,4,0,false,
000141057825001415,EX-8,"https://www.sec.gov/Archives/edgar/data/1499620/000141057825001415/tal-20250228xex8d1.htm",Heuristic,true,14,0,false,
000114036125005199,EX-8,"https://www.sec.gov/Archives/edgar/data/1503584/000114036125005199/ef20043794/ex8-1.htm",Heuristic,true,57,0,false,
000117891325000706,EX-8,"https://www.sec.gov/Archives/edgar/data/1504379/000117891325000706/exhibit/8-1.htm",Heuristic,true,10,1,true,
000155837025005663,EX-8,"https://www.sec.gov/Archives/edgar/data/1504764/000155837025005663/aval-20241231xex8d1.htm",Heuristic,true,30,0,false,
000141057825000905,EX-8,"https://www.sec.gov/Archives/edgar/data/1508475/000141057825000905/vnet-20241231xex8d1.htm",Heuristic,true,54,1,true,
000162828025020727,EX-8,"https://www.sec.gov/Archives/edgar/data/1508478/000162828025020727/exhibit812024.htm",Heuristic,true,40,0,false,
000095017025055759,EX-8,"https://www.sec.gov/Archives/edgar/data/1509646/000095017025055759/feng-ex8/1.htm",Heuristic,true,8,0,false,
000141057825000871,EX-8,"https://www.sec.gov/Archives/edgar/data/1510593/000141057825000871/xnet-20241231xex8d1.htm",Heuristic,true,15,1,true,
000155837025005991,EX-8,"https://www.sec.gov/Archives/edgar/data/1513845/000155837025005991/nbis-20241231xex8d1.htm",Heuristic,true,7,0,false,
000143774925010348,EX-8,"https://www.sec.gov/Archives/edgar/data/1514597/000143774925010348/ex/793755.htm",Heuristic,true,4,0,false,
000162828025010800,EX-8,"https://www.sec.gov/Archives/edgar/data/1517396/000162828025010800/exhibit811.htm",Heuristic,true,19,0,false,
000151739925000017,EX-8,"https://www.sec.gov/Archives/edgar/data/1517399/000151739925000017/supv-20241231xex8d1.htm",Heuristic,true,14,0,false,
000141057825000935,EX-8,"https://www.sec.gov/Archives/edgar/data/1526125/000141057825000935/gds-20241231xex8d1.htm",Heuristic,true,37,0,false,
000119312525083419,EX-8,"https://www.sec.gov/Archives/edgar/data/1529192/000119312525083419/d907177dex81.htm",Heuristic,true,11,0,false,
000141057825000972,EX-8,"https://www.sec.gov/Archives/edgar/data/1530238/000141057825000972/joyy-20241231xex8d1.htm",Heuristic,true,26,0,false,
000121390025043744,EX-8,"https://www.sec.gov/Archives/edgar/data/1546383/000121390025043744/ea023922701ex8-1/jxluxven.htm",Heuristic,true,12,0,false,
000119312525083473,EX-8,"https://www.sec.gov/Archives/edgar/data/1549802/000119312525083473/d871796dex81.htm",Heuristic,true,35,1,true,
000164117225006699,EX-8,"https://www.sec.gov/Archives/edgar/data/1552670/000164117225006699/ex8-1.htm",Heuristic,true,12,0,false,
000155837025003754,EX-8,"https://www.sec.gov/Archives/edgar/data/1564180/000155837025003754/knop-20241231xex8d1.htm",Heuristic,true,19,0,false,
000121390025020360,EX-8,"https://www.sec.gov/Archives/edgar/data/1567529/000121390025020360/ea023060501ex8-1/kamada.htm",Heuristic,true,5,0,false,
000117891325001092,EX-8,"https://www.sec.gov/Archives/edgar/data/1574565/000117891325001092/exhibit/8-1.htm",Heuristic,true,4,0,false,
000162828025014212,EX-8,"https://www.sec.gov/Archives/edgar/data/1576789/000162828025014212/a20-fxexhibit81x2024.htm",Heuristic,true,28,0,false,
000155837025002500,EX-8,"https://www.sec.gov/Archives/edgar/data/1577437/000155837025002500/asc-20241231xex8d1.htm",Heuristic,true,39,0,false,
000110465925033744,EX-8,"https://www.sec.gov/Archives/edgar/data/1578453/000110465925033744/dlng-20241231xex8d1.htm",Heuristic,true,12,1,true,
000162828025014751,EX-8,"https://www.sec.gov/Archives/edgar/data/1581804/000162828025014751/ex81subsidiariesandequitym.htm",Heuristic,true,21,0,false,
000147793225003802,EX-8,"https://www.sec.gov/Archives/edgar/data/1588084/000147793225003802/tanh/ex81.htm",Heuristic,true,15,1,true,
000141057825001300,EX-8,"https://www.sec.gov/Archives/edgar/data/1592560/000141057825001300/vsa-20241231xex8d1.htm",Heuristic,true,41,0,false,
000164117225002362,EX-8,"https://www.sec.gov/Archives/edgar/data/1595353/000164117225002362/ex8-1.htm",Heuristic,true,5,0,false,
000141057825000730,EX-8,"https://www.sec.gov/Archives/edgar/data/1595761/000141057825000730/wb-20241231xex8d1.htm",Heuristic,true,3,0,false,
000141057825000777,EX-8,"https://www.sec.gov/Archives/edgar/data/1597095/000141057825000777/tour-20241231xex8d1.htm",Heuristic,true,13,0,false,
000095017025053935,EX-8,"https://www.sec.gov/Archives/edgar/data/1597835/000095017025053935/cmcm-ex8/1.htm",Heuristic,true,24,0,false,
000117891325000811,EX-8,"https://www.sec.gov/Archives/edgar/data/1598110/000117891325000811/exhibit/8-1.htm",Heuristic,true,11,0,false,
000110465925023694,EX-8,"https://www.sec.gov/Archives/edgar/data/1598655/000110465925023694/glop-20241231xex8d1.htm",Heuristic,true,16,0,false,
000121390025037199,EX-8,"https://www.sec.gov/Archives/edgar/data/1601936/000121390025037199/ea023799601ex8-1/altamira.htm",Heuristic,true,3,0,false,
000095017025060208,EX-8,"https://www.sec.gov/Archives/edgar/data/1602842/000095017025060208/mogo-ex8/1.htm",Heuristic,true,7,0,false,
000121390025036787,EX-8,"https://www.sec.gov/Archives/edgar/data/1603993/000121390025036787/ea023506501ex8-1/nisuninter.htm",Heuristic,true,20,0,false,
000160448125000004,EX-8,"https://www.sec.gov/Archives/edgar/data/1604481/000160448125000004/a8-1exhibit2024.htm",Heuristic,true,40,1,true,
000160548425000013,EX-8,"https://www.sec.gov/Archives/edgar/data/1605484/000160548425000013/exhibit8120241231-subsidia.htm",Heuristic,true,44,1,true,
000119312525098265,EX-8,"https://www.sec.gov/Archives/edgar/data/1610601/000119312525098265/d744071dex81.htm",Heuristic,true,26,0,false,
000117891325001173,EX-8,"https://www.sec.gov/Archives/edgar/data/1611005/000117891325001173/exhibit/8-1.htm",Heuristic,true,7,0,false,
000121390025040402,EX-8,"https://www.sec.gov/Archives/edgar/data/1611747/000121390025040402/ea023966901ex8-1/scinai.htm",Heuristic,true,2,0,false,
000095017025018852,EX-8,"https://www.sec.gov/Archives/edgar/data/1612042/000095017025018852/asnd-ex8/1.htm",Heuristic,true,16,0,false,
000155837025002851,EX-8,"https://www.sec.gov/Archives/edgar/data/1612940/000155837025002851/tmb-20241231xex8d1.htm",Heuristic,true,11,1,true,
000121390025022192,EX-8,"https://www.sec.gov/Archives/edgar/data/1614744/000121390025022192/ea023248301ex8-1/purple.htm",Heuristic,true,4,0,false,
000095017025058715,EX-8,"https://www.sec.gov/Archives/edgar/data/1615903/000095017025058715/ifs-ex8/1.htm",Heuristic,true,17,0,false,
000121390025037618,EX-8,"https://www.sec.gov/Archives/edgar/data/1618500/000121390025037618/ea023867501ex8-1/xylotech.htm",Heuristic,true,4,0,false,
000121390025073649,EX-8,"https://www.sec.gov/Archives/edgar/data/1619544/000121390025073649/ea023969601ex8-1/9finc.htm",Heuristic,true,5,0,false,
000161976225000007,EX-8,"https://www.sec.gov/Archives/edgar/data/1619762/000161976225000007/exhibit8-1fy2024.htm",Heuristic,true,24,0,false,
000101376225003018,EX-8,"https://www.sec.gov/Archives/edgar/data/1625791/000101376225003018/ea023415201ex8-1/kornit.htm",Heuristic,true,9,0,false,
000141057825000931,EX-8,"https://www.sec.gov/Archives/edgar/data/1631761/000141057825000931/yrd-20241231xex8d1.htm",Heuristic,true,38,1,true,
000163663925000022,EX-8,"https://www.sec.gov/Archives/edgar/data/1636639/000163663925000022/ex-81subsidiariesoftheregi.htm",Heuristic,true,6,0,false,
000163992025000003,EX-8,"https://www.sec.gov/Archives/edgar/data/1639920/000163992025000003/spot-20241231xexx81.htm",Heuristic,true,14,0,false,
000164117225001092,EX-8,"https://www.sec.gov/Archives/edgar/data/1640043/000164117225001092/ex8-1.htm",Heuristic,true,14,0,false,
000141057825001194,EX-8,"https://www.sec.gov/Archives/edgar/data/1643303/000141057825001194/nndm-20241231xex8d1.htm",Heuristic,true,51,0,false,
000121465925005742,EX-8,"https://www.sec.gov/Archives/edgar/data/1643918/000121465925005742/ex8/1.htm",Heuristic,true,2,0,false,
000164841625000027,EX-8,"https://www.sec.gov/Archives/edgar/data/1648416/000164841625000027/exhibit81ferrari12312024.htm",Heuristic,true,26,0,false,
000155837025002855,EX-8,"https://www.sec.gov/Archives/edgar/data/1651625/000155837025002855/aciu-20241231xex8d1.htm",Heuristic,true,1,0,false,
000165171725000011,EX-8,"https://www.sec.gov/Archives/edgar/data/1651717/000165171725000011/a81significantsubsidiaries.htm",Heuristic,true,37,0,false,
000165324225000010,EX-8,"https://www.sec.gov/Archives/edgar/data/1653242/000165324225000010/exhibit8tofiling-listofsub.htm",Heuristic,true,44,0,false,
000117891325000793,EX-8,"https://www.sec.gov/Archives/edgar/data/1654126/000117891325000793/exhibit/8-1.htm",Heuristic,true,30,0,false,
000165589125000013,EX-8,"https://www.sec.gov/Archives/edgar/data/1655891/000165589125000013/exhibit81-listofsubsidiari.htm",Heuristic,true,16,0,false,
000165608125000039,EX-8,"https://www.sec.gov/Archives/edgar/data/1656081/000165608125000039/exhibit81fy25.htm",Heuristic,true,13,0,false,
000141057825000918,EX-8,"https://www.sec.gov/Archives/edgar/data/1659494/000141057825000918/coe-20241231xex8d1.htm",Heuristic,true,13,0,false,
000141057825000774,EX-8,"https://www.sec.gov/Archives/edgar/data/1677250/000141057825000774/zto-20241231xex8d1.htm",Heuristic,true,5,0,false,
000149315225020269,EX-8,"https://www.sec.gov/Archives/edgar/data/1681348/000149315225020269/ex8.htm",Heuristic,true,26,0,false,
000121390025069404,EX-8,"https://www.sec.gov/Archives/edgar/data/1682241/000121390025069404/ea025004701ex8-1/metalpha.htm",Heuristic,true,7,0,false,
000168382525000013,EX-8,"https://www.sec.gov/Archives/edgar/data/1683825/000168382525000013/exhibit81listofsubsidiarie.htm",Heuristic,true,3,0,false,
000149315225008689,EX-8,"https://www.sec.gov/Archives/edgar/data/1684688/000149315225008689/ex8-1.htm",Heuristic,true,5,0,false,
000141057825001054,EX-8,"https://www.sec.gov/Archives/edgar/data/16859/000141057825001054/srl-20241231xex8d1.htm",Heuristic,true,2,0,false,
000121390025041195,EX-8,"https://www.sec.gov/Archives/edgar/data/1687277/000121390025041195/ea024118701ex8-1/retoeco.htm",Heuristic,true,10,0,false,
000169051125000011,EX-8,"https://www.sec.gov/Archives/edgar/data/1690511/000169051125000011/exhibit81fy2025.htm",Heuristic,true,20,1,true,
000129281425001517,EX-8,"https://www.sec.gov/Archives/edgar/data/1691493/000129281425001517/ex08-1.htm",Heuristic,true,37,1,true,
000141057825000822,EX-8,"https://www.sec.gov/Archives/edgar/data/1692705/000141057825000822/qd-20241231xex8d1.htm",Heuristic,true,12,0,false,
000141057825000996,EX-8,"https://www.sec.gov/Archives/edgar/data/1697818/000141057825000996/ambr-20241231xex8d1.htm",Heuristic,true,26,1,true,
000164117225001136,EX-8,"https://www.sec.gov/Archives/edgar/data/1698514/000164117225001136/ex8-1.htm",Heuristic,true,36,0,false,
000147793225000434,EX-8,"https://www.sec.gov/Archives/edgar/data/1701261/000147793225000434/fami/ex81.htm",Heuristic,true,20,0,false,
000121390025076862,EX-8,"https://www.sec.gov/Archives/edgar/data/1702318/000121390025076862/ea025058201ex8-1/akso.htm",Heuristic,true,12,0,false,
000162828025020808,EX-8,"https://www.sec.gov/Archives/edgar/data/1703141/000162828025020808/desp-20241231xexx81.htm",Heuristic,true,27,1,true,
000119312525084311,EX-8,"https://www.sec.gov/Archives/edgar/data/1703399/000119312525084311/d940352dex81.htm",Heuristic,true,42,0,false,
000121390025042324,EX-8,"https://www.sec.gov/Archives/edgar/data/1705402/000121390025042324/ea024125101ex8-1/agmgroup.htm",Heuristic,true,12,0,false,
000162828025014832,EX-8,"https://www.sec.gov/Archives/edgar/data/1708441/000162828025014832/exhibit81-significantsubsi.htm",Heuristic,true,11,1,true,
000121390025025292,EX-8,"https://www.sec.gov/Archives/edgar/data/1708688/000121390025025292/ea023450401ex8-1/inflarxnv.htm",Heuristic,true,2,0,false,
000170904825000024,EX-8,"https://www.sec.gov/Archives/edgar/data/1709048/000170904825000024/ex8asofdec312024.htm",Heuristic,true,18,0,false,
000095017025090163,EX-8,"https://www.sec.gov/Archives/edgar/data/1709819/000095017025090163/fedu-ex8/1.htm",Heuristic,true,15,0,false,
000141057825001444,EX-8,"https://www.sec.gov/Archives/edgar/data/1712178/000141057825001444/naas-20241231xex8d1.htm",Heuristic,true,13,0,false,
000141057825000574,EX-8,"https://www.sec.gov/Archives/edgar/data/1713539/000141057825000574/kxin-20241231xex8d1.htm",Heuristic,true,7,0,false,
000129281425001097,EX-8,"https://www.sec.gov/Archives/edgar/data/1713930/000129281425001097/ex8.htm",Heuristic,true,27,1,true,
000095017025099392,EX-8,"https://www.sec.gov/Archives/edgar/data/1715925/000095017025099392/ipa-ex8/1.htm",Heuristic,true,11,0,false,
000129281425001645,EX-8,"https://www.sec.gov/Archives/edgar/data/1717161/000129281425001645/ex08-1.htm",Heuristic,true,16,0,false,
000114036125018945,EX-8,"https://www.sec.gov/Archives/edgar/data/1720161/000114036125018945/ef20038931/ex8-1.htm",Heuristic,true,40,0,false,
000121390025036190,EX-8,"https://www.sec.gov/Archives/edgar/data/1720250/000121390025036190/ea023879501ex8-1/kandi.htm",Heuristic,true,15,0,false,
000141057825000903,EX-8,"https://www.sec.gov/Archives/edgar/data/1720446/000141057825000903/zepp-20241231xex8d1.htm",Heuristic,true,19,2,true,
000095017025045691,EX-8,"https://www.sec.gov/Archives/edgar/data/1722608/000095017025045691/iq-ex8/1.htm",Heuristic,true,11,0,false,
000119312525061847,EX-8,"https://www.sec.gov/Archives/edgar/data/1723690/000119312525061847/d930276dex81.htm",Heuristic,true,14,0,false,
000095017025058319,EX-8,"https://www.sec.gov/Archives/edgar/data/1723935/000095017025058319/stg-ex8/1.htm",Heuristic,true,3,0,false,
000121390025037718,EX-8,"https://www.sec.gov/Archives/edgar/data/1724755/000121390025037718/ea023971701ex8-1/greentree.htm",Heuristic,true,7,0,false,
000141057825000492,EX-8,"https://www.sec.gov/Archives/edgar/data/1725123/000141057825000492/cang-20241231xex8d1.htm",Heuristic,true,29,0,false,
000121390025025287,EX-8,"https://www.sec.gov/Archives/edgar/data/1725332/000121390025025287/ea023410101ex8-1/alarum.htm",Heuristic,true,5,0,false,
000141057825000781,EX-8,"https://www.sec.gov/Archives/edgar/data/1728190/000141057825000781/huya-20241231xex8d1.htm",Heuristic,true,11,0,false,
000164117225006780,EX-8,"https://www.sec.gov/Archives/edgar/data/1729173/000164117225006780/ex8-1.htm",Heuristic,true,19,0,false,
000117184325003244,EX-8,"https://www.sec.gov/Archives/edgar/data/1731388/000117184325003244/ex/814306.htm",Heuristic,true,18,0,false,
000164117225006814,EX-8,"https://www.sec.gov/Archives/edgar/data/1733298/000164117225006814/ex8-1.htm",Heuristic,true,11,0,false,
000121390025037031,EX-8,"https://www.sec.gov/Archives/edgar/data/1733868/000121390025037031/ea023708001ex8-1/cnfinance.htm",Heuristic,true,9,0,false,
000119312525053425,EX-8,"https://www.sec.gov/Archives/edgar/data/1734107/000119312525053425/d901296dex81.htm",Heuristic,true,27,0,false,
000141057825001019,EX-8,"https://www.sec.gov/Archives/edgar/data/1734262/000141057825001019/ctkyy-20241231xex8d1.htm",Heuristic,true,9,0,false,
000110465925105009,EX-8,"https://www.sec.gov/Archives/edgar/data/1735556/000110465925105009/btog-20250630xex8d1.htm",Heuristic,true,4,0,false,
000141057825000661,EX-8,"https://www.sec.gov/Archives/edgar/data/1736541/000141057825000661/nio-20241231xex8d1.htm",Heuristic,true,27,1,true,
000141057825000628,EX-8,"https://www.sec.gov/Archives/edgar/data/1737339/000141057825000628/jg-20241231xex8d1.htm",Heuristic,true,17,0,false,
000095017025052668,EX-8,"https://www.sec.gov/Archives/edgar/data/1737450/000095017025052668/opra-ex8/1.htm",Heuristic,true,23,0,false,
000141057825000951,EX-8,"https://www.sec.gov/Archives/edgar/data/1737806/000141057825000951/pdd-20241231xex8d1.htm",Heuristic,true,17,2,true,
000119380525000523,EX-8,"https://www.sec.gov/Archives/edgar/data/1738699/000119380525000523/e664375/ex8-1.htm",Heuristic,true,22,0,false,
000121390025021907,EX-8,"https://www.sec.gov/Archives/edgar/data/1738758/000121390025021907/ea023323301ex8-1/cheerhold.htm",Heuristic,true,10,1,true,
000141057825000964,EX-8,"https://www.sec.gov/Archives/edgar/data/1738906/000141057825000964/yi-20241231xex8d1.htm",Heuristic,true,11,0,false,
000114036125040022,EX-8,"https://www.sec.gov/Archives/edgar/data/1739016/000114036125040022/ef20057501/ex8-1.htm",Heuristic,true,25,0,false,
000141057825000441,EX-8,"https://www.sec.gov/Archives/edgar/data/1741530/000141057825000441/qfin-20241231xex8d1.htm",Heuristic,true,9,0,false,
000141057825000719,EX-8,"https://www.sec.gov/Archives/edgar/data/1741534/000141057825000719/mdjh-20241231xex8d1.htm",Heuristic,true,7,0,false,
000121390025035602,EX-8,"https://www.sec.gov/Archives/edgar/data/1742341/000121390025035602/ea023715501ex8-1/hitek.htm",Heuristic,true,5,0,false,
000110465925094717,EX-8,"https://www.sec.gov/Archives/edgar/data/1742770/000110465925094717/viot-20241231xex8d1.htm",Heuristic,true,11,0,false,
000095017025058942,EX-8,"https://www.sec.gov/Archives/edgar/data/1743102/000095017025058942/jfin-ex8/1.htm",Heuristic,true,15,1,true,
000095017025100536,EX-8,"https://www.sec.gov/Archives/edgar/data/1743971/000095017025100536/mogu-ex8/1.htm",Heuristic,true,9,1,true,
000095017025056949,EX-8,"https://www.sec.gov/Archives/edgar/data/1744676/000095017025056949/tme-ex8/1.htm",Heuristic,true,10,0,false,
000141057825000798,EX-8,"https://www.sec.gov/Archives/edgar/data/1744781/000141057825000798/niu-20241231xex8d1.htm",Heuristic,true,5,1,true,
000095017025036852,EX-8,"https://www.sec.gov/Archives/edgar/data/1745201/000095017025036852/vik-ex8/1.htm",Heuristic,true,64,0,false,
000121390025109175,EX-8,"https://www.sec.gov/Archives/edgar/data/1747661/000121390025109175/ea026415201ex8-1/zeta.htm",Heuristic,true,5,0,false,
000121390025103497,EX-8,"https://www.sec.gov/Archives/edgar/data/1750264/000121390025103497/ea026184701ex8-1/maase.htm",Heuristic,true,35,0,false,
000192998025000590,EX-8,"https://www.sec.gov/Archives/edgar/data/1751876/000192998025000590/pavs/ex81.htm",Heuristic,true,7,0,false,
000121390025033951,EX-8,"https://www.sec.gov/Archives/edgar/data/1753673/000121390025033951/ea023766401ex8-1/scienjoy.htm",Heuristic,true,20,0,false,
000121390025035626,EX-8,"https://www.sec.gov/Archives/edgar/data/1754323/000121390025035626/ea023895701ex8-1/x3holdings.htm",Heuristic,true,19,0,false,
000141057825000706,EX-8,"https://www.sec.gov/Archives/edgar/data/1754581/000141057825000706/futu-20241231xex8d1.htm",Heuristic,true,17,0,false,
000121390025119658,EX-8,"https://www.sec.gov/Archives/edgar/data/1755058/000121390025119658/ea026847401ex8-1/atifhold.htm",Heuristic,true,5,0,false,
000175670825000018,EX-8,"https://www.sec.gov/Archives/edgar/data/1756708/000175670825000018/jmia/ex8x1x2024.htm",Heuristic,true,9,0,false,
000141057825000920,EX-8,"https://www.sec.gov/Archives/edgar/data/1757143/000141057825000920/paiyy-20241231xex8d1.htm",Heuristic,true,21,0,false,
000141057825000800,EX-8,"https://www.sec.gov/Archives/edgar/data/1758530/000141057825000800/sy-20241231xex8d1.htm",Heuristic,true,27,0,false,
000173112225000634,EX-8,"https://www.sec.gov/Archives/edgar/data/1759136/000173112225000634/e6538/ex8-1.htm",Heuristic,true,16,0,false,
000164117225005915,EX-8,"https://www.sec.gov/Archives/edgar/data/1759614/000164117225005915/ex8-1.htm",Heuristic,true,14,0,false,
000119312525080649,EX-8,"https://www.sec.gov/Archives/edgar/data/1759783/000119312525080649/d848580dex81.htm",Heuristic,true,6,0,false,
000117891325000559,EX-8,"https://www.sec.gov/Archives/edgar/data/1762301/000117891325000559/exhibit/8-1.htm",Heuristic,true,13,0,false,
000141057825000965,EX-8,"https://www.sec.gov/Archives/edgar/data/1762417/000141057825000965/doyu-20241231xex8d1.htm",Heuristic,true,9,0,false,
000119312525076856,EX-8,"https://www.sec.gov/Archives/edgar/data/1762506/000119312525076856/d899226dex81.htm",Heuristic,true,6,0,false,
000141057825000806,EX-8,"https://www.sec.gov/Archives/edgar/data/1764757/000141057825000806/didi-20241231xex8d1.htm",Heuristic,true,30,0,false,
000121390025013536,EX-8,"https://www.sec.gov/Archives/edgar/data/1765850/000121390025013536/ea022800501ex8-1/prestige.htm",Heuristic,true,12,0,false,
000141057825000546,EX-8,"https://www.sec.gov/Archives/edgar/data/1767582/000141057825000546/lk-20241231xex8d1.htm",Heuristic,true,17,0,false,
000095017025056468,EX-8,"https://www.sec.gov/Archives/edgar/data/1768259/000095017025056468/gotu-ex8/1.htm",Heuristic,true,15,0,false,
000121390025005499,EX-8,"https://www.sec.gov/Archives/edgar/data/1769256/000121390025005499/ea022689201ex8-1/xchan.htm",Heuristic,true,4,0,false,
000121390025037772,EX-8,"https://www.sec.gov/Archives/edgar/data/1769731/000121390025037772/ea023939701ex8-1/amtd.htm",Heuristic,true,25,0,false,
000121390025104179,EX-8,"https://www.sec.gov/Archives/edgar/data/1769768/000121390025104179/ea026248701ex8-1/ehomehouse.htm",Heuristic,true,10,1,true,
000121390025033934,EX-8,"https://www.sec.gov/Archives/edgar/data/1770088/000121390025033934/ea023733201ex8-1/wimiho.htm",Heuristic,true,11,1,true,
000129281425001707,EX-8,"https://www.sec.gov/Archives/edgar/data/1771007/000129281425001707/ex08-1.htm",Heuristic,true,28,1,true,
000165495425003516,EX-8,"https://www.sec.gov/Archives/edgar/data/1771885/000165495425003516/qntm/ex81.htm",Heuristic,true,8,1,true,
000177225325000011,EX-8,"https://www.sec.gov/Archives/edgar/data/1772253/000177225325000011/exhibit81-listofsubsidiari.htm",Heuristic,true,20,0,false,
000101376225002946,EX-8,"https://www.sec.gov/Archives/edgar/data/1775898/000101376225002946/ea023507301ex8-1/ucloud.htm",Heuristic,true,13,0,false,
000121390025043484,EX-8,"https://www.sec.gov/Archives/edgar/data/1776067/000121390025043484/ea023984701ex8-1/oriental.htm",Heuristic,true,4,0,false,
000177698525000013,EX-8,"https://www.sec.gov/Archives/edgar/data/1776985/000177698525000013/exhibit8subsidiariesfy2024.htm",Heuristic,true,35,0,false,
000119312525091356,EX-8,"https://www.sec.gov/Archives/edgar/data/1778982/000119312525091356/d162094dex81.htm",Heuristic,true,14,0,false,
000141057825000056,EX-8,"https://www.sec.gov/Archives/edgar/data/1779578/000141057825000056/bgm-20240930xex8d1.htm",Heuristic,true,3,0,false,
000141057825000855,EX-8,"https://www.sec.gov/Archives/edgar/data/1780531/000141057825000855/ocft-20241231xex8d1.htm",Heuristic,true,35,1,true,
000121390025044226,EX-8,"https://www.sec.gov/Archives/edgar/data/1780731/000121390025044226/ea024004601ex8-1/sunrise.htm",Heuristic,true,12,2,true,
000147793225001105,EX-8,"https://www.sec.gov/Archives/edgar/data/1780785/000147793225001105/cney/ex81.htm",Heuristic,true,17,0,false,
000141057825001049,EX-8,"https://www.sec.gov/Archives/edgar/data/1781193/000141057825001049/qh-20241231xex8d1.htm",Heuristic,true,8,0,false,
000121390025008906,EX-8,"https://www.sec.gov/Archives/edgar/data/1781397/000121390025008906/ea022810801ex8-1/epicquest.htm",Heuristic,true,11,0,false,
000121390025044189,EX-8,"https://www.sec.gov/Archives/edgar/data/1782037/000121390025044189/ea023979901ex8-1/mingzhu.htm",Heuristic,true,20,0,false,
000164117225022783,EX-8,"https://www.sec.gov/Archives/edgar/data/1782309/000164117225022783/ex8-1.htm",Heuristic,true,7,0,false,
000141057825000068,EX-8,"https://www.sec.gov/Archives/edgar/data/1782941/000141057825000068/tirx-20241031xex8d1.htm",Heuristic,true,10,0,false,
000121390025044868,EX-8,"https://www.sec.gov/Archives/edgar/data/1783036/000121390025044868/ea024151301ex8-1/nlspharma.htm",Heuristic,true,2,0,false,
000141057825000976,EX-8,"https://www.sec.gov/Archives/edgar/data/1783407/000141057825000976/sogp-20241231xex8d1.htm",Heuristic,true,27,0,false,
000121390025035599,EX-8,"https://www.sec.gov/Archives/edgar/data/1785566/000121390025035599/ea023850201ex8-1/zhongcho.htm",Heuristic,true,5,0,false,
000141057825001209,EX-8,"https://www.sec.gov/Archives/edgar/data/1785680/000141057825001209/stec-20240630xex8d1.htm",Heuristic,true,3,0,false,
000143774925031287,EX-8,"https://www.sec.gov/Archives/edgar/data/1785680/000143774925031287/ex/866938.htm",Heuristic,true,6,0,false,
000162828025019508,EX-8,"https://www.sec.gov/Archives/edgar/data/1787425/000162828025019508/exhibit81.htm",Heuristic,true,47,1,true,
000121390025074295,EX-8,"https://www.sec.gov/Archives/edgar/data/1789299/000121390025074295/ea024886801ex8-1/utime.htm",Heuristic,true,9,0,false,
000141057825000678,EX-8,"https://www.sec.gov/Archives/edgar/data/1791706/000141057825000678/li-20241231xex8d1.htm",Heuristic,true,11,1,true,
000117891325001126,EX-8,"https://www.sec.gov/Archives/edgar/data/1792030/000117891325001126/exhibit/8-1.htm",Heuristic,true,15,0,false,
000119312525101753,EX-8,"https://www.sec.gov/Archives/edgar/data/1792267/000119312525101753/d937933dex81.htm",Heuristic,true,9,0,false,
000155485525000369,EX-8,"https://www.sec.gov/Archives/edgar/data/1792829/000155485525000369/ex81/2.htm",Heuristic,true,6,1,true,
000095017025026601,EX-8,"https://www.sec.gov/Archives/edgar/data/1793663/000095017025026601/ck0001793663-ex8/01.htm",Heuristic,true,18,0,false,
000141057825000705,EX-8,"https://www.sec.gov/Archives/edgar/data/1793862/000141057825000705/dada-20241231xex8d1.htm",Heuristic,true,13,0,false,
000179433825000022,EX-8,"https://www.sec.gov/Archives/edgar/data/1794338/000179433825000022/igic-20241231xexx81.htm",Heuristic,true,11,0,false,
000095017025056954,EX-8,"https://www.sec.gov/Archives/edgar/data/1794350/000095017025056954/yala-ex8/1.htm",Heuristic,true,15,0,false,
000121390025030318,EX-8,"https://www.sec.gov/Archives/edgar/data/1795251/000121390025030318/ea023344401ex8-1/nano.htm",Heuristic,true,9,0,false,
000141057825000732,EX-8,"https://www.sec.gov/Archives/edgar/data/1795589/000141057825000732/kc-20241231xex8d1.htm",Heuristic,true,14,0,false,
000179689825000031,EX-8,"https://www.sec.gov/Archives/edgar/data/1796898/000179689825000031/exhibit81listofsubsidiarie.htm",Heuristic,true,9,0,false,
000121390025036063,EX-8,"https://www.sec.gov/Archives/edgar/data/1799290/000121390025036063/ea023799401ex8-1/ebang.htm",Heuristic,true,38,0,false,
000162828025018568,EX-8,"https://www.sec.gov/Archives/edgar/data/1799567/000162828025018568/ddi-2024x12x31x20fxexx81.htm",Heuristic,true,11,0,false,
000182912625002971,EX-8,"https://www.sec.gov/Archives/edgar/data/1800392/000182912625002971/microalgoinc/ex8-1.htm",Heuristic,true,19,0,false,
000095017025053943,EX-8,"https://www.sec.gov/Archives/edgar/data/1802883/000095017025053943/api-ex8/1.htm",Heuristic,true,12,0,false,
000121390025007016,EX-8,"https://www.sec.gov/Archives/edgar/data/1803407/000121390025007016/ea022821801ex8-1/ostin.htm",Heuristic,true,13,0,false,
000121390025036049,EX-8,"https://www.sec.gov/Archives/edgar/data/1804469/000121390025036049/ea023671501ex8-1/guardforce.htm",Heuristic,true,23,1,true,
000164117225000214,EX-8,"https://www.sec.gov/Archives/edgar/data/1804583/000164117225000214/ex8-1.htm",Heuristic,true,15,0,false,
000121390025041556,EX-8,"https://www.sec.gov/Archives/edgar/data/1805594/000121390025041556/ea023917301ex8-1/jowell.htm",Heuristic,true,4,0,false,
000121390025037603,EX-8,"https://www.sec.gov/Archives/edgar/data/1806524/000121390025037603/ea023953501ex8-1/lion.htm",Heuristic,true,17,1,true,
000121390025004698,EX-8,"https://www.sec.gov/Archives/edgar/data/1806904/000121390025004698/ea022779301ex8-1/ezgotech.htm",Heuristic,true,11,1,true,
000121390025111512,EX-8,"https://www.sec.gov/Archives/edgar/data/1807389/000121390025111512/ea026391801ex8-1/popcult.htm",Heuristic,true,21,1,true,
000141057825000692,EX-8,"https://www.sec.gov/Archives/edgar/data/1809122/000141057825000692/cvac-20241231xex8d1.htm",Heuristic,true,7,0,false,
000141057825000783,EX-8,"https://www.sec.gov/Archives/edgar/data/1809587/000141057825000783/beke-20241231xex8d1.htm",Heuristic,true,38,0,false,
000121390025018782,EX-8,"https://www.sec.gov/Archives/edgar/data/1809691/000121390025018782/ea023171901ex8-1/amtd.htm",Heuristic,true,21,1,true,
000121390025042842,EX-8,"https://www.sec.gov/Archives/edgar/data/1810467/000121390025042842/ea024133101ex8-1/sentage.htm",Heuristic,true,7,0,false,
000119312525082001,EX-8,"https://www.sec.gov/Archives/edgar/data/1810997/000119312525082001/d898600dex81.htm",Heuristic,true,17,0,false,
000121390025037081,EX-8,"https://www.sec.gov/Archives/edgar/data/1814067/000121390025037081/ea023882701ex8-1/lixiang.htm",Heuristic,true,5,0,false,
000164117225006445,EX-8,"https://www.sec.gov/Archives/edgar/data/1814963/000164117225006445/ex8-1.htm",Heuristic,true,6,0,false,
000114036125016487,EX-8,"https://www.sec.gov/Archives/edgar/data/1815779/000114036125016487/ef20041397/ex8-1.htm",Heuristic,true,44,0,false,
000141057825000858,EX-8,"https://www.sec.gov/Archives/edgar/data/1815846/000141057825000858/mnso-20241231xex8d1.htm",Heuristic,true,19,0,false,
000121390025019083,EX-8,"https://www.sec.gov/Archives/edgar/data/1816172/000121390025019083/ea023189301ex8-1/jiuzihold.htm",Heuristic,true,3,0,false,
000121390025076810,EX-8,"https://www.sec.gov/Archives/edgar/data/1816319/000121390025076810/ea024608101ex8-1/lytus.htm",Heuristic,true,2,0,false,
000095017025056464,EX-8,"https://www.sec.gov/Archives/edgar/data/1819580/000095017025056464/ysg-ex8/1.htm",Heuristic,true,18,0,false,
000155837025005850,EX-8,"https://www.sec.gov/Archives/edgar/data/1819704/000155837025005850/mrm-20241231xex8d1.htm",Heuristic,true,6,0,false,
000121390025041617,EX-8,"https://www.sec.gov/Archives/edgar/data/1819794/000121390025041617/ea024074301ex8-1/fusion.htm",Heuristic,true,8,0,false,
000121390025036276,EX-8,"https://www.sec.gov/Archives/edgar/data/1821424/000121390025036276/ea023877201ex8-1/ucommune.htm",Heuristic,true,7,0,false,
000095017025058824,EX-8,"https://www.sec.gov/Archives/edgar/data/1821468/000095017025058824/yq-ex8/1.htm",Heuristic,true,13,0,false,
000141057825000891,EX-8,"https://www.sec.gov/Archives/edgar/data/1823986/000141057825000891/wdh-20241231xex8d1.htm",Heuristic,true,16,0,false,
000182481425000018,EX-8,"https://www.sec.gov/Archives/edgar/data/1824814/000182481425000018/exhibit81fye251.htm",Heuristic,true,19,1,true,
000121390025028989,EX-8,"https://www.sec.gov/Archives/edgar/data/1825349/000121390025028989/ea023699601ex8-1/chansonin.htm",Heuristic,true,8,0,false,
000162828025025640,EX-8,"https://www.sec.gov/Archives/edgar/data/1825570/000162828025025640/a81-listofsubsidiaries.htm",Heuristic,true,27,0,false,
000119312525103765,EX-8,"https://www.sec.gov/Archives/edgar/data/1826286/000119312525103765/d921943dex81.htm",Heuristic,true,48,0,false,
000121390025013985,EX-8,"https://www.sec.gov/Archives/edgar/data/1826376/000121390025013985/ea022971101ex8-1/goldensun.htm",Heuristic,true,16,2,true,
000182831625000017,EX-8,"https://www.sec.gov/Archives/edgar/data/1828316/000182831625000017/pharmingexhibit81.htm",Heuristic,true,9,0,false,
000141057825000790,EX-8,"https://www.sec.gov/Archives/edgar/data/1828365/000141057825000790/rlx-20241231xex8d1.htm",Heuristic,true,8,0,false,
000141057825000850,EX-8,"https://www.sec.gov/Archives/edgar/data/1829118/000141057825000850/tuya-20241231xex8d1.htm",Heuristic,true,14,0,false,
000121390025104686,EX-8,"https://www.sec.gov/Archives/edgar/data/1829667/000121390025104686/ea026082001ex8-1/regencell.htm",Heuristic,true,3,0,false,
000095017025051347,EX-8,"https://www.sec.gov/Archives/edgar/data/1830487/000095017025051347/phvs-ex8/1.htm",Heuristic,true,4,0,false,
000110465925104454,EX-8,"https://www.sec.gov/Archives/edgar/data/1831907/000110465925104454/luxe-20250630xex8d1.htm",Heuristic,true,30,0,false,
000095017025032340,EX-8,"https://www.sec.gov/Archives/edgar/data/1833835/000095017025032340/psfe-ex8/1.htm",Heuristic,true,4,0,false,
000095017025042306,EX-8,"https://www.sec.gov/Archives/edgar/data/1834026/000095017025042306/groy-ex8/1.htm",Heuristic,true,6,0,false,
000141057825000928,EX-8,"https://www.sec.gov/Archives/edgar/data/1834253/000141057825000928/em-20241231xex8d1.htm",Heuristic,true,11,0,false,
000095017025039412,EX-8,"https://www.sec.gov/Archives/edgar/data/1834489/000095017025039412/geni-ex8/1.htm",Heuristic,true,42,0,false,
000121390025035216,EX-8,"https://www.sec.gov/Archives/edgar/data/1835615/000121390025035216/ea023850001ex8-1/meihua.htm",Heuristic,true,5,0,false,
000117891325000817,EX-8,"https://www.sec.gov/Archives/edgar/data/1835654/000117891325000817/exhibit/8-1.htm",Heuristic,true,4,0,false,
000141057825000729,EX-8,"https://www.sec.gov/Archives/edgar/data/1835724/000141057825000729/zh-20241231xex8d1.htm",Heuristic,true,3,0,false,
000117891325001086,EX-8,"https://www.sec.gov/Archives/edgar/data/1835963/000117891325001086/exhibit/8-1.htm",Heuristic,true,9,0,false,
000121390025062769,EX-8,"https://www.sec.gov/Archives/edgar/data/1836242/000121390025062769/ea024699401ex8-1/tokyo.htm",Heuristic,true,11,1,true,
000155485525000506,EX-8,"https://www.sec.gov/Archives/edgar/data/1836934/000155485525000506/ex801/5.htm",Heuristic,true,13,0,false,
000119312525079553,EX-8,"https://www.sec.gov/Archives/edgar/data/1838413/000119312525079553/d873796dex81.htm",Heuristic,true,45,1,true,
000164117225001207,EX-8,"https://www.sec.gov/Archives/edgar/data/1838716/000164117225001207/ex8-1.htm",Heuristic,true,1,0,false,
000095017025053014,EX-8,"https://www.sec.gov/Archives/edgar/data/1838957/000095017025053014/rere-ex8/1.htm",Heuristic,true,6,0,false,
000183979925000022,EX-8,"https://www.sec.gov/Archives/edgar/data/1839799/000183979925000022/exhibit81-listofsubsidiari.htm",Heuristic,true,9,0,false,
000184019925000025,EX-8,"https://www.sec.gov/Archives/edgar/data/1840199/000184019925000025/wald-20241231xexhibit81.htm",Heuristic,true,20,0,false,
000184273125000013,EX-8,"https://www.sec.gov/Archives/edgar/data/1842731/000184273125000013/exhibit81-listofsubsidiari.htm",Heuristic,true,13,0,false,
000095017025038739,EX-8,"https://www.sec.gov/Archives/edgar/data/1843586/000095017025038739/otly-ex8/1.htm",Heuristic,true,12,0,false,
000155837025002142,EX-8,"https://www.sec.gov/Archives/edgar/data/1845097/000155837025002142/ambp-20241231xex8d1.htm",Heuristic,true,18,0,false,
000117891325000852,EX-8,"https://www.sec.gov/Archives/edgar/data/1845338/000117891325000852/exhibit/8-1.htm",Heuristic,true,9,0,false,
000101376225002971,EX-8,"https://www.sec.gov/Archives/edgar/data/1845840/000101376225002971/ea022978001ex8-1/telesat.htm",Heuristic,true,12,0,false,
000121390025075728,EX-8,"https://www.sec.gov/Archives/edgar/data/1848275/000121390025075728/ea025076501ex8-1/topfin.htm",Heuristic,true,21,0,false,
000110465925029853,EX-8,"https://www.sec.gov/Archives/edgar/data/1848739/000110465925029853/gdev-20241231xex8d1.htm",Heuristic,true,15,0,false,
000095017025099896,EX-8,"https://www.sec.gov/Archives/edgar/data/1848763/000095017025099896/rnw-ex8/1.htm",Heuristic,true,8,0,false,
000117891325000697,EX-8,"https://www.sec.gov/Archives/edgar/data/1849396/000117891325000697/exhibit/8-1.htm",Heuristic,true,17,0,false,
000095017025034633,EX-8,"https://www.sec.gov/Archives/edgar/data/1849853/000095017025034633/stvn-ex8/1.htm",Heuristic,true,15,0,false,
000185111225000006,EX-8,"https://www.sec.gov/Archives/edgar/data/1851112/000185111225000006/exhibit81-20xf2024xlistofs.htm",Heuristic,true,3,0,false,
000121390025037744,EX-8,"https://www.sec.gov/Archives/edgar/data/1852440/000121390025037744/ea023893201ex8-1/jianzhi.htm",Heuristic,true,7,0,false,
000121390025036882,EX-8,"https://www.sec.gov/Archives/edgar/data/1852767/000121390025036882/ea023810701ex8-1/marti.htm",Heuristic,true,2,0,false,
000141057825000890,EX-8,"https://www.sec.gov/Archives/edgar/data/1853717/000141057825000890/atat-20241231xex8d1.htm",Heuristic,true,5,0,false,
000121390025102243,EX-8,"https://www.sec.gov/Archives/edgar/data/1854572/000121390025102243/ea026221501ex8-1/iczoom.htm",Heuristic,true,9,0,false,
000185561225000013,EX-8,"https://www.sec.gov/Archives/edgar/data/1855612/000185561225000013/grab-20241231xex81xlistofs.htm",Heuristic,true,20,1,true,
000164117225007971,EX-8,"https://www.sec.gov/Archives/edgar/data/1857030/000164117225007971/ex8-1.htm",Heuristic,true,14,0,false,
000141057825000398,EX-8,"https://www.sec.gov/Archives/edgar/data/1857190/000141057825000398/nyxh-20241231xex8d1.htm",Heuristic,true,4,0,false,
000164117225006073,EX-8,"https://www.sec.gov/Archives/edgar/data/1858724/000164117225006073/ex8-1.htm",Heuristic,true,5,0,false,
000185898525000003,EX-8,"https://www.sec.gov/Archives/edgar/data/1858985/000185898525000003/exhibit81/exhibit81subsidi.htm",Heuristic,true,30,0,false,
000110465925119500,EX-8,"https://www.sec.gov/Archives/edgar/data/1859690/000110465925119500/arqq-20250930xex8d1.htm",Heuristic,true,3,0,false,
000095017025029488,EX-8,"https://www.sec.gov/Archives/edgar/data/1859795/000095017025029488/nvx-ex8.htm",Heuristic,true,11,0,false,
000101376225004037,EX-8,"https://www.sec.gov/Archives/edgar/data/1861841/000101376225004037/ea023582801ex8-1/arbe.htm",Heuristic,true,2,0,false,
000186197425000004,EX-8,"https://www.sec.gov/Archives/edgar/data/1861974/000186197425000004/ecx-20241231xexx81.htm",Heuristic,true,25,0,false,
000141057825000779,EX-8,"https://www.sec.gov/Archives/edgar/data/1862044/000141057825000779/zkh-20241231xex8d1.htm",Heuristic,true,6,0,false,
000121390025017221,EX-8,"https://www.sec.gov/Archives/edgar/data/1863006/000121390025017221/ea023115701ex8-1/valens.htm",Heuristic,true,5,1,true,
000101376225003699,EX-8,"https://www.sec.gov/Archives/edgar/data/1863218/000101376225003699/ea023554001ex8-1/sheng.htm",Heuristic,true,7,0,false,
000164117225007826,EX-8,"https://www.sec.gov/Archives/edgar/data/1864055/000164117225007826/ex8-1.htm",Heuristic,true,4,0,false,
000162828025020965,EX-8,"https://www.sec.gov/Archives/edgar/data/1864163/000162828025020965/exhibit81-listofsubsidiari.htm",Heuristic,true,26,0,false,
000164117225001723,EX-8,"https://www.sec.gov/Archives/edgar/data/1866030/000164117225001723/ex8-1.htm",Heuristic,true,8,0,false,
000095017025064203,EX-8,"https://www.sec.gov/Archives/edgar/data/1866501/000095017025064203/wbx-ex8/1.htm",Heuristic,true,23,0,false,
000182912625003270,EX-8,"https://www.sec.gov/Archives/edgar/data/1866782/000182912625003270/codereonline/ex8-1.htm",Heuristic,true,12,0,false,
000182912625004113,EX-8,"https://www.sec.gov/Archives/edgar/data/1866782/000182912625004113/codereonline/ex8-1.htm",Heuristic,true,13,0,false,
000110465925022354,EX-8,"https://www.sec.gov/Archives/edgar/data/1867102/000110465925022354/evtl-20241231xex8d1.htm",Heuristic,true,3,0,false,
000119312525062519,EX-8,"https://www.sec.gov/Archives/edgar/data/1867729/000119312525062519/d921190dex81.htm",Heuristic,true,14,0,false,
000155485525000232,EX-8,"https://www.sec.gov/Archives/edgar/data/1868995/000155485525000232/ex81/2.htm",Heuristic,true,22,1,true,
000114036125014004,EX-8,"https://www.sec.gov/Archives/edgar/data/1869467/000114036125014004/ef20039043/ex8-1.htm",Heuristic,true,5,0,false,
000121390025037734,EX-8,"https://www.sec.gov/Archives/edgar/data/1871983/000121390025037734/ea023868801ex8-1/anghami.htm",Heuristic,true,8,0,false,
000119312525092148,EX-8,"https://www.sec.gov/Archives/edgar/data/1872090/000119312525092148/d914461dex81.htm",Heuristic,true,3,0,false,
000121390025031065,EX-8,"https://www.sec.gov/Archives/edgar/data/1872302/000121390025031065/ea023532301ex8-1/nanolabs.htm",Heuristic,true,29,0,false,
000110465925030732,EX-8,"https://www.sec.gov/Archives/edgar/data/1875609/000110465925030732/swvl-20241231xex8d1.htm",Heuristic,true,20,0,false,
000121390025111691,EX-8,"https://www.sec.gov/Archives/edgar/data/1875994/000121390025111691/ea026574401ex8-1/xinxu.htm",Heuristic,true,4,0,false,
000155837025003172,EX-8,"https://www.sec.gov/Archives/edgar/data/1876183/000155837025003172/tmb-20241231xex8d1.htm",Heuristic,true,38,0,false,
000162828025021127,EX-8,"https://www.sec.gov/Archives/edgar/data/1876431/000162828025021127/ex81listofsubsidiaries.htm",Heuristic,true,18,0,false,
000119312525104005,EX-8,"https://www.sec.gov/Archives/edgar/data/1876581/000119312525104005/d842389dex8.htm",Heuristic,true,21,1,true,
000121390025036244,EX-8,"https://www.sec.gov/Archives/edgar/data/1876766/000121390025036244/ea023910501ex8-1/lichen.htm",Heuristic,true,6,1,true,
000121390025044150,EX-8,"https://www.sec.gov/Archives/edgar/data/1877333/000121390025044150/ea024119701ex8-1/thinter.htm",Heuristic,true,10,0,false,
000187778725000019,EX-8,"https://www.sec.gov/Archives/edgar/data/1877787/000187778725000019/exhibit812024.htm",Heuristic,true,42,0,false,
000121390025041631,EX-8,"https://www.sec.gov/Archives/edgar/data/1879248/000121390025041631/ea023964901ex8-1/adstec.htm",Heuristic,true,5,0,false,
000164117225004566,EX-8,"https://www.sec.gov/Archives/edgar/data/1881472/000164117225004566/ex8-1.htm",Heuristic,true,5,0,false,
000121390025025843,EX-8,"https://www.sec.gov/Archives/edgar/data/1885408/000121390025025843/ea023464801ex8-1/jeffs.htm",Heuristic,true,7,1,true,
000095017025093260,EX-8,"https://www.sec.gov/Archives/edgar/data/1885827/000095017025093260/vrax-ex8/1.htm",Heuristic,true,10,0,false,
000121390025037490,EX-8,"https://www.sec.gov/Archives/edgar/data/1888014/000121390025037490/ea023938301ex8-1/akanda.htm",Heuristic,true,2,0,false,
000121390025102251,EX-8,"https://www.sec.gov/Archives/edgar/data/1888525/000121390025102251/ea025905601ex8-1/ubxtech.htm",Heuristic,true,12,0,false,
000110465925104370,EX-8,"https://www.sec.gov/Archives/edgar/data/1888980/000110465925104370/lre-20250630xex8d1.htm",Heuristic,true,4,0,false,
000141057825000356,EX-8,"https://www.sec.gov/Archives/edgar/data/1889109/000141057825000356/blte-20241231xex8d1.htm",Heuristic,true,6,0,false,
000121390025067127,EX-8,"https://www.sec.gov/Archives/edgar/data/1891944/000121390025067127/ea024868401ex8-1/primech.htm",Heuristic,true,11,0,false,
000121390025104687,EX-8,"https://www.sec.gov/Archives/edgar/data/1897087/000121390025104687/ea026272901ex8-1/superxai.htm",Heuristic,true,12,0,false,
000189860125000013,EX-8,"https://www.sec.gov/Archives/edgar/data/1898601/000189860125000013/ex81-subsidiaries.htm",Heuristic,true,4,0,false,
000164117225010670,EX-8,"https://www.sec.gov/Archives/edgar/data/1899658/000164117225010670/ex8-1.htm",Heuristic,true,3,0,false,
000189983025000015,EX-8,"https://www.sec.gov/Archives/edgar/data/1899830/000189983025000015/perf-20241231xexx81xlistof.htm",Heuristic,true,6,0,false,
000121390025020178,EX-8,"https://www.sec.gov/Archives/edgar/data/1901215/000121390025020178/ea023196201ex8-1/brenmiller.htm",Heuristic,true,5,0,false,
000117891325000680,EX-8,"https://www.sec.gov/Archives/edgar/data/1901279/000117891325000680/exhibit/8-1.htm",Heuristic,true,4,0,false,
000121390025037703,EX-8,"https://www.sec.gov/Archives/edgar/data/1903145/000121390025037703/ea023960901ex8-1/gorilla.htm",Heuristic,true,11,0,false,
000121390025038038,EX-8,"https://www.sec.gov/Archives/edgar/data/1905660/000121390025038038/ea023777601ex8-1/hubcyber.htm",Heuristic,true,9,2,true,
000141057825000198,EX-8,"https://www.sec.gov/Archives/edgar/data/1907085/000141057825000198/odd-20241231xex8d1.htm",Heuristic,true,13,0,false,
000121390025100480,EX-8,"https://www.sec.gov/Archives/edgar/data/1908705/000121390025100480/ea025802301ex8-1/global.htm",Heuristic,true,4,0,false,
000114036125013255,EX-8,"https://www.sec.gov/Archives/edgar/data/1912847/000114036125013255/ef20039046/ex8-1.htm",Heuristic,true,12,0,false,
000141057825000943,EX-8,"https://www.sec.gov/Archives/edgar/data/1913510/000141057825000943/vfs-20241231xex8d1.htm",Heuristic,true,25,1,true,
000121390025000430,EX-8,"https://www.sec.gov/Archives/edgar/data/1913749/000121390025000430/ea022590401ex8-1/global.htm",Heuristic,true,13,0,false,
000162828025036727,EX-8,"https://www.sec.gov/Archives/edgar/data/1913847/000162828025036727/ex81/listofsubsidiariesofc.htm",Heuristic,true,3,0,false,
000164117225005027,EX-8,"https://www.sec.gov/Archives/edgar/data/1914805/000164117225005027/ex8-1.htm",Heuristic,true,10,0,false,
000149315225006520,EX-8,"https://www.sec.gov/Archives/edgar/data/1914818/000149315225006520/ex8-1.htm",Heuristic,true,12,0,false,
000095017025057622,EX-8,"https://www.sec.gov/Archives/edgar/data/1920294/000095017025057622/rzlv-ex8/1.htm",Heuristic,true,6,0,false,
000121390025033733,EX-8,"https://www.sec.gov/Archives/edgar/data/1921158/000121390025033733/ea023811901ex8-1/bitfu.htm",Heuristic,true,6,0,false,
000141057825001024,EX-8,"https://www.sec.gov/Archives/edgar/data/1922097/000141057825001024/lanv-20241231xex8d1.htm",Heuristic,true,70,0,false,
000192244625000003,EX-8,"https://www.sec.gov/Archives/edgar/data/1922446/000192244625000003/exhibit81.htm",Heuristic,true,55,1,true,
000117891325001094,EX-8,"https://www.sec.gov/Archives/edgar/data/1922641/000117891325001094/exhibit/8-1.htm",Heuristic,true,35,0,false,
000173112225000769,EX-8,"https://www.sec.gov/Archives/edgar/data/1924482/000173112225000769/e6598/ex8.htm",Heuristic,true,3,0,false,
000141057825000425,EX-8,"https://www.sec.gov/Archives/edgar/data/1927719/000141057825000425/crgo-20241231xex8d1.htm",Heuristic,true,11,0,false,
000121390025104705,EX-8,"https://www.sec.gov/Archives/edgar/data/1930179/000121390025104705/ea026249501ex8-1/arbiot.htm",Heuristic,true,12,0,false,
000121390025104390,EX-8,"https://www.sec.gov/Archives/edgar/data/1932770/000121390025104390/ea026211901ex8-1/quanta.htm",Heuristic,true,9,0,false,
000164117225010232,EX-8,"https://www.sec.gov/Archives/edgar/data/1933951/000164117225010232/ex8-1.htm",Heuristic,true,5,0,false,
000121390025044439,EX-8,"https://www.sec.gov/Archives/edgar/data/1935172/000121390025044439/ea023881101ex8-1/xiaoicorp.htm",Heuristic,true,5,0,false,
000162828025032686,EX-8,"https://www.sec.gov/Archives/edgar/data/1937441/000162828025032686/exhibit81.htm",Heuristic,true,51,0,false,
000121390025034179,EX-8,"https://www.sec.gov/Archives/edgar/data/1938186/000121390025034179/ea023851001ex8-1/jayud.htm",Heuristic,true,6,0,false,
000164117225010641,EX-8,"https://www.sec.gov/Archives/edgar/data/1938534/000164117225010641/ex8-1.htm",Heuristic,true,4,0,false,
000121390025033010,EX-8,"https://www.sec.gov/Archives/edgar/data/1938865/000121390025033010/ea023557301ex8-1/topking.htm",Heuristic,true,8,0,false,
000121390025044284,EX-8,"https://www.sec.gov/Archives/edgar/data/1939780/000121390025044284/ea023947801ex8-1/upower.htm",Heuristic,true,19,1,true,
000121390025044434,EX-8,"https://www.sec.gov/Archives/edgar/data/1939965/000121390025044434/ea024211901ex8-1/brerahold.htm",Heuristic,true,4,0,false,
000114036125013963,EX-8,"https://www.sec.gov/Archives/edgar/data/1941131/000114036125013963/ef20039037/ex8-1.htm",Heuristic,true,15,0,false,
000157587225000653,EX-8,"https://www.sec.gov/Archives/edgar/data/1941158/000157587225000653/weto054/ex8-1.htm",Heuristic,true,5,0,false,
000109690625000785,EX-8,"https://www.sec.gov/Archives/edgar/data/1943444/000109690625000785/trsg/ex8z1.htm",Heuristic,true,12,0,false,
000194405725000015,EX-8,"https://www.sec.gov/Archives/edgar/data/1944057/000194405725000015/ex81listofsubsidiaries-123.htm",Heuristic,true,20,0,false,
000121390025037591,EX-8,"https://www.sec.gov/Archives/edgar/data/1944552/000121390025037591/ea023860601ex8-1/adlai.htm",Heuristic,true,7,0,false,
000155485525002351,EX-8,"https://www.sec.gov/Archives/edgar/data/1945711/000155485525002351/ex81/2.htm",Heuristic,true,57,1,true,
000164117225007753,EX-8,"https://www.sec.gov/Archives/edgar/data/1946216/000164117225007753/ex8-1.htm",Heuristic,true,3,0,false,
000121390025069880,EX-8,"https://www.sec.gov/Archives/edgar/data/1946399/000121390025069880/ea024883901ex8-1/lakeshore.htm",Heuristic,true,9,0,false,
000121390025033933,EX-8,"https://www.sec.gov/Archives/edgar/data/1946703/000121390025033933/ea023851501ex8-1/webuy.htm",Heuristic,true,10,0,false,
000121390025067464,EX-8,"https://www.sec.gov/Archives/edgar/data/1948443/000121390025067464/ea024797501ex8-1/raytech.htm",Heuristic,true,2,0,false,
000110465925029012,EX-8,"https://www.sec.gov/Archives/edgar/data/1950246/000110465925029012/mtal-20241231xex8d1.htm",Heuristic,true,6,0,false,
000119312525100539,EX-8,"https://www.sec.gov/Archives/edgar/data/1951067/000119312525100539/d857692dex8.htm",Heuristic,true,4,0,false,
000119380525000334,EX-8,"https://www.sec.gov/Archives/edgar/data/1951222/000119380525000334/e664249/ex8-1.htm",Heuristic,true,5,0,false,
000101376225003608,EX-8,"https://www.sec.gov/Archives/edgar/data/1953021/000101376225003608/ea023442501ex8-1/mega.htm",Heuristic,true,7,1,true,
000095017025037224,EX-8,"https://www.sec.gov/Archives/edgar/data/1953530/000095017025037224/ocs-ex8/1.htm",Heuristic,true,6,0,false,
000141057825000390,EX-8,"https://www.sec.gov/Archives/edgar/data/1954042/000141057825000390/zk-20241231xex8d1.htm",Heuristic,true,5,0,false,
000164117225001706,EX-8,"https://www.sec.gov/Archives/edgar/data/1954694/000164117225001706/ex8-1.htm",Heuristic,true,5,0,false,
000095017025011073,EX-8,"https://www.sec.gov/Archives/edgar/data/1955104/000095017025011073/zapp-ex8/1.htm",Heuristic,true,5,0,false,
000164117225024398,EX-8,"https://www.sec.gov/Archives/edgar/data/1956166/000164117225024398/ex8-1.htm",Heuristic,true,5,0,false,
000195713225000006,EX-8,"https://www.sec.gov/Archives/edgar/data/1957132/000195713225000006/ex8-listofsubsidiaries.htm",Heuristic,true,26,0,false,
000121390025037091,EX-8,"https://www.sec.gov/Archives/edgar/data/1957146/000121390025037091/ea023962801ex8-1/almacenes.htm",Heuristic,true,54,0,false,
000162828025017198,EX-8,"https://www.sec.gov/Archives/edgar/data/1958217/000162828025017198/exhibit81subsidiariesoflif.htm",Heuristic,true,21,0,false,
000121390025059716,EX-8,"https://www.sec.gov/Archives/edgar/data/1959224/000121390025059716/ea024700501ex8-1/solowin.htm",Heuristic,true,4,1,true,
000149315225003767,EX-8,"https://www.sec.gov/Archives/edgar/data/1959726/000149315225003767/ex8-1.htm",Heuristic,true,12,0,false,
000149315225019123,EX-8,"https://www.sec.gov/Archives/edgar/data/1959994/000149315225019123/ex8-1.htm",Heuristic,true,5,0,false,
000141057825001020,EX-8,"https://www.sec.gov/Archives/edgar/data/1962746/000141057825001020/lot-20241231xex8d1.htm",Heuristic,true,10,0,false,
000121390025035610,EX-8,"https://www.sec.gov/Archives/edgar/data/1963439/000121390025035610/ea023806701ex8-1/turbo.htm",Heuristic,true,3,0,false,
000121390025037599,EX-8,"https://www.sec.gov/Archives/edgar/data/1965143/000121390025037599/ea023966301ex8-1/nvnigroup.htm",Heuristic,true,14,0,false,
000164117225009662,EX-8,"https://www.sec.gov/Archives/edgar/data/1966233/000164117225009662/ex8-1.htm",Heuristic,true,12,2,true,
000121390025033131,EX-8,"https://www.sec.gov/Archives/edgar/data/1967631/000121390025033131/ea023521501ex8-1/jinxin.htm",Heuristic,true,8,0,false,
000121390025008172,EX-8,"https://www.sec.gov/Archives/edgar/data/1967822/000121390025008172/ea022746101ex8-1/creative.htm",Heuristic,true,2,0,false,
000149315225003986,EX-8,"https://www.sec.gov/Archives/edgar/data/1968043/000149315225003986/ex8-1.htm",Heuristic,true,4,0,false,
000196937325000010,EX-8,"https://www.sec.gov/Archives/edgar/data/1969373/000196937325000010/exhibit811.htm",Heuristic,true,11,1,true,
000121390025076877,EX-8,"https://www.sec.gov/Archives/edgar/data/1969928/000121390025076877/ea025260701ex8-1/ctrlgroup.htm",Heuristic,true,3,1,true,
000121390025025558,EX-8,"https://www.sec.gov/Archives/edgar/data/1970544/000121390025025558/ea023318801ex8-1/pheton.htm",Heuristic,true,4,0,false,
000149315225020532,EX-8,"https://www.sec.gov/Archives/edgar/data/1971828/000149315225020532/ex8-1.htm",Heuristic,true,11,0,false,
000121390025097949,EX-8,"https://www.sec.gov/Archives/edgar/data/1972074/000121390025097949/ea025785401ex8-1/linkers.htm",Heuristic,true,3,0,false,
000197323925000016,EX-8,"https://www.sec.gov/Archives/edgar/data/1973239/000197323925000016/ex81-subsidiariesofarmhold.htm",Heuristic,true,11,1,true,
000164117225022759,EX-8,"https://www.sec.gov/Archives/edgar/data/1973368/000164117225022759/ex8-1.htm",Heuristic,true,2,0,false,
000141057825000919,EX-8,"https://www.sec.gov/Archives/edgar/data/1976908/000141057825000919/jdzg-20241231xex8d1.htm",Heuristic,true,7,0,false,
000119312525323599,EX-8,"https://www.sec.gov/Archives/edgar/data/1977102/000119312525323599/birk-ex8/1.htm",Heuristic,true,13,1,true,
000149315225006117,EX-8,"https://www.sec.gov/Archives/edgar/data/1978527/000149315225006117/ex8-1.htm",Heuristic,true,3,0,false,
000110465925027667,EX-8,"https://www.sec.gov/Archives/edgar/data/1978867/000110465925027667/cdlr-20241231xex8d1.htm",Heuristic,true,14,0,false,
000164117225008322,EX-8,"https://www.sec.gov/Archives/edgar/data/1979407/000164117225008322/ex8-1.htm",Heuristic,true,6,0,false,
000173112225000239,EX-8,"https://www.sec.gov/Archives/edgar/data/1979610/000173112225000239/e6355/ex8-1.htm",Heuristic,true,4,0,false,
000095017025056976,EX-8,"https://www.sec.gov/Archives/edgar/data/1979887/000095017025056976/ck0001979887-ex8/1.htm",Heuristic,true,5,0,false,
000121390025033966,EX-8,"https://www.sec.gov/Archives/edgar/data/1981662/000121390025033966/ea023590401ex8-1/newgenivf.htm",Heuristic,true,8,0,false,
000141057825001328,EX-8,"https://www.sec.gov/Archives/edgar/data/1982444/000141057825001328/bdmd-20241231xex8d1.htm",Heuristic,true,22,0,false,
000121390025035802,EX-8,"https://www.sec.gov/Archives/edgar/data/1982708/000121390025035802/ea023849701ex8-1/anbio.htm",Heuristic,true,11,1,true,
000164117225021609,EX-8,"https://www.sec.gov/Archives/edgar/data/1983324/000164117225021609/ex8-1.htm",Heuristic,true,4,0,false,
000121390025014457,EX-8,"https://www.sec.gov/Archives/edgar/data/1984014/000121390025014457/ea023041101ex8-1/bloomz.htm",Heuristic,true,1,0,false,
000121390025042062,EX-8,"https://www.sec.gov/Archives/edgar/data/1985273/000121390025042062/ea023939501ex8-1/toyoco.htm",Heuristic,true,9,0,false,
000121390025029527,EX-8,"https://www.sec.gov/Archives/edgar/data/1985337/000121390025029527/ea023494401ex8-1/yygroup.htm",Heuristic,true,14,0,false,
000095017025035904,EX-8,"https://www.sec.gov/Archives/edgar/data/1985487/000095017025035904/kspi-ex8/1.htm",Heuristic,true,20,0,false,
000121390025035542,EX-8,"https://www.sec.gov/Archives/edgar/data/1989930/000121390025035542/ea023869301ex8-1/founder.htm",Heuristic,true,5,1,true,
000121390025108334,EX-8,"https://www.sec.gov/Archives/edgar/data/1990950/000121390025108334/ea026266701ex8-1/semilux.htm",Heuristic,true,2,0,false,
000164117225011043,EX-8,"https://www.sec.gov/Archives/edgar/data/1991261/000164117225011043/ex8-1.htm",Heuristic,true,3,0,false,
000118518525001717,EX-8,"https://www.sec.gov/Archives/edgar/data/1993097/000118518525001717/maskex8-1.htm",Heuristic,true,4,0,false,
000117891325001415,EX-8,"https://www.sec.gov/Archives/edgar/data/1993727/000117891325001415/exhibit/8-1.htm",Heuristic,true,3,0,false,
000141057825000859,EX-8,"https://www.sec.gov/Archives/edgar/data/1995306/000141057825000859/hdl-20241231xex8d1.htm",Heuristic,true,7,0,false,
000114036125015619,EX-8,"https://www.sec.gov/Archives/edgar/data/1995574/000114036125015619/ef20042514/ex8-1.htm",Heuristic,true,3,0,false,
000121390025037427,EX-8,"https://www.sec.gov/Archives/edgar/data/1997201/000121390025037427/ea023891601ex8-1/psinter.htm",Heuristic,true,6,1,true,
000121390025059622,EX-8,"https://www.sec.gov/Archives/edgar/data/1997637/000121390025059622/ea024719301ex8-1/iothree.htm",Heuristic,true,3,0,false,
000199771125000030,EX-8,"https://www.sec.gov/Archives/edgar/data/1997711/000199771125000030/ex8-1.htm",Heuristic,true,37,0,false,
000121390025104178,EX-8,"https://www.sec.gov/Archives/edgar/data/1999297/000121390025104178/ea026240701ex8-1/bigtree.htm",Heuristic,true,7,1,true,
000121390025061408,EX-8,"https://www.sec.gov/Archives/edgar/data/2000366/000121390025061408/ea024751901ex8-1/scage.htm",Heuristic,true,8,2,true,
000121390025109038,EX-8,"https://www.sec.gov/Archives/edgar/data/2003061/000121390025109038/ea025990401ex8-1/star.htm",Heuristic,true,5,1,true,
000121390025077169,EX-8,"https://www.sec.gov/Archives/edgar/data/2004024/000121390025077169/ea025034701ex8-1/lianhe.htm",Heuristic,true,12,0,false,
000149315225023940,EX-8,"https://www.sec.gov/Archives/edgar/data/2004489/000149315225023940/ex8-1.htm",Heuristic,true,16,0,false,
000114036125005562,EX-8,"https://www.sec.gov/Archives/edgar/data/2007191/000114036125005562/ef20038762/ex8-1.htm",Heuristic,true,33,0,false,
000164117225018847,EX-8,"https://www.sec.gov/Archives/edgar/data/2010499/000164117225018847/ex8-1.htm",Heuristic,true,1,0,false,
000121390025036127,EX-8,"https://www.sec.gov/Archives/edgar/data/2012096/000121390025036127/ea023749301ex8-1/powell.htm",Heuristic,true,2,0,false,
000121390025037450,EX-8,"https://www.sec.gov/Archives/edgar/data/2013186/000121390025037450/ea023887801ex8-1/tnlmedia.htm",Heuristic,true,16,0,false,
000149315225014353,EX-8,"https://www.sec.gov/Archives/edgar/data/2015691/000149315225014353/ex8-1.htm",Heuristic,true,11,0,false,
000121390025060389,EX-8,"https://www.sec.gov/Archives/edgar/data/2019435/000121390025060389/ea024746201ex8-1/blue.htm",Heuristic,true,3,0,false,
000202193825000009,EX-8,"https://www.sec.gov/Archives/edgar/data/2021938/000202193825000009/exhibit81-sunrisecommunica.htm",Heuristic,true,15,0,false,
000164117225002928,EX-8,"https://www.sec.gov/Archives/edgar/data/2023153/000164117225002928/ex8-1.htm",Heuristic,true,3,0,false,
000121390025032599,EX-8,"https://www.sec.gov/Archives/edgar/data/2023311/000121390025032599/ea023342201ex8-1/ascentage.htm",Heuristic,true,17,0,false,
000121390025053289,EX-8,"https://www.sec.gov/Archives/edgar/data/2026514/000121390025053289/ea024492301ex8-1/namib.htm",Heuristic,true,9,0,false,
000117184325005448,EX-8,"https://www.sec.gov/Archives/edgar/data/2027815/000117184325005448/exh/81.htm",Heuristic,true,5,0,false,
000164117225023128,EX-8,"https://www.sec.gov/Archives/edgar/data/2035709/000164117225023128/ex8-1.htm",Heuristic,true,2,0,false,
000164117225021732,EX-8,"https://www.sec.gov/Archives/edgar/data/2036307/000164117225021732/ex8-1.htm",Heuristic,true,1,0,false,
000114036125013888,EX-8,"https://www.sec.gov/Archives/edgar/data/2039060/000114036125013888/ef20046880/ex8-1.htm",Heuristic,true,2,0,false,
000121390025111604,EX-8,"https://www.sec.gov/Archives/edgar/data/2047148/000121390025111604/ea026534101ex8-1/ctwcayman.htm",Heuristic,true,6,0,false,
000121390025061812,EX-8,"https://www.sec.gov/Archives/edgar/data/2054507/000121390025061812/ea024749101ex8-1/hotel101.htm",Heuristic,true,17,0,false,
000031321625000009,EX-8,"https://www.sec.gov/Archives/edgar/data/313216/000031321625000009/phg-20241231xexx8.htm",Heuristic,true,31,0,false,
000141057825001910,EX-8,"https://www.sec.gov/Archives/edgar/data/314590/000141057825001910/ssl-20250630xex8d1.htm",Heuristic,true,16,1,true,
000095017025038448,EX-8,"https://www.sec.gov/Archives/edgar/data/78150/000095017025038448/phi-ex8.htm",Heuristic,true,20,0,false,
000107997325000827,EX-8,"https://www.sec.gov/Archives/edgar/data/793628/000107997325000827/ex8.htm",Heuristic,true,11,1,true,
000162828025015363,EX-8,"https://www.sec.gov/Archives/edgar/data/806968/000162828025015363/exhibit81listofsubsidiarie.htm",Heuristic,true,56,1,true,
000119312525185641,EX-8,"https://www.sec.gov/Archives/edgar/data/811809/000119312525185641/d941636dex81.htm",Heuristic,true,47,1,true,
000106299325012045,EX-8,"https://www.sec.gov/Archives/edgar/data/831609/000106299325012045/exhibit8-1.htm",Heuristic,true,14,1,true,
000119312525034217,EX-8,"https://www.sec.gov/Archives/edgar/data/844551/000119312525034217/d815888dex81.htm",Heuristic,true,12,0,false,
000155837025002550,EX-8,"https://www.sec.gov/Archives/edgar/data/845982/000155837025002550/snn-20241231xex8.htm",Heuristic,true,10,0,false,
000162828025006642,EX-8,"https://www.sec.gov/Archives/edgar/data/863064/000162828025006642/ex08-1subsidiaries2024.htm",Heuristic,true,33,0,false,
000121390025043459,EX-8,"https://www.sec.gov/Archives/edgar/data/876779/000121390025043459/ea024100701ex8-1/magic.htm",Heuristic,true,41,0,false,
000101376225003193,EX-8,"https://www.sec.gov/Archives/edgar/data/885740/000101376225003193/ea023533401ex8-1/sapiens.htm",Heuristic,true,36,0,false,
000121390025044060,EX-8,"https://www.sec.gov/Archives/edgar/data/887153/000121390025044060/ea024176301ex8-1/grupo.htm",Heuristic,true,40,0,false,
000119312525100431,EX-8,"https://www.sec.gov/Archives/edgar/data/887225/000119312525100431/d907968dex81.htm",Heuristic,true,47,0,false,
000129281425001738,EX-8,"https://www.sec.gov/Archives/edgar/data/888746/000129281425001738/ex08-1.htm",Heuristic,true,4,1,true,
000162828025017888,EX-8,"https://www.sec.gov/Archives/edgar/data/890541/000162828025017888/blx20241231-ex81.htm",Heuristic,true,3,0,false,
000141057825000472,EX-8,"https://www.sec.gov/Archives/edgar/data/890746/000141057825000472/vi-20241231xex8d1.htm",Heuristic,true,6,0,false,
000090903725000020,EX-8,"https://www.sec.gov/Archives/edgar/data/909037/000090903725000020/exhibit81-significantsubsi.htm",Heuristic,true,32,0,false,
000162828025020368,EX-8,"https://www.sec.gov/Archives/edgar/data/909327/000162828025020368/suzanofy2024xex81xlistofsu.htm",Heuristic,true,45,0,false,
000162828025017225,EX-8,"https://www.sec.gov/Archives/edgar/data/910631/000162828025017225/exhibit81significantsubsid.htm",Heuristic,true,5,0,false,
000091197125000007,EX-8,"https://www.sec.gov/Archives/edgar/data/911971/000091197125000007/tkcex-81q42024.htm",Heuristic,true,51,0,false,
000141057825001050,EX-8,"https://www.sec.gov/Archives/edgar/data/912892/000141057825001050/tv-20241231xex8d1.htm",Heuristic,true,61,0,false,
000162828025017048,EX-8,"https://www.sec.gov/Archives/edgar/data/912958/000162828025017048/a81subsid.htm",Heuristic,true,20,0,false,
000162828025016788,EX-8,"https://www.sec.gov/Archives/edgar/data/913059/000162828025016788/bbar-20241231xexx81.htm",Heuristic,true,4,0,false,
000091329025000003,EX-8,"https://www.sec.gov/Archives/edgar/data/913290/000091329025000003/exhibit81202420f.htm",Heuristic,true,42,0,false,
000117891325001515,EX-8,"https://www.sec.gov/Archives/edgar/data/916793/000117891325001515/exhibit/8-1.htm",Heuristic,true,2,0,false,
000129281425001137,EX-8,"https://www.sec.gov/Archives/edgar/data/917851/000129281425001137/ex08.htm",Heuristic,true,41,2,true,
000141057825000473,EX-8,"https://www.sec.gov/Archives/edgar/data/925261/000141057825000473/akoa-20241231xex8d1.htm",Heuristic,true,16,0,false,
000117891325001537,EX-8,"https://www.sec.gov/Archives/edgar/data/928876/000117891325001537/exhibit/8-1.htm",Heuristic,true,7,0,false,
000114036125015473,EX-8,"https://www.sec.gov/Archives/edgar/data/931427/000114036125015473/ef20034691/ex8-1.htm",Heuristic,true,1,0,false,
000110465925019133,EX-8,"https://www.sec.gov/Archives/edgar/data/932470/000110465925019133/teo-20241231xex8d1.htm",Heuristic,true,23,0,false,
000095017025058324,EX-8,"https://www.sec.gov/Archives/edgar/data/932695/000095017025058324/ck0000932695-ex8/1.htm",Heuristic,true,55,0,false,
000165495425012190,EX-8,"https://www.sec.gov/Archives/edgar/data/933267/000165495425012190/irsa/ex81.htm",Heuristic,true,27,0,false,
000093796625000009,EX-8,"https://www.sec.gov/Archives/edgar/data/937966/000093796625000009/exhibit81.htm",Heuristic,true,37,0,false,
000119312525054371,EX-8,"https://www.sec.gov/Archives/edgar/data/938323/000119312525054371/d854846dex81.htm",Heuristic,true,43,1,true,
000117891325000821,EX-8,"https://www.sec.gov/Archives/edgar/data/941221/000117891325000821/exhibit/8-1.htm",Heuristic,true,33,1,true,
000121390025037643,EX-8,"https://www.sec.gov/Archives/edgar/data/946394/000121390025037643/ea023851301ex8/ellomay.htm",Heuristic,true,42,0,false,