Accession,ExhibitType,URL,Method,Subsidiary,Jurisdiction,NestingLevel,ParentName,ParentId,Ownership,Footnotes,IsNested
000143774925038228,EX-21,"https://www.sec.gov/Archives/edgar/data/1000230/000143774925038228/ex/897383.htm",Failed,"FAILED","","0","","","","","false"
000119312525034579,EX-21,"https://www.sec.gov/Archives/edgar/data/1000697/000119312525034579/d791800dex211.htm",Failed,"FAILED","","0","","","","","false"
000100075325000008,EX-21,"https://www.sec.gov/Archives/edgar/data/1000753/000100075325000008/a12312024nsp-ex211xsubsidi.htm",Failed,"FAILED","","0","","","","","false"
000143774925036009,EX-21,"https://www.sec.gov/Archives/edgar/data/1001115/000143774925036009/ex/860202.htm",Failed,"FAILED","","0","","","","","false"
000114036125011258,EX-21,"https://www.sec.gov/Archives/edgar/data/1001171/000114036125011258/ef20038929/ex21-1.htm",Failed,"FAILED","","0","","","","","false"
000162828025013088,EX-21,"https://www.sec.gov/Archives/edgar/data/1001233/000162828025013088/sgmo-20241231xexx211.htm",Failed,"FAILED","","0","","","","","false"
000143774925005908,EX-21,"https://www.sec.gov/Archives/edgar/data/1001316/000143774925005908/ex/702317.htm",Failed,"FAILED","","0","","","","","false"
000143774925005465,EX-21,"https://www.sec.gov/Archives/edgar/data/1001385/000143774925005465/ex/727600.htm",Failed,"FAILED","","0","","","","","false"
000155837025002017,EX-21,"https://www.sec.gov/Archives/edgar/data/1001838/000155837025002017/scco-20241231xex21d1.htm",Failed,"FAILED","","0","","","","","false"
000119312525027255,EX-21,"https://www.sec.gov/Archives/edgar/data/1001902/000119312525027255/d847873dex211.htm",Failed,"FAILED","","0","","","","","false"
000119312525311490,EX-21,"https://www.sec.gov/Archives/edgar/data/1002590/000119312525311490/sgu-ex21.htm",Failed,"FAILED","","0","","","","","false"
000143774925028487,EX-21,"https://www.sec.gov/Archives/edgar/data/100378/000143774925028487/ex/855291.htm",Failed,"FAILED","","0","","","","","false"
000089971525000036,EX-21,"https://www.sec.gov/Archives/edgar/data/1004036/000089971525000036/skt10k12312024ex211.htm",Failed,"FAILED","","0","","","","","false"
000100443425000010,EX-21,"https://www.sec.gov/Archives/edgar/data/1004434/000100443425000010/amg/exhibit21x12312024.htm",Failed,"FAILED","","0","","","","","false"
000119312525298630,EX-21,"https://www.sec.gov/Archives/edgar/data/1005210/000119312525298630/sph-ex21/1.htm",Failed,"FAILED","","0","","","","","false"
000100522925000149,EX-21,"https://www.sec.gov/Archives/edgar/data/1005229/000100522925000149/a03312025ex211cmcosubsidia.htm",Failed,"FAILED","","0","","","","","false"
000095017025024151,EX-21,"https://www.sec.gov/Archives/edgar/data/1005284/000095017025024151/oled-ex21.htm",Failed,"FAILED","","0","","","","","false"
000100581725000006,EX-21,"https://www.sec.gov/Archives/edgar/data/1005817/000100581725000006/exhibit21-10k12312024.htm",Failed,"FAILED","","0","","","","","false"
000095017025046107,EX-21,"https://www.sec.gov/Archives/edgar/data/1006045/000095017025046107/irix-ex21/1.htm",Failed,"FAILED","","0","","","","","false"
000143774925028445,EX-21,"https://www.sec.gov/Archives/edgar/data/1006830/000143774925028445/ex/858152.htm",Failed,"FAILED","","0","","","","","false"
000100758725000003,EX-21,"https://www.sec.gov/Archives/edgar/data/1007587/000100758725000003/kvhi12312024ex211listofsub.htm",Failed,"FAILED","","0","","","","","false"
000155837025008930,EX-21,"https://www.sec.gov/Archives/edgar/data/1009759/000155837025008930/cgeh-20250331xex21d1.htm",Failed,"FAILED","","0","","","","","false"
000162828025008091,EX-21,"https://www.sec.gov/Archives/edgar/data/1012100/000162828025008091/q42024exhibit21.htm",Failed,"FAILED","","0","","","","","false"
000095017025027899,EX-21,"https://www.sec.gov/Archives/edgar/data/1013488/000095017025027899/bjri-ex21.htm",Failed,"FAILED","","0","","","","","false"
000101393425000007,EX-21,"https://www.sec.gov/Archives/edgar/data/1013934/000101393425000007/stra-20241231xex211.htm",Failed,"FAILED","","0","","","","","false"
000143774925007375,EX-21,"https://www.sec.gov/Archives/edgar/data/101594/000143774925007375/ex/734122.htm",Failed,"FAILED","","0","","","","","false"
000143774925012824,EX-21,"https://www.sec.gov/Archives/edgar/data/1019034/000143774925012824/ex/701525.htm",Failed,"FAILED","","0","","","","","false"
000010198425000038,EX-21,"https://www.sec.gov/Archives/edgar/data/101984/000010198425000038/a10k20241231-ex211.htm",Failed,"FAILED","","0","","","","","false"
000102071025000036,EX-21,"https://www.sec.gov/Archives/edgar/data/1020710/000102071025000036/dxpeexhibit2111231202410k.htm",Failed,"FAILED","","0","","","","","false"
000095017025078408,EX-21,"https://www.sec.gov/Archives/edgar/data/1021162/000095017025078408/tgi-ex21/1.htm",Failed,"FAILED","","0","","","","","false"
000114036125004907,EX-21,"https://www.sec.gov/Archives/edgar/data/1021561/000114036125004907/ef20039018/ex21-1.htm",Failed,"FAILED","","0","","","","","false"
000095017025021042,EX-21,"https://www.sec.gov/Archives/edgar/data/1021860/000095017025021042/nov-ex21/1.htm",Failed,"FAILED","","0","","","","","false"
000102207925000044,EX-21,"https://www.sec.gov/Archives/edgar/data/1022079/000102207925000044/dgx12312024ex211.htm",Failed,"FAILED","","0","","","","","false"
000010221225000006,EX-21,"https://www.sec.gov/Archives/edgar/data/102212/000010221225000006/uvsp-20241231xex21xq4.htm",Failed,"FAILED","","0","","","","","false"
000114036125020204,EX-21,"https://www.sec.gov/Archives/edgar/data/1022408/000114036125020204/ef20047615/ex21.htm",Failed,"FAILED","","0","","","","","false"
000102345925000060,EX-21,"https://www.sec.gov/Archives/edgar/data/1023459/000102345925000060/exhibit211-08312025.htm",Failed,"FAILED","","0","","","","","false"
000102373125000039,EX-21,"https://www.sec.gov/Archives/edgar/data/1023731/000102373125000039/a8x8/fy2510kxex211.htm",Failed,"FAILED","","0","","","","","false"
000102665525000005,EX-21,"https://www.sec.gov/Archives/edgar/data/1026655/000102665525000005/cmt-20241231x10kex21.htm",Failed,"FAILED","","0","","","","","false"
000010275225000014,EX-21,"https://www.sec.gov/Archives/edgar/data/102752/000010275225000014/vsec-2024x10kxex21.htm",Failed,"FAILED","","0","","","","","false"
000102914225000049,EX-21,"https://www.sec.gov/Archives/edgar/data/1029142/000102914225000049/exhibit211-listofsubsidiar.htm",Failed,"FAILED","","0","","","","","false"
000121390025017068,EX-21,"https://www.sec.gov/Archives/edgar/data/1029199/000121390025017068/ex211/2.htm",Failed,"FAILED","","0","","","","","false"
000103046925000007,EX-21,"https://www.sec.gov/Archives/edgar/data/1030469/000103046925000007/ofg-20241231xex211.htm",Failed,"FAILED","","0","","","","","false"
000103089425000014,EX-21,"https://www.sec.gov/Archives/edgar/data/1030894/000103089425000014/exhibit2112024.htm",Failed,"FAILED","","0","","","","","false"
000103120325000013,EX-21,"https://www.sec.gov/Archives/edgar/data/1031203/000103120325000013/a2024q4exhibit211.htm",Failed,"FAILED","","0","","","","","false"
000103129625000006,EX-21,"https://www.sec.gov/Archives/edgar/data/1031296/000103129625000006/fe-12312024xex21.htm",Failed,"FAILED","","0","","","","","false"
000143774925003216,EX-21,"https://www.sec.gov/Archives/edgar/data/10329/000143774925003216/ex/767781.htm",Failed,"FAILED","","0","","","","","false"
000095017025023852,EX-21,"https://www.sec.gov/Archives/edgar/data/1034670/000095017025023852/alv-ex21.htm",Failed,"FAILED","","0","","","","","false"
000010359525000015,EX-21,"https://www.sec.gov/Archives/edgar/data/103595/000010359525000015/vlgea20250726-ex21.htm",Failed,"FAILED","","0","","","","","false"
000095017025028387,EX-21,"https://www.sec.gov/Archives/edgar/data/103682/000095017025028387/d-ex21.htm",Failed,"FAILED","","0","","","","","false"
000010373025000017,EX-21,"https://www.sec.gov/Archives/edgar/data/103730/000010373025000017/exhibit21.htm",Failed,"FAILED","","0","","","","","false"
000103807425000003,EX-21,"https://www.sec.gov/Archives/edgar/data/1038074/000103807425000003/slab-20241228xexx21.htm",Failed,"FAILED","","0","","","","","false"
000149315225015950,EX-21,"https://www.sec.gov/Archives/edgar/data/1039280/000149315225015950/ex21-1.htm",Failed,"FAILED","","0","","","","","false"
000104016125000010,EX-21,"https://www.sec.gov/Archives/edgar/data/1040161/000104016125000010/ex21subsidiariesfor202410k.htm",Failed,"FAILED","","0","","","","","false"
000165495425008553,EX-21,"https://www.sec.gov/Archives/edgar/data/1040470/000165495425008553/aehr/ex211.htm",Failed,"FAILED","","0","","","","","false"
000156276225000245,EX-21,"https://www.sec.gov/Archives/edgar/data/1041514/000156276225000245/ex21.htm",Failed,"FAILED","","0","","","","","false"
000104165725000013,EX-21,"https://www.sec.gov/Archives/edgar/data/1041657/000104165725000013/uone/exx21x11.htm",Failed,"FAILED","","0","","","","","false"
000162828025018195,EX-21,"https://www.sec.gov/Archives/edgar/data/1041859/000162828025018195/plce-212025xex211.htm",Failed,"FAILED","","0","","","","","false"
000143774925005844,EX-21,"https://www.sec.gov/Archives/edgar/data/1042729/000143774925005844/ex/719876.htm",Failed,"FAILED","","0","","","","","false"
000113031025000040,EX-21,"https://www.sec.gov/Archives/edgar/data/1042773/000113031025000040/cnp/exhibit211x12312024.htm",Failed,"FAILED","","0","","","","","false"
000095017025031003,EX-21,"https://www.sec.gov/Archives/edgar/data/1042893/000095017025031003/invx-ex21/1.htm",Failed,"FAILED","","0","","","","","false"
000162828025005451,EX-21,"https://www.sec.gov/Archives/edgar/data/1043219/000162828025005451/a202410-knlyexhibit211.htm",Failed,"FAILED","","0","","","","","false"
000104327725000012,EX-21,"https://www.sec.gov/Archives/edgar/data/1043277/000104327725000012/exhibit212024.htm",Failed,"FAILED","","0","","","","","false"
000104350925000003,EX-21,"https://www.sec.gov/Archives/edgar/data/1043509/000104350925000003/exhibit211123124subsidiari.htm",Failed,"FAILED","","0","","","","","false"
000104625725000018,EX-21,"https://www.sec.gov/Archives/edgar/data/1046257/000104625725000018/ingr-20241231xex211.htm",Failed,"FAILED","","0","","","","","false"
000104786225000011,EX-21,"https://www.sec.gov/Archives/edgar/data/1047862/000104786225000011/exhibit211-202410xk.htm",Failed,"FAILED","","0","","","","","false"
000104952125000024,EX-21,"https://www.sec.gov/Archives/edgar/data/1049521/000104952125000024/exhibit211.htm",Failed,"FAILED","","0","","","","","false"
000155837025001382,EX-21,"https://www.sec.gov/Archives/edgar/data/1050377/000155837025001382/cnxn-20241231xex21d1.htm",Failed,"FAILED","","0","","","","","false"
000095017025021814,EX-21,"https://www.sec.gov/Archives/edgar/data/1050446/000095017025021814/mstr-ex21/1.htm",Failed,"FAILED","","0","","","","","false"
000105082525000069,EX-21,"https://www.sec.gov/Archives/edgar/data/1050825/000105082525000069/scs-02282025xex211.htm",Failed,"FAILED","","0","","","","","false"
000095017025029511,EX-21,"https://www.sec.gov/Archives/edgar/data/105319/000095017025029511/ww-ex21/1.htm",Failed,"FAILED","","0","","","","","false"
000105350725000025,EX-21,"https://www.sec.gov/Archives/edgar/data/1053507/000105350725000025/exhibit21fy2024.htm",Failed,"FAILED","","0","","","","","false"
000010541825000014,EX-21,"https://www.sec.gov/Archives/edgar/data/105418/000010541825000014/wmk-20241228xex21.htm",Failed,"FAILED","","0","","","","","false"
000095017025022803,EX-21,"https://www.sec.gov/Archives/edgar/data/1054905/000095017025022803/iosp-ex21/1.htm",Failed,"FAILED","","0","","","","","false"
000105628825000004,EX-21,"https://www.sec.gov/Archives/edgar/data/1056288/000105628825000004/exhibit2101subsidiariesoff.htm",Failed,"FAILED","","0","","","","","false"
000105635825000018,EX-21,"https://www.sec.gov/Archives/edgar/data/1056358/000105635825000018/mtex10-kexh212024.htm",Failed,"FAILED","","0","","","","","false"
000155837025003995,EX-21,"https://www.sec.gov/Archives/edgar/data/1056943/000155837025003995/pfis-20241231xex21d1.htm",Failed,"FAILED","","0","","","","","false"
000121465925004675,EX-21,"https://www.sec.gov/Archives/edgar/data/105744/000121465925004675/ex21/1.htm",Failed,"FAILED","","0","","","","","false"
000105770625000002,EX-21,"https://www.sec.gov/Archives/edgar/data/1057706/000105770625000002/exhibit211.htm",Failed,"FAILED","","0","","","","","false"
000010577025000013,EX-21,"https://www.sec.gov/Archives/edgar/data/105770/000010577025000013/ex21listofsubsidiaries/2024.htm",Failed,"FAILED","","0","","","","","false"
000105862325000031,EX-21,"https://www.sec.gov/Archives/edgar/data/1058623/000105862325000031/exhibit211subsidiarylisting.htm",Failed,"FAILED","","0","","","","","false"
000105955625000025,EX-21,"https://www.sec.gov/Archives/edgar/data/1059556/000105955625000025/mco-20241231xexx21.htm",Failed,"FAILED","","0","","","","","false"
000106082225000030,EX-21,"https://www.sec.gov/Archives/edgar/data/1060822/000106082225000030/listofsubs2024exh210.htm",Failed,"FAILED","","0","","","","","false"
000106121925000006,EX-21,"https://www.sec.gov/Archives/edgar/data/1061219/000106121925000006/exhibit21/1.htm",Failed,"FAILED","","0","","","","","false"
000155837025002984,EX-21,"https://www.sec.gov/Archives/edgar/data/106532/000155837025002984/weys-20241231xex21.htm",Failed,"FAILED","","0","","","","","false"
000106660525000017,EX-21,"https://www.sec.gov/Archives/edgar/data/1066605/000106660525000017/ex2101-hsiix20241231.htm",Failed,"FAILED","","0","","","","","false"
000110465925093663,EX-21,"https://www.sec.gov/Archives/edgar/data/1067294/000110465925093663/cbrl-20250801xex21.htm",Failed,"FAILED","","0","","","","","false"
000106918325000019,EX-21,"https://www.sec.gov/Archives/edgar/data/1069183/000106918325000019/axon-20241231xex211.htm",Failed,"FAILED","","0","","","","","false"
000106925825000008,EX-21,"https://www.sec.gov/Archives/edgar/data/1069258/000106925825000008/ktos20241229ex-211.htm",Failed,"FAILED","","0","","","","","false"
000143774925036827,EX-21,"https://www.sec.gov/Archives/edgar/data/1069533/000143774925036827/ex/862186.htm",Failed,"FAILED","","0","","","","","false"
000107041225000049,EX-21,"https://www.sec.gov/Archives/edgar/data/1070412/000107041225000049/exhibit21subsidiaries12-31.htm",Failed,"FAILED","","0","","","","","false"
000107068025000010,EX-21,"https://www.sec.gov/Archives/edgar/data/1070680/000107068025000010/cfbk-20241231xex21/1.htm",Failed,"FAILED","","0","","","","","false"
000095017025024745,EX-21,"https://www.sec.gov/Archives/edgar/data/1070985/000095017025024745/cxw-ex21/1.htm",Failed,"FAILED","","0","","","","","false"
000010714025000081,EX-21,"https://www.sec.gov/Archives/edgar/data/107140/000010714025000081/wly-20250430x10kxexx21.htm",Failed,"FAILED","","0","","","","","false"
000107173925000027,EX-21,"https://www.sec.gov/Archives/edgar/data/1071739/000107173925000027/a2024123110-kexhibit21.htm",Failed,"FAILED","","0","","","","","false"
000165495425014138,EX-21,"https://www.sec.gov/Archives/edgar/data/1074828/000165495425014138/usbc/ex211.htm",Failed,"FAILED","","0","","","","","false"
000143774925007283,EX-21,"https://www.sec.gov/Archives/edgar/data/1074902/000143774925007283/ex/718553.htm",Failed,"FAILED","","0","","","","","false"
000107718325000028,EX-21,"https://www.sec.gov/Archives/edgar/data/1077183/000107718325000028/exhibit211listofsubsidiari.htm",Failed,"FAILED","","0","","","","","false"
000108255425000005,EX-21,"https://www.sec.gov/Archives/edgar/data/1082554/000108255425000005/uthrexh211231202410k.htm",Failed,"FAILED","","0","","","","","false"
000155837025008172,EX-21,"https://www.sec.gov/Archives/edgar/data/1083220/000155837025008172/xelb-20241231xex21d1.htm",Failed,"FAILED","","0","","","","","false"
000108330125000018,EX-21,"https://www.sec.gov/Archives/edgar/data/1083301/000108330125000018/ex211-listofsubsidiaries.htm",Failed,"FAILED","","0","","","","","false"
000164117225001951,EX-21,"https://www.sec.gov/Archives/edgar/data/1083522/000164117225001951/ex21-1.htm",Failed,"FAILED","","0","","","","","false"
000108486925000017,EX-21,"https://www.sec.gov/Archives/edgar/data/1084869/000108486925000017/flws-20250629xexx211.htm",Failed,"FAILED","","0","","","","","false"
000108499125000024,EX-21,"https://www.sec.gov/Archives/edgar/data/1084991/000108499125000024/a123124-ngsxex211subsidiar.htm",Failed,"FAILED","","0","","","","","false"
000095017025100137,EX-21,"https://www.sec.gov/Archives/edgar/data/108516/000095017025100137/wor-ex21.htm",Failed,"FAILED","","0","","","","","false"
000164117225000951,EX-21,"https://www.sec.gov/Archives/edgar/data/1085243/000164117225000951/ex21-1.htm",Failed,"FAILED","","0","","","","","false"
000108622225000028,EX-21,"https://www.sec.gov/Archives/edgar/data/1086222/000108622225000028/exhibit211/10k2024.htm",Failed,"FAILED","","0","","","","","false"
000155837025001805,EX-21,"https://www.sec.gov/Archives/edgar/data/1086600/000155837025001805/arlp-20241231xex21d1.htm",Failed,"FAILED","","0","","","","","false"
000108906325000012,EX-21,"https://www.sec.gov/Archives/edgar/data/1089063/000108906325000012/dks-exhibit/21x20250201.htm",Failed,"FAILED","","0","","","","","false"
000120677425000099,EX-21,"https://www.sec.gov/Archives/edgar/data/1090009/000120677425000099/sfst4401651-ex21.htm",Failed,"FAILED","","0","","","","","false"
000095017025022844,EX-21,"https://www.sec.gov/Archives/edgar/data/1090012/000095017025022844/dvn-ex21.htm",Failed,"FAILED","","0","","","","","false"
000109072725000019,EX-21,"https://www.sec.gov/Archives/edgar/data/1090727/000109072725000019/ups-12312024xexhibit21.htm",Failed,"FAILED","","0","","","","","false"
000109087225000087,EX-21,"https://www.sec.gov/Archives/edgar/data/1090872/000109087225000087/a-10312025xexx211.htm",Failed,"FAILED","","0","","","","","false"
000165495425002689,EX-21,"https://www.sec.gov/Archives/edgar/data/1093672/000165495425002689/pebk/ex21.htm",Failed,"FAILED","","0","","","","","false"
000155837025002049,EX-21,"https://www.sec.gov/Archives/edgar/data/1093691/000155837025002049/plug-20241231xex21d1.htm",Failed,"FAILED","","0","","","","","false"
000141057825000549,EX-21,"https://www.sec.gov/Archives/edgar/data/1094038/000141057825000549/mrkr-20241231xex21d1.htm",Failed,"FAILED","","0","","","","","false"
000132616025000072,EX-21,"https://www.sec.gov/Archives/edgar/data/1094093/000132616025000072/duk-20241231x10kxexx21.htm",Failed,"FAILED","","0","","","","","false"
000109605625000015,EX-21,"https://www.sec.gov/Archives/edgar/data/1096056/000109605625000015/a2024subsidiarylist.htm",Failed,"FAILED","","0","","","","","false"
000109714925000012,EX-21,"https://www.sec.gov/Archives/edgar/data/1097149/000109714925000012/ex211-20241231.htm",Failed,"FAILED","","0","","","","","false"
000162828025004557,EX-21,"https://www.sec.gov/Archives/edgar/data/1097864/000162828025004557/exhibit211-listofsubsidiar.htm",Failed,"FAILED","","0","","","","","false"
000095017025040289,EX-21,"https://www.sec.gov/Archives/edgar/data/1098972/000095017025040289/agen-ex21/1.htm",Failed,"FAILED","","0","","","","","false"
000095017025045211,EX-21,"https://www.sec.gov/Archives/edgar/data/1099160/000095017025045211/bbgi-ex21/1.htm",Failed,"FAILED","","0","","","","","false"
000109921925000044,EX-21,"https://www.sec.gov/Archives/edgar/data/1099219/000109921925000044/exh211/subsidiariesofthere.htm",Failed,"FAILED","","0","","","","","false"
000110223825000004,EX-21,"https://www.sec.gov/Archives/edgar/data/1102238/000110223825000004/arl20241231ex211subsidiari.htm",Failed,"FAILED","","0","","","","","false"
000110299325000018,EX-21,"https://www.sec.gov/Archives/edgar/data/1102993/000110299325000018/exh211-subsidiariesofregis.htm",Failed,"FAILED","","0","","","","","false"
000110398225000030,EX-21,"https://www.sec.gov/Archives/edgar/data/1103982/000110398225000030/ex211/123124.htm",Failed,"FAILED","","0","","","","","false"
000095017025023242,EX-21,"https://www.sec.gov/Archives/edgar/data/1108109/000095017025023242/cyh-ex21.htm",Failed,"FAILED","","0","","","","","false"
000110842625000014,EX-21,"https://www.sec.gov/Archives/edgar/data/1108426/000110842625000014/txnm12312024ex21.htm",Failed,"FAILED","","0","","","","","false"
000095017025034661,EX-21,"https://www.sec.gov/Archives/edgar/data/1109116/000095017025034661/evc-ex21/1.htm",Failed,"FAILED","","0","","","","","false"
000110944825000011,EX-21,"https://www.sec.gov/Archives/edgar/data/1109448/000110944825000011/ablp123124ex21012024subsid.htm",Failed,"FAILED","","0","","","","","false"
000111133525000006,EX-21,"https://www.sec.gov/Archives/edgar/data/1111335/000111133525000006/ex-2112024subsidiariesofvi.htm",Failed,"FAILED","","0","","","","","false"
000155837025001855,EX-21,"https://www.sec.gov/Archives/edgar/data/1113232/000155837025001855/acls-20241231xex21d1.htm",Failed,"FAILED","","0","","","","","false"
000114036125007622,EX-21,"https://www.sec.gov/Archives/edgar/data/1114927/000114036125007622/ef20038999/ex21-1.htm",Failed,"FAILED","","0","","","","","false"
000111748025000004,EX-21,"https://www.sec.gov/Archives/edgar/data/1117480/000111748025000004/a20241231cmrxex211subsidia.htm",Failed,"FAILED","","0","","","","","false"
000112019325000008,EX-21,"https://www.sec.gov/Archives/edgar/data/1120193/000112019325000008/ndaq12312024ex-211.htm",Failed,"FAILED","","0","","","","","false"
000143774925006453,EX-21,"https://www.sec.gov/Archives/edgar/data/1120970/000143774925006453/ex/656980.htm",Failed,"FAILED","","0","","","","","false"
000143774925005215,EX-21,"https://www.sec.gov/Archives/edgar/data/1123596/000143774925005215/ex/780365.htm",Failed,"FAILED","","0","","","","","false"
000162828025005924,EX-21,"https://www.sec.gov/Archives/edgar/data/1124198/000162828025005924/flr2024q4ex211.htm",Failed,"FAILED","","0","","","","","false"
000155837025002509,EX-21,"https://www.sec.gov/Archives/edgar/data/1124524/000155837025002509/cyrx-20241231xex21.htm",Failed,"FAILED","","0","","","","","false"
000141057825000160,EX-21,"https://www.sec.gov/Archives/edgar/data/1126328/000141057825000160/pfg-20241231xex21.htm",Failed,"FAILED","","0","","","","","false"
000155837025008723,EX-21,"https://www.sec.gov/Archives/edgar/data/1126741/000155837025008723/gsit-20250331xex21d1.htm",Failed,"FAILED","","0","","","","","false"
000187524625000003,EX-21,"https://www.sec.gov/Archives/edgar/data/1127703/000187524625000003/pra-20241231xex211.htm",Failed,"FAILED","","0","","","","","false"
000095017025048890,EX-21,"https://www.sec.gov/Archives/edgar/data/1132105/000095017025048890/spwh-ex21/1.htm",Failed,"FAILED","","0","","","","","false"
000147793225002710,EX-21,"https://www.sec.gov/Archives/edgar/data/1132509/000147793225002710/nnax/ex211.htm",Failed,"FAILED","","0","","","","","false"
000114036125044581,EX-21,"https://www.sec.gov/Archives/edgar/data/1133062/000114036125044581/ef20054953/ex21.htm",Failed,"FAILED","","0","","","","","false"
000147793225002341,EX-21,"https://www.sec.gov/Archives/edgar/data/1134982/000147793225002341/aapi/ex21.htm",Failed,"FAILED","","0","","","","","false"
000095017025026604,EX-21,"https://www.sec.gov/Archives/edgar/data/1136869/000095017025026604/zbh-ex21.htm",Failed,"FAILED","","0","","","","","false"
000113754725000039,EX-21,"https://www.sec.gov/Archives/edgar/data/1137547/000113754725000039/ubfo-20241231exhibit211.htm",Failed,"FAILED","","0","","","","","false"
000113778925000157,EX-21,"https://www.sec.gov/Archives/edgar/data/1137789/000113778925000157/stx-ex211/20250627.htm",Failed,"FAILED","","0","","","","","false"
000118518525000193,EX-21,"https://www.sec.gov/Archives/edgar/data/1138476/000118518525000193/pacifichcoex21-1.htm",Failed,"FAILED","","0","","","","","false"
000113863925000035,EX-21,"https://www.sec.gov/Archives/edgar/data/1138639/000113863925000035/infn/12282024xexhibit211.htm",Failed,"FAILED","","0","","","","","false"
000143774925009646,EX-21,"https://www.sec.gov/Archives/edgar/data/1140102/000143774925009646/ex/726690.htm",Failed,"FAILED","","0","","","","","false"
000164117225001344,EX-21,"https://www.sec.gov/Archives/edgar/data/1140215/000164117225001344/ex21.htm",Failed,"FAILED","","0","","","","","false"
000165495425003703,EX-21,"https://www.sec.gov/Archives/edgar/data/1141197/000165495425003703/ped/ex211.htm",Failed,"FAILED","","0","","","","","false"
000164117225000643,EX-21,"https://www.sec.gov/Archives/edgar/data/1141688/000164117225000643/ex21-1.htm",Failed,"FAILED","","0","","","","","false"
000114351325000015,EX-21,"https://www.sec.gov/Archives/edgar/data/1143513/000114351325000015/exhibit21-fy2025.htm",Failed,"FAILED","","0","","","","","false"
000095017025029252,EX-21,"https://www.sec.gov/Archives/edgar/data/1145986/000095017025029252/aspn-ex21/1.htm",Failed,"FAILED","","0","","","","","false"
000001154425000005,EX-21,"https://www.sec.gov/Archives/edgar/data/11544/000001154425000005/wrb1231202410-kex21.htm",Failed,"FAILED","","0","","","","","false"
000141057825000226,EX-21,"https://www.sec.gov/Archives/edgar/data/1158324/000141057825000226/ccoi-20241231xex21d1.htm",Failed,"FAILED","","0","","","","","false"
000121390025088578,EX-21,"https://www.sec.gov/Archives/edgar/data/1158780/000121390025088578/ea025613001ex21-1/pluriinc.htm",Failed,"FAILED","","0","","","","","false"
000155837025004602,EX-21,"https://www.sec.gov/Archives/edgar/data/1160791/000155837025004602/goro-20241231xex21.htm",Failed,"FAILED","","0","","","","","false"
000095017025026262,EX-21,"https://www.sec.gov/Archives/edgar/data/1161728/000095017025026262/mgee-ex21.htm",Failed,"FAILED","","0","","","","","false"
000095017025036608,EX-21,"https://www.sec.gov/Archives/edgar/data/1162194/000095017025036608/lab-ex21/1.htm",Failed,"FAILED","","0","","","","","false"
000155837025000926,EX-21,"https://www.sec.gov/Archives/edgar/data/1163739/000155837025000926/nbr-20241231xex21.htm",Failed,"FAILED","","0","","","","","false"
000164117225015177,EX-21,"https://www.sec.gov/Archives/edgar/data/1166708/000164117225015177/ex21.htm",Failed,"FAILED","","0","","","","","false"
000155837025001888,EX-21,"https://www.sec.gov/Archives/edgar/data/1167419/000155837025001888/riot-20241231xex21.htm",Failed,"FAILED","","0","","","","","false"
000162828025009438,EX-21,"https://www.sec.gov/Archives/edgar/data/1169770/000162828025009438/a12312410-kexhibit211.htm",Failed,"FAILED","","0","","","","","false"
000143774925005715,EX-21,"https://www.sec.gov/Archives/edgar/data/1171486/000143774925005715/ex/728390.htm",Failed,"FAILED","","0","","","","","false"
000117175925000012,EX-21,"https://www.sec.gov/Archives/edgar/data/1171759/000117175925000012/rrgb-20241229xex211.htm",Failed,"FAILED","","0","","","","","false"
000117205225000006,EX-21,"https://www.sec.gov/Archives/edgar/data/1172052/000117205225000006/saft-20241231xex21.htm",Failed,"FAILED","","0","","","","","false"
000143774925004616,EX-21,"https://www.sec.gov/Archives/edgar/data/1172358/000143774925004616/ex/700995.htm",Failed,"FAILED","","0","","","","","false"
000095017025091741,EX-21,"https://www.sec.gov/Archives/edgar/data/1173204/000095017025091741/cnvs-ex21/1.htm",Failed,"FAILED","","0","","","","","false"
000117492225000039,EX-21,"https://www.sec.gov/Archives/edgar/data/1174922/000117492225000039/ex211-subsidiariesofwrlx20.htm",Failed,"FAILED","","0","","","","","false"
000101376225003450,EX-21,"https://www.sec.gov/Archives/edgar/data/1176309/000101376225003450/ea023439401ex21-1/oramed.htm",Failed,"FAILED","","0","","","","","false"
000117760925000009,EX-21,"https://www.sec.gov/Archives/edgar/data/1177609/000117760925000009/form2024/fiveex211sublist.htm",Failed,"FAILED","","0","","","","","false"
000117887925000003,EX-21,"https://www.sec.gov/Archives/edgar/data/1178879/000117887925000003/exhibit21/2024.htm",Failed,"FAILED","","0","","","","","false"
000118534825000006,EX-21,"https://www.sec.gov/Archives/edgar/data/1185348/000118534825000006/a202410-kexhibit211.htm",Failed,"FAILED","","0","","","","","false"
000147793225001736,EX-21,"https://www.sec.gov/Archives/edgar/data/1187953/000147793225001736/celz/ex211.htm",Failed,"FAILED","","0","","","","","false"
000143774925009350,EX-21,"https://www.sec.gov/Archives/edgar/data/1213809/000143774925009350/ex/727228.htm",Failed,"FAILED","","0","","","","","false"
000121390025031890,EX-21,"https://www.sec.gov/Archives/edgar/data/12239/000121390025031890/ea023760801ex21-1/domin.htm",Failed,"FAILED","","0","","","","","false"
000123258225000055,EX-21,"https://www.sec.gov/Archives/edgar/data/1232582/000123258225000055/aht2024q410-kxex211.htm",Failed,"FAILED","","0","","","","","false"
000123400625000003,EX-21,"https://www.sec.gov/Archives/edgar/data/1234006/000123400625000003/ex2112312024.htm",Failed,"FAILED","","0","","","","","false"
000162828025009626,EX-21,"https://www.sec.gov/Archives/edgar/data/1236275/000162828025009626/qxo-20241231xexx211.htm",Failed,"FAILED","","0","","","","","false"
000125469925000014,EX-21,"https://www.sec.gov/Archives/edgar/data/1254699/000125469925000014/qvc/exhibit211x123124.htm",Failed,"FAILED","","0","","","","","false"
000125860225000014,EX-21,"https://www.sec.gov/Archives/edgar/data/1258602/000125860225000014/nni-12312024xex/211.htm",Failed,"FAILED","","0","","","","","false"
000164117225005644,EX-21,"https://www.sec.gov/Archives/edgar/data/1263364/000164117225005644/ex21-1.htm",Failed,"FAILED","","0","","","","","false"
000149315225010870,EX-21,"https://www.sec.gov/Archives/edgar/data/1269026/000149315225010870/ex21-1.htm",Failed,"FAILED","","0","","","","","false"
000127381325000011,EX-21,"https://www.sec.gov/Archives/edgar/data/1273813/000127381325000011/ago-12312024x10kex211.htm",Failed,"FAILED","","0","","","","","false"
000143774925005488,EX-21,"https://www.sec.gov/Archives/edgar/data/1274173/000143774925005488/ex/726554.htm",Failed,"FAILED","","0","","","","","false"
000162828025007865,EX-21,"https://www.sec.gov/Archives/edgar/data/1275014/000162828025007865/uctt-20241227xexx211.htm",Failed,"FAILED","","0","","","","","false"
000127516825000038,EX-21,"https://www.sec.gov/Archives/edgar/data/1275168/000127516825000038/a202410kex-211.htm",Failed,"FAILED","","0","","","","","false"
000143774925006605,EX-21,"https://www.sec.gov/Archives/edgar/data/1275477/000143774925006605/ex/703286.htm",Failed,"FAILED","","0","","","","","false"
000127618725000018,EX-21,"https://www.sec.gov/Archives/edgar/data/1276187/000127618725000018/et12312024ex211.htm",Failed,"FAILED","","0","","","","","false"
000119312525041860,EX-21,"https://www.sec.gov/Archives/edgar/data/1276520/000119312525041860/d869080dex21.htm",Failed,"FAILED","","0","","","","","false"
000128005825000010,EX-21,"https://www.sec.gov/Archives/edgar/data/1280058/000128005825000010/blkb202410-kexx211.htm",Failed,"FAILED","","0","","","","","false"
000143774925005903,EX-21,"https://www.sec.gov/Archives/edgar/data/1280452/000143774925005903/ex/728187.htm",Failed,"FAILED","","0","","","","","false"
000128176125000010,EX-21,"https://www.sec.gov/Archives/edgar/data/1281761/000128176125000010/rf-20241231exx21.htm",Failed,"FAILED","","0","","","","","false"
000107997325000490,EX-21,"https://www.sec.gov/Archives/edgar/data/1282224/000107997325000490/ex21x1.htm",Failed,"FAILED","","0","","","","","false"
000128613925000044,EX-21,"https://www.sec.gov/Archives/edgar/data/1286139/000128613925000044/ex211lz-2024123110xk.htm",Failed,"FAILED","","0","","","","","false"
000095017025025223,EX-21,"https://www.sec.gov/Archives/edgar/data/1286681/000095017025025223/dpz-ex21/1.htm",Failed,"FAILED","","0","","","","","false"
000143774925005050,EX-21,"https://www.sec.gov/Archives/edgar/data/1287213/000143774925005050/ex/701696.htm",Failed,"FAILED","","0","","","","","false"
000128930825000017,EX-21,"https://www.sec.gov/Archives/edgar/data/1289308/000128930825000017/exhibit211/4qxfy25.htm",Failed,"FAILED","","0","","","","","false"
000143774925006480,EX-21,"https://www.sec.gov/Archives/edgar/data/1290677/000143774925006480/ex/733043.htm",Failed,"FAILED","","0","","","","","false"
000155837025001297,EX-21,"https://www.sec.gov/Archives/edgar/data/1295810/000155837025001297/sho-20241231xex21d1.htm",Failed,"FAILED","","0","","","","","false"
000129594725000017,EX-21,"https://www.sec.gov/Archives/edgar/data/1295947/000129594725000017/exhibit211directindirectsu.htm",Failed,"FAILED","","0","","","","","false"
000121390025093967,EX-21,"https://www.sec.gov/Archives/edgar/data/1297341/000121390025093967/ea025834401ex21/kentucky.htm",Failed,"FAILED","","0","","","","","false"
000149315225027496,EX-21,"https://www.sec.gov/Archives/edgar/data/1297937/000149315225027496/ex21-1.htm",Failed,"FAILED","","0","","","","","false"
000130178725000012,EX-21,"https://www.sec.gov/Archives/edgar/data/1301787/000130178725000012/exhibit211subsidiariesofbl.htm",Failed,"FAILED","","0","","","","","false"
000143774925009832,EX-21,"https://www.sec.gov/Archives/edgar/data/1307579/000143774925009832/ex/762129.htm",Failed,"FAILED","","0","","","","","false"
000141057825000476,EX-21,"https://www.sec.gov/Archives/edgar/data/1310383/000141057825000476/shcr-20241231xex21d1.htm",Failed,"FAILED","","0","","","","","false"
000095017025023953,EX-21,"https://www.sec.gov/Archives/edgar/data/1316835/000095017025023953/bldr-ex21/1.htm",Failed,"FAILED","","0","","","","","false"
000155837025000893,EX-21,"https://www.sec.gov/Archives/edgar/data/1318220/000155837025000893/wcn-20241231xex21d1.htm",Failed,"FAILED","","0","","","","","false"
000095017025037977,EX-21,"https://www.sec.gov/Archives/edgar/data/1320854/000095017025037977/rail-ex21.htm",Failed,"FAILED","","0","","","","","false"
000132174125000010,EX-21,"https://www.sec.gov/Archives/edgar/data/1321741/000132174125000010/gain-20250331xexx21.htm",Failed,"FAILED","","0","","","","","false"
000132388525000009,EX-21,"https://www.sec.gov/Archives/edgar/data/1323885/000132388525000009/exhibit21-subsidiariesofth.htm",Failed,"FAILED","","0","","","","","false"
000121390025044893,EX-21,"https://www.sec.gov/Archives/edgar/data/1324948/000121390025044893/ea024166701ex21/rbcbear.htm",Failed,"FAILED","","0","","","","","false"
000162828025014731,EX-21,"https://www.sec.gov/Archives/edgar/data/1326380/000162828025014731/exhibit21132425.htm",Failed,"FAILED","","0","","","","","false"
000132680125000017,EX-21,"https://www.sec.gov/Archives/edgar/data/1326801/000132680125000017/meta-12312024x10kexhibit211.htm",Failed,"FAILED","","0","","","","","false"
000132731825000006,EX-21,"https://www.sec.gov/Archives/edgar/data/1327318/000132731825000006/ex211to202410-k.htm",Failed,"FAILED","","0","","","","","false"
000132858125000010,EX-21,"https://www.sec.gov/Archives/edgar/data/1328581/000132858125000010/bcc10k12312024ex211.htm",Failed,"FAILED","","0","","","","","false"
000133525825000028,EX-21,"https://www.sec.gov/Archives/edgar/data/1335258/000133525825000028/lyv-20241231xex211subsidia.htm",Failed,"FAILED","","0","","","","","false"
000143774925010192,EX-21,"https://www.sec.gov/Archives/edgar/data/1337298/000143774925010192/ex/727640.htm",Failed,"FAILED","","0","","","","","false"
000106299325006510,EX-21,"https://www.sec.gov/Archives/edgar/data/1339688/000106299325006510/exhibit21-1.htm",Failed,"FAILED","","0","","","","","false"
000095017025039548,EX-21,"https://www.sec.gov/Archives/edgar/data/1341318/000095017025039548/lsbk-ex21/1.htm",Failed,"FAILED","","0","","","","","false"
000134501625000007,EX-21,"https://www.sec.gov/Archives/edgar/data/1345016/000134501625000007/yelp12312024ex211subsidiar.htm",Failed,"FAILED","","0","","","","","false"
000143774925003081,EX-21,"https://www.sec.gov/Archives/edgar/data/1354866/000143774925003081/ex/724596.htm",Failed,"FAILED","","0","","","","","false"
000155837025001837,EX-21,"https://www.sec.gov/Archives/edgar/data/1355096/000155837025001837/qvcga-20241231xex21.htm",Failed,"FAILED","","0","","","","","false"
000135609025000007,EX-21,"https://www.sec.gov/Archives/edgar/data/1356090/000135609025000007/pgen-20241231xexx211.htm",Failed,"FAILED","","0","","","","","false"
000095017025044775,EX-21,"https://www.sec.gov/Archives/edgar/data/1357874/000095017025044775/dtil-ex21/1.htm",Failed,"FAILED","","0","","","","","false"
000149315225007682,EX-21,"https://www.sec.gov/Archives/edgar/data/1360565/000149315225007682/ex21-1.htm",Failed,"FAILED","","0","","","","","false"
000162828025009088,EX-21,"https://www.sec.gov/Archives/edgar/data/1364885/000162828025009088/spr/20241231-ex211.htm",Failed,"FAILED","","0","","","","","false"
000114036125009257,EX-21,"https://www.sec.gov/Archives/edgar/data/1368514/000114036125009257/ef20038923/ex21-1.htm",Failed,"FAILED","","0","","","","","false"
000095017025042607,EX-21,"https://www.sec.gov/Archives/edgar/data/1368757/000095017025042607/gttj-ex21/1.htm",Failed,"FAILED","","0","","","","","false"
000155837025004728,EX-21,"https://www.sec.gov/Archives/edgar/data/1375205/000155837025004728/urg-20241231xex21d1.htm",Failed,"FAILED","","0","","","","","false"
000137536525000004,EX-21,"https://www.sec.gov/Archives/edgar/data/1375365/000137536525000004/smci-ex211/2024630xxex211s.htm",Failed,"FAILED","","0","","","","","false"
000137536525000027,EX-21,"https://www.sec.gov/Archives/edgar/data/1375365/000137536525000027/smci-ex211/2025630xxex211s.htm",Failed,"FAILED","","0","","","","","false"
000117184325002214,EX-21,"https://www.sec.gov/Archives/edgar/data/1376321/000117184325002214/ex/795689.htm",Failed,"FAILED","","0","","","","","false"
000143774925010329,EX-21,"https://www.sec.gov/Archives/edgar/data/1377149/000143774925010329/ex/704083.htm",Failed,"FAILED","","0","","","","","false"
000095017025034706,EX-21,"https://www.sec.gov/Archives/edgar/data/1377630/000095017025034706/ncmi-ex21/1.htm",Failed,"FAILED","","0","","","","","false"
000143774925038337,EX-21,"https://www.sec.gov/Archives/edgar/data/1378590/000143774925038337/ex/779124.htm",Failed,"FAILED","","0","","","","","false"
000137978525000010,EX-21,"https://www.sec.gov/Archives/edgar/data/1379785/000137978525000010/ex211listofsubsidiaries202.htm",Failed,"FAILED","","0","","","","","false"
000095017025028984,EX-21,"https://www.sec.gov/Archives/edgar/data/1381531/000095017025028984/ck0001381531-ex21.htm",Failed,"FAILED","","0","","","","","false"
000164117225000657,EX-21,"https://www.sec.gov/Archives/edgar/data/1382574/000164117225000657/ex21-1.htm",Failed,"FAILED","","0","","","","","false"
000095017025022756,EX-21,"https://www.sec.gov/Archives/edgar/data/1385280/000095017025022756/cnk-ex21/1.htm",Failed,"FAILED","","0","","","","","false"
000138584925000004,EX-21,"https://www.sec.gov/Archives/edgar/data/1385849/000138584925000004/efr12312024-ex211.htm",Failed,"FAILED","","0","","","","","false"
000110465925091644,EX-21,"https://www.sec.gov/Archives/edgar/data/1386301/000110465925091644/rsss-20250630xex21.htm",Failed,"FAILED","","0","","","","","false"
000143774925010730,EX-21,"https://www.sec.gov/Archives/edgar/data/1389545/000143774925010730/ex/794259.htm",Failed,"FAILED","","0","","","","","false"
000139077725000046,EX-21,"https://www.sec.gov/Archives/edgar/data/1390777/000139077725000046/form10-k/ex211x4q24.htm",Failed,"FAILED","","0","","","","","false"
000190359625000196,EX-21,"https://www.sec.gov/Archives/edgar/data/1391426/000190359625000196/ex21/1.htm",Failed,"FAILED","","0","","","","","false"
000139305225000022,EX-21,"https://www.sec.gov/Archives/edgar/data/1393052/000139305225000022/veev-20250131xexx211.htm",Failed,"FAILED","","0","","","","","false"
000155837025002000,EX-21,"https://www.sec.gov/Archives/edgar/data/1393434/000155837025002000/ocul-20241231xex21d1.htm",Failed,"FAILED","","0","","","","","false"
000173112225000289,EX-21,"https://www.sec.gov/Archives/edgar/data/1394638/000173112225000289/e6280/ex21.htm",Failed,"FAILED","","0","","","","","false"
000139600925000005,EX-21,"https://www.sec.gov/Archives/edgar/data/1396009/000139600925000005/a2024ex21.htm",Failed,"FAILED","","0","","","","","false"
000107997325000555,EX-21,"https://www.sec.gov/Archives/edgar/data/1396536/000107997325000555/ex21.htm",Failed,"FAILED","","0","","","","","false"
000139681425000041,EX-21,"https://www.sec.gov/Archives/edgar/data/1396814/000139681425000041/pcrx-12312024xex211.htm",Failed,"FAILED","","0","","","","","false"
000139718725000013,EX-21,"https://www.sec.gov/Archives/edgar/data/1397187/000139718725000013/lulu-20250202xex211.htm",Failed,"FAILED","","0","","","","","false"
000139898725000020,EX-21,"https://www.sec.gov/Archives/edgar/data/1398987/000139898725000020/exh211anywhererealestatein.htm",Failed,"FAILED","","0","","","","","false"
000155837025002590,EX-21,"https://www.sec.gov/Archives/edgar/data/1399520/000155837025002590/stks-20241231xex21d1.htm",Failed,"FAILED","","0","","","","","false"
000140152125000032,EX-21,"https://www.sec.gov/Archives/edgar/data/1401521/000140152125000032/exh21131dec24.htm",Failed,"FAILED","","0","","","","","false"
000140282925000005,EX-21,"https://www.sec.gov/Archives/edgar/data/1402829/000140282925000005/orn-20241231xex21d1.htm",Failed,"FAILED","","0","","","","","false"
000121390025033608,EX-21,"https://www.sec.gov/Archives/edgar/data/1409197/000121390025033608/ea0233625ex21-1/bespoke.htm",Failed,"FAILED","","0","","","","","false"
000162828025006426,EX-21,"https://www.sec.gov/Archives/edgar/data/1409493/000162828025006426/cim-123124exhibit211.htm",Failed,"FAILED","","0","","","","","false"
000141157925000042,EX-21,"https://www.sec.gov/Archives/edgar/data/1411579/000141157925000042/amc-20241231xex21.htm",Failed,"FAILED","","0","","","","","false"
000141168525000041,EX-21,"https://www.sec.gov/Archives/edgar/data/1411685/000141168525000041/vtgnex211.htm",Failed,"FAILED","","0","","","","","false"
000141169025000037,EX-21,"https://www.sec.gov/Archives/edgar/data/1411690/000141169025000037/bngo-ex211x20241231listofs.htm",Failed,"FAILED","","0","","","","","false"
000141240825000010,EX-21,"https://www.sec.gov/Archives/edgar/data/1412408/000141240825000010/phrfy2025-exhibit211.htm",Failed,"FAILED","","0","","","","","false"
000155837025003293,EX-21,"https://www.sec.gov/Archives/edgar/data/1412502/000155837025003293/sret-20241231xex21d1.htm",Failed,"FAILED","","0","","","","","false"
000141344725000019,EX-21,"https://www.sec.gov/Archives/edgar/data/1413447/000141344725000019/a211listofsubsidiaries20.htm",Failed,"FAILED","","0","","","","","false"
000164117225004752,EX-21,"https://www.sec.gov/Archives/edgar/data/1416876/000164117225004752/ex21.htm",Failed,"FAILED","","0","","","","","false"
000141057825000439,EX-21,"https://www.sec.gov/Archives/edgar/data/1417892/000141057825000439/tmb-20241231xex21d1.htm",Failed,"FAILED","","0","","","","","false"
000164117225006726,EX-21,"https://www.sec.gov/Archives/edgar/data/1417926/000164117225006726/ex21-1.htm",Failed,"FAILED","","0","","","","","false"
000095017025026605,EX-21,"https://www.sec.gov/Archives/edgar/data/1418076/000095017025026605/ck0001418076-ex21/1.htm",Failed,"FAILED","","0","","","","","false"
000095017025025638,EX-21,"https://www.sec.gov/Archives/edgar/data/1418121/000095017025025638/aple-ex21/1.htm",Failed,"FAILED","","0","","","","","false"
000118518525000244,EX-21,"https://www.sec.gov/Archives/edgar/data/1419275/000118518525000244/rvylex21-1.htm",Failed,"FAILED","","0","","","","","false"
000149315225008383,EX-21,"https://www.sec.gov/Archives/edgar/data/1419554/000149315225008383/ex21-1.htm",Failed,"FAILED","","0","","","","","false"
000142390225000033,EX-21,"https://www.sec.gov/Archives/edgar/data/1423902/000142390225000033/wes202410-kxex211.htm",Failed,"FAILED","","0","","","","","false"
000121390025112675,EX-21,"https://www.sec.gov/Archives/edgar/data/1424657/000121390025112675/ea026219501ex21-1/cuentas.htm",Failed,"FAILED","","0","","","","","false"
000155837025001834,EX-21,"https://www.sec.gov/Archives/edgar/data/1425205/000155837025001834/iova-20241231xex21d1.htm",Failed,"FAILED","","0","","","","","false"
000142528725000024,EX-21,"https://www.sec.gov/Archives/edgar/data/1425287/000142528725000024/wkhs-20231231x10kxex211.htm",Failed,"FAILED","","0","","","","","false"
000155837025004477,EX-21,"https://www.sec.gov/Archives/edgar/data/1427570/000155837025004477/rsls-20241231xex21d1.htm",Failed,"FAILED","","0","","","","","false"
000142833625000009,EX-21,"https://www.sec.gov/Archives/edgar/data/1428336/000142833625000009/exhibit2112.htm",Failed,"FAILED","","0","","","","","false"
000155837025004160,EX-21,"https://www.sec.gov/Archives/edgar/data/1429260/000155837025004160/fbio-20241231xex21d1.htm",Failed,"FAILED","","0","","","","","false"
000164117225003286,EX-21,"https://www.sec.gov/Archives/edgar/data/1429764/000164117225003286/ex21-1.htm",Failed,"FAILED","","0","","","","","false"
000168316825006872,EX-21,"https://www.sec.gov/Archives/edgar/data/1434601/000168316825006872/marquie/ex2101.htm",Failed,"FAILED","","0","","","","","false"
000143472825000079,EX-21,"https://www.sec.gov/Archives/edgar/data/1434728/000143472825000079/ex2112024q4-2024.htm",Failed,"FAILED","","0","","","","","false"
000110465925120690,EX-21,"https://www.sec.gov/Archives/edgar/data/1435508/000110465925120690/fsfg-20250930xex21d0.htm",Failed,"FAILED","","0","","","","","false"
000119312525054447,EX-21,"https://www.sec.gov/Archives/edgar/data/1437226/000119312525054447/d818212dex211.htm",Failed,"FAILED","","0","","","","","false"
000143853325000010,EX-21,"https://www.sec.gov/Archives/edgar/data/1438533/000143853325000010/ex211-1231202410k.htm",Failed,"FAILED","","0","","","","","false"
000143774925007707,EX-21,"https://www.sec.gov/Archives/edgar/data/1439095/000143774925007707/ex/735242.htm",Failed,"FAILED","","0","","","","","false"
000144438025000024,EX-21,"https://www.sec.gov/Archives/edgar/data/1444380/000144438025000024/nvroex21/1.htm",Failed,"FAILED","","0","","","","","false"
000155837025004072,EX-21,"https://www.sec.gov/Archives/edgar/data/1446847/000155837025004072/irwd-20241231xex21d1.htm",Failed,"FAILED","","0","","","","","false"
000121390025025576,EX-21,"https://www.sec.gov/Archives/edgar/data/1448431/000121390025025576/ea023467001ex21-1/optimize.htm",Failed,"FAILED","","0","","","","","false"
000144979425000002,EX-21,"https://www.sec.gov/Archives/edgar/data/1449794/000144979425000002/emyb-20241231xex21/1.htm",Failed,"FAILED","","0","","","","","false"
000182912625002687,EX-21,"https://www.sec.gov/Archives/edgar/data/1450704/000182912625002687/vivakor/ex21-1.htm",Failed,"FAILED","","0","","","","","false"
000145285725000010,EX-21,"https://www.sec.gov/Archives/edgar/data/1452857/000145285725000010/ex211-scheduleofsubsidiari.htm",Failed,"FAILED","","0","","","","","false"
000145293625000013,EX-21,"https://www.sec.gov/Archives/edgar/data/1452936/000145293625000013/exhibit211subsidiariesof.htm",Failed,"FAILED","","0","","","","","false"
000155837025003341,EX-21,"https://www.sec.gov/Archives/edgar/data/1455365/000155837025003341/cgtx-20241231xex21d1.htm",Failed,"FAILED","","0","","","","","false"
000164117225017212,EX-21,"https://www.sec.gov/Archives/edgar/data/1460702/000164117225017212/ex21-1.htm",Failed,"FAILED","","0","","","","","false"
000146212025000018,EX-21,"https://www.sec.gov/Archives/edgar/data/1462120/000146212025000018/lob-20241231xexx211.htm",Failed,"FAILED","","0","","","","","false"
000182912625002538,EX-21,"https://www.sec.gov/Archives/edgar/data/1467761/000182912625002538/fieeinc/ex21-1.htm",Failed,"FAILED","","0","","","","","false"
000146936725000039,EX-21,"https://www.sec.gov/Archives/edgar/data/1469367/000146936725000039/ex211-2024subsidiariesofth.htm",Failed,"FAILED","","0","","","","","false"
000147126525000016,EX-21,"https://www.sec.gov/Archives/edgar/data/1471265/000147126525000016/exhibit21.htm",Failed,"FAILED","","0","","","","","false"
000164117225001558,EX-21,"https://www.sec.gov/Archives/edgar/data/1471727/000164117225001558/ex21-1.htm",Failed,"FAILED","","0","","","","","false"
000147684025000018,EX-21,"https://www.sec.gov/Archives/edgar/data/1476840/000147684025000018/exhibit211-10xk2024.htm",Failed,"FAILED","","0","","","","","false"
000148179225000010,EX-21,"https://www.sec.gov/Archives/edgar/data/1481792/000148179225000010/exhibit21q42024.htm",Failed,"FAILED","","0","","","","","false"
000148243025000021,EX-21,"https://www.sec.gov/Archives/edgar/data/1482430/000148243025000021/kbsriiiq42024exhibit211.htm",Failed,"FAILED","","0","","","","","false"
000106594925000042,EX-21,"https://www.sec.gov/Archives/edgar/data/1483646/000106594925000042/ex21.htm",Failed,"FAILED","","0","","","","","false"
000143774925006114,EX-21,"https://www.sec.gov/Archives/edgar/data/1487428/000143774925006114/ex/743553.htm",Failed,"FAILED","","0","","","","","false"
000148791825000009,EX-21,"https://www.sec.gov/Archives/edgar/data/1487918/000148791825000009/ofscc202410-kexhibit211.htm",Failed,"FAILED","","0","","","","","false"
000148795225000014,EX-21,"https://www.sec.gov/Archives/edgar/data/1487952/000148795225000014/vpg-20241231x10kxex2111.htm",Failed,"FAILED","","0","","","","","false"
000095017025044099,EX-21,"https://www.sec.gov/Archives/edgar/data/1488039/000095017025044099/atos-ex21/1.htm",Failed,"FAILED","","0","","","","","false"
000148881325000013,EX-21,"https://www.sec.gov/Archives/edgar/data/1488813/000148881325000013/cubi-12312024xex211.htm",Failed,"FAILED","","0","","","","","false"
000148909625000071,EX-21,"https://www.sec.gov/Archives/edgar/data/1489096/000148909625000071/tghexhibit21133125.htm",Failed,"FAILED","","0","","","","","false"
000149269125000013,EX-21,"https://www.sec.gov/Archives/edgar/data/1492691/000149269125000013/knx-ex21112312024.htm",Failed,"FAILED","","0","","","","","false"
000095017025024181,EX-21,"https://www.sec.gov/Archives/edgar/data/1494259/000095017025024181/carg-ex21/1.htm",Failed,"FAILED","","0","","","","","false"
000149523125000050,EX-21,"https://www.sec.gov/Archives/edgar/data/1495231/000149523125000050/exhibit211subsidiaries2024.htm",Failed,"FAILED","","0","","","","","false"
000149524025000005,EX-21,"https://www.sec.gov/Archives/edgar/data/1495240/000149524025000005/ex21/123124.htm",Failed,"FAILED","","0","","","","","false"
000147793225006767,EX-21,"https://www.sec.gov/Archives/edgar/data/1495648/000147793225006767/bdcc/ex21.htm",Failed,"FAILED","","0","","","","","false"
000149645425000005,EX-21,"https://www.sec.gov/Archives/edgar/data/1496454/000149645425000005/chp-12312024xex211.htm",Failed,"FAILED","","0","","","","","false"
000095017025082312,EX-21,"https://www.sec.gov/Archives/edgar/data/1497253/000095017025082312/vivs-ex21/1.htm",Failed,"FAILED","","0","","","","","false"
000149871025000008,EX-21,"https://www.sec.gov/Archives/edgar/data/1498710/000149871025000008/save-ex211x20241231x10k.htm",Failed,"FAILED","","0","","","","","false"
000150400825000005,EX-21,"https://www.sec.gov/Archives/edgar/data/1504008/000150400825000005/a20241231ex211.htm",Failed,"FAILED","","0","","","","","false"
000150515525000024,EX-21,"https://www.sec.gov/Archives/edgar/data/1505155/000150515525000024/q424exhibit211/listofsubs.htm",Failed,"FAILED","","0","","","","","false"
000150021725000007,EX-21,"https://www.sec.gov/Archives/edgar/data/1509570/000150021725000007/aat-ex211xq42024xlistofsub.htm",Failed,"FAILED","","0","","","","","false"
000150958925000009,EX-21,"https://www.sec.gov/Archives/edgar/data/1509589/000150958925000009/ex21112312024subsidiaries.htm",Failed,"FAILED","","0","","","","","false"
000151441625000024,EX-21,"https://www.sec.gov/Archives/edgar/data/1514416/000151441625000024/q42024exh211listofsubsidia.htm",Failed,"FAILED","","0","","","","","false"
000095017025027196,EX-21,"https://www.sec.gov/Archives/edgar/data/1517228/000095017025027196/comm-ex21/1.htm",Failed,"FAILED","","0","","","","","false"
000151944925000011,EX-21,"https://www.sec.gov/Archives/edgar/data/1519449/000151944925000011/exhibit211organizationchar.htm",Failed,"FAILED","","0","","","","","false"
000095017025027715,EX-21,"https://www.sec.gov/Archives/edgar/data/1521951/000095017025027715/fbiz-ex21.htm",Failed,"FAILED","","0","","","","","false"
000152272725000010,EX-21,"https://www.sec.gov/Archives/edgar/data/1522727/000152272725000010/usac202410-kex211.htm",Failed,"FAILED","","0","","","","","false"
000155837025003372,EX-21,"https://www.sec.gov/Archives/edgar/data/1526119/000155837025003372/vstm-20241231xex21d1.htm",Failed,"FAILED","","0","","","","","false"
000095017025026104,EX-21,"https://www.sec.gov/Archives/edgar/data/1527508/000095017025026104/ptve-ex21/1.htm",Failed,"FAILED","","0","","","","","false"
000152754125000038,EX-21,"https://www.sec.gov/Archives/edgar/data/1527541/000152754125000038/ex211q42024.htm",Failed,"FAILED","","0","","","","","false"
000155837025002527,EX-21,"https://www.sec.gov/Archives/edgar/data/1533998/000155837025002527/drio-20241231xex21d1.htm",Failed,"FAILED","","0","","","","","false"
000121390025023697,EX-21,"https://www.sec.gov/Archives/edgar/data/1534154/000121390025023697/ea023186001ex21-1/authid.htm",Failed,"FAILED","","0","","","","","false"
000149315225010146,EX-21,"https://www.sec.gov/Archives/edgar/data/1535955/000149315225010146/ex21-1.htm",Failed,"FAILED","","0","","","","","false"
000154140125000003,EX-21,"https://www.sec.gov/Archives/edgar/data/1541401/000154140125000003/exhibit211listofsubsidiari.htm",Failed,"FAILED","","0","","","","","false"
000154244725000019,EX-21,"https://www.sec.gov/Archives/edgar/data/1542447/000154244725000019/exhibit211/subsidiariesfeb.htm",Failed,"FAILED","","0","","","","","false"
000154315125000008,EX-21,"https://www.sec.gov/Archives/edgar/data/1543151/000154315125000008/uber12312024exhibit211.htm",Failed,"FAILED","","0","","","","","false"
000155115225000020,EX-21,"https://www.sec.gov/Archives/edgar/data/1551152/000155115225000020/abbv-20241231xex21.htm",Failed,"FAILED","","0","","","","","false"
000155227525000019,EX-21,"https://www.sec.gov/Archives/edgar/data/1552275/000155227525000019/sun-12312024xexx211sunlist.htm",Failed,"FAILED","","0","","","","","false"
000155280025000003,EX-21,"https://www.sec.gov/Archives/edgar/data/1552800/000155280025000003/ttsh-20241231xex21/1.htm",Failed,"FAILED","","0","","","","","false"
000155307925000005,EX-21,"https://www.sec.gov/Archives/edgar/data/1553079/000155307925000005/exhibit211listofsubsidiari.htm",Failed,"FAILED","","0","","","","","false"
000182912625000536,EX-21,"https://www.sec.gov/Archives/edgar/data/1557376/000182912625000536/zeoscientifix/ex21-1.htm",Failed,"FAILED","","0","","","","","false"
000156032725000021,EX-21,"https://www.sec.gov/Archives/edgar/data/1560327/000156032725000021/rpd2024211.htm",Failed,"FAILED","","0","","","","","false"
000155837025001830,EX-21,"https://www.sec.gov/Archives/edgar/data/1560385/000155837025001830/lmca-20241231xex21.htm",Failed,"FAILED","","0","","","","","false"
000001561525000021,EX-21,"https://www.sec.gov/Archives/edgar/data/15615/000001561525000021/mtz12312410-kex211.htm",Failed,"FAILED","","0","","","","","false"
000156341125000005,EX-21,"https://www.sec.gov/Archives/edgar/data/1563411/000156341125000005/exhibit211/2024listofsub.htm",Failed,"FAILED","","0","","","","","false"
000143774925010213,EX-21,"https://www.sec.gov/Archives/edgar/data/1563665/000143774925010213/ex/752610.htm",Failed,"FAILED","","0","","","","","false"
000119312525184080,EX-21,"https://www.sec.gov/Archives/edgar/data/1565687/000119312525184080/inta-ex21/1.htm",Failed,"FAILED","","0","","","","","false"
000162828025010908,EX-21,"https://www.sec.gov/Archives/edgar/data/1566044/000162828025010908/exhibit211-subsidiaries.htm",Failed,"FAILED","","0","","","","","false"
000143774925008773,EX-21,"https://www.sec.gov/Archives/edgar/data/1567900/000143774925008773/ex/792383.htm",Failed,"FAILED","","0","","","","","false"
000164117225004834,EX-21,"https://www.sec.gov/Archives/edgar/data/1568969/000164117225004834/ex21.htm",Failed,"FAILED","","0","","","","","false"
000095017025038761,EX-21,"https://www.sec.gov/Archives/edgar/data/1571329/000095017025038761/lrfc-ex21/1.htm",Failed,"FAILED","","0","","","","","false"
000157408525000024,EX-21,"https://www.sec.gov/Archives/edgar/data/1574085/000157408525000024/bhr2024q410-kxex211.htm",Failed,"FAILED","","0","","","","","false"
000095017025062847,EX-21,"https://www.sec.gov/Archives/edgar/data/1579157/000095017025062847/vnce-ex21/1.htm",Failed,"FAILED","","0","","","","","false"
000164117225003678,EX-21,"https://www.sec.gov/Archives/edgar/data/1580490/000164117225003678/ex21-1.htm",Failed,"FAILED","","0","","","","","false"
000158067025000016,EX-21,"https://www.sec.gov/Archives/edgar/data/1580670/000158067025000016/a123124ex211.htm",Failed,"FAILED","","0","","","","","false"
000158080825000043,EX-21,"https://www.sec.gov/Archives/edgar/data/1580808/000158080825000043/listofsubsidiaries.htm",Failed,"FAILED","","0","","","","","false"
000158128025000025,EX-21,"https://www.sec.gov/Archives/edgar/data/1581280/000158128025000025/twst-fy25ex211subsidiaries.htm",Failed,"FAILED","","0","","","","","false"
000118518525000180,EX-21,"https://www.sec.gov/Archives/edgar/data/1581552/000118518525000180/energy11ex21-1.htm",Failed,"FAILED","","0","","","","","false"
000095017025016287,EX-21,"https://www.sec.gov/Archives/edgar/data/1581776/000095017025016287/maa-ex21/1.htm",Failed,"FAILED","","0","","","","","false"
000149315225010217,EX-21,"https://www.sec.gov/Archives/edgar/data/1582982/000149315225010217/ex21-1.htm",Failed,"FAILED","","0","","","","","false"
000155837025002447,EX-21,"https://www.sec.gov/Archives/edgar/data/1583107/000155837025002447/tbph-20241231xex21d1.htm",Failed,"FAILED","","0","","","","","false"
000162828025034206,EX-21,"https://www.sec.gov/Archives/edgar/data/15847/000162828025034206/buks-20250430xexx21.htm",Failed,"FAILED","","0","","","","","false"
000164117225000736,EX-21,"https://www.sec.gov/Archives/edgar/data/1584831/000164117225000736/ex21-1.htm",Failed,"FAILED","","0","","","","","false"
000158752325000010,EX-21,"https://www.sec.gov/Archives/edgar/data/1587523/000158752325000010/a20241231exhibit211.htm",Failed,"FAILED","","0","","","","","false"
000158773225000013,EX-21,"https://www.sec.gov/Archives/edgar/data/1587732/000158773225000013/ogs10-k2024exhibit211.htm",Failed,"FAILED","","0","","","","","false"
000143774925009691,EX-21,"https://www.sec.gov/Archives/edgar/data/1589061/000143774925009691/ex/792880.htm",Failed,"FAILED","","0","","","","","false"
000158952625000100,EX-21,"https://www.sec.gov/Archives/edgar/data/1589526/000158952625000100/a10-k2025ex211subsidiaries.htm",Failed,"FAILED","","0","","","","","false"
000121390025077887,EX-21,"https://www.sec.gov/Archives/edgar/data/1590496/000121390025077887/ea025103101ex21-1/aerkomm.htm",Failed,"FAILED","","0","","","","","false"
000162828025005118,EX-21,"https://www.sec.gov/Archives/edgar/data/1590717/000162828025005118/ctre20241231ex211q4.htm",Failed,"FAILED","","0","","","","","false"
000159169825000087,EX-21,"https://www.sec.gov/Archives/edgar/data/1591698/000159169825000087/pcty-20250630xexx211.htm",Failed,"FAILED","","0","","","","","false"
000164117225001679,EX-21,"https://www.sec.gov/Archives/edgar/data/1591890/000164117225001679/ex21-1.htm",Failed,"FAILED","","0","","","","","false"
000168316825002614,EX-21,"https://www.sec.gov/Archives/edgar/data/1593184/000168316825002614/bioregenx/ex21.htm",Failed,"FAILED","","0","","","","","false"
000095017025023714,EX-21,"https://www.sec.gov/Archives/edgar/data/1593222/000095017025023714/cio-ex21/1.htm",Failed,"FAILED","","0","","","","","false"
000159327525000023,EX-21,"https://www.sec.gov/Archives/edgar/data/1593275/000159327525000023/sublistex21.htm",Failed,"FAILED","","0","","","","","false"
000168316825002612,EX-21,"https://www.sec.gov/Archives/edgar/data/1594968/000168316825002612/vestiage/ex2101.htm",Failed,"FAILED","","0","","","","","false"
000159597425000008,EX-21,"https://www.sec.gov/Archives/edgar/data/1595974/000159597425000008/exhibit211-listofsubsidiar.htm",Failed,"FAILED","","0","","","","","false"
000159703325000027,EX-21,"https://www.sec.gov/Archives/edgar/data/1597033/000159703325000027/exhibit211sabrecorporation.htm",Failed,"FAILED","","0","","","","","false"
000159866525000009,EX-21,"https://www.sec.gov/Archives/edgar/data/1598665/000159866525000009/subsex21.htm",Failed,"FAILED","","0","","","","","false"
000164117225012733,EX-21,"https://www.sec.gov/Archives/edgar/data/1603793/000164117225012733/ex21-1.htm",Failed,"FAILED","","0","","","","","false"
000160473825000004,EX-21,"https://www.sec.gov/Archives/edgar/data/1604738/000160473825000004/ainc2024q410-kxex21.htm",Failed,"FAILED","","0","","","","","false"
000160530125000008,EX-21,"https://www.sec.gov/Archives/edgar/data/1605301/000160530125000008/a20241231cbfv-ex21subsidia.htm",Failed,"FAILED","","0","","","","","false"
000160588825000006,EX-21,"https://www.sec.gov/Archives/edgar/data/1605888/000160588825000006/atln-ex21listingofsubsidia.htm",Failed,"FAILED","","0","","","","","false"
000162828025038739,EX-21,"https://www.sec.gov/Archives/edgar/data/16058/000162828025038739/caci20250630ex211.htm",Failed,"FAILED","","0","","","","","false"
000155837025001181,EX-21,"https://www.sec.gov/Archives/edgar/data/1606745/000155837025001181/ltrpa-20241231xex21.htm",Failed,"FAILED","","0","","","","","false"
000160675725000027,EX-21,"https://www.sec.gov/Archives/edgar/data/1606757/000160675725000027/a10kexhibit2106302025q410k.htm",Failed,"FAILED","","0","","","","","false"
000095017025027824,EX-21,"https://www.sec.gov/Archives/edgar/data/1607678/000095017025027824/vktx-ex21/1.htm",Failed,"FAILED","","0","","","","","false"
000160955025000011,EX-21,"https://www.sec.gov/Archives/edgar/data/1609550/000160955025000011/a202410kex21-1.htm",Failed,"FAILED","","0","","","","","false"
000160980425000007,EX-21,"https://www.sec.gov/Archives/edgar/data/1609804/000160980425000007/a2025-02x19ex211listofsubs.htm",Failed,"FAILED","","0","","","","","false"
000109690625002037,EX-21,"https://www.sec.gov/Archives/edgar/data/1610718/000109690625002037/odrs/ex21z1.htm",Failed,"FAILED","","0","","","","","false"
000149315225018212,EX-21,"https://www.sec.gov/Archives/edgar/data/1610820/000149315225018212/ex21-1.htm",Failed,"FAILED","","0","","","","","false"
000155837025001788,EX-21,"https://www.sec.gov/Archives/edgar/data/1611983/000155837025001788/lbrda-20241231xex21.htm",Failed,"FAILED","","0","","","","","false"
000199937125003519,EX-21,"https://www.sec.gov/Archives/edgar/data/1615222/000199937125003519/ex21-1.htm",Failed,"FAILED","","0","","","","","false"
000156276225000170,EX-21,"https://www.sec.gov/Archives/edgar/data/16160/000156276225000170/calm2024x10kex21.htm",Failed,"FAILED","","0","","","","","false"
000161686225000013,EX-21,"https://www.sec.gov/Archives/edgar/data/1616862/000161686225000013/exhibit211202410-kx122024.htm",Failed,"FAILED","","0","","","","","false"
000161875525000010,EX-21,"https://www.sec.gov/Archives/edgar/data/1618755/000161875525000010/qsp/20241231x10kxexhibit211.htm",Failed,"FAILED","","0","","","","","false"
000161875625000087,EX-21,"https://www.sec.gov/Archives/edgar/data/1618756/000161875625000087/ex211qsr/20241231x10k.htm",Failed,"FAILED","","0","","","","","false"
000164117225000188,EX-21,"https://www.sec.gov/Archives/edgar/data/1618835/000164117225000188/ex21-1.htm",Failed,"FAILED","","0","","","","","false"
000161985625000015,EX-21,"https://www.sec.gov/Archives/edgar/data/1619856/000161985625000015/ex211-listofsubsidiariesof.htm",Failed,"FAILED","","0","","","","","false"
000164033425000065,EX-21,"https://www.sec.gov/Archives/edgar/data/1620749/000164033425000065/pnht/ex211.htm",Failed,"FAILED","","0","","","","","false"
000163297025000018,EX-21,"https://www.sec.gov/Archives/edgar/data/1632970/000163297025000018/ex211-2024xq410xkahr.htm",Failed,"FAILED","","0","","","","","false"
000095017025023153,EX-21,"https://www.sec.gov/Archives/edgar/data/1633336/000095017025023153/ccap-ex21/1.htm",Failed,"FAILED","","0","","","","","false"
000163411725000038,EX-21,"https://www.sec.gov/Archives/edgar/data/1634117/000163411725000038/bned-ex211/20240427xq424.htm",Failed,"FAILED","","0","","","","","false"
000163642225000028,EX-21,"https://www.sec.gov/Archives/edgar/data/1636422/000163642225000028/ye2024-10xkex211xsubsidiar.htm",Failed,"FAILED","","0","","","","","false"
000121390025025286,EX-21,"https://www.sec.gov/Archives/edgar/data/1638911/000121390025025286/ea023301201ex21-1/duke.htm",Failed,"FAILED","","0","","","","","false"
000143774925010196,EX-21,"https://www.sec.gov/Archives/edgar/data/1644963/000143774925010196/ex/708055.htm",Failed,"FAILED","","0","","","","","false"
000164587325000027,EX-21,"https://www.sec.gov/Archives/edgar/data/1645873/000164587325000027/modivreit-20241231xex211xs.htm",Failed,"FAILED","","0","","","","","false"
000121390025022968,EX-21,"https://www.sec.gov/Archives/edgar/data/1646188/000121390025022968/ea023270201ex21/ondashold.htm",Failed,"FAILED","","0","","","","","false"
000164697225000052,EX-21,"https://www.sec.gov/Archives/edgar/data/1646972/000164697225000052/ex211-scheduleofsubsidiari.htm",Failed,"FAILED","","0","","","","","false"
000095017025027758,EX-21,"https://www.sec.gov/Archives/edgar/data/1653087/000095017025027758/alec-ex21/1.htm",Failed,"FAILED","","0","","","","","false"
000162828025014344,EX-21,"https://www.sec.gov/Archives/edgar/data/1653482/000162828025014344/gitlab-20250131xexx211fy25.htm",Failed,"FAILED","","0","","","","","false"
000165355825000039,EX-21,"https://www.sec.gov/Archives/edgar/data/1653558/000165355825000039/prioritytechnologies2024xe.htm",Failed,"FAILED","","0","","","","","false"
000165365325000004,EX-21,"https://www.sec.gov/Archives/edgar/data/1653653/000165365325000004/rrrex211-123124.htm",Failed,"FAILED","","0","","","","","false"
000155837025001807,EX-21,"https://www.sec.gov/Archives/edgar/data/1654595/000155837025001807/mdrr-20241231xex21d1.htm",Failed,"FAILED","","0","","","","","false"
000165494825000019,EX-21,"https://www.sec.gov/Archives/edgar/data/1654948/000165494825000019/exhibit211subsidiaries2022.htm",Failed,"FAILED","","0","","","","","false"
000095017025029152,EX-21,"https://www.sec.gov/Archives/edgar/data/1655050/000095017025029152/bcsf-ex21.htm",Failed,"FAILED","","0","","","","","false"
000165521025000034,EX-21,"https://www.sec.gov/Archives/edgar/data/1655210/000165521025000034/ex-211subsidiariesx2024.htm",Failed,"FAILED","","0","","","","","false"
000143774925009335,EX-21,"https://www.sec.gov/Archives/edgar/data/1657642/000143774925009335/ex/792510.htm",Failed,"FAILED","","0","","","","","false"
000166013425000049,EX-21,"https://www.sec.gov/Archives/edgar/data/1660134/000166013425000049/okta-1312025/ex211.htm",Failed,"FAILED","","0","","","","","false"
000166130625000013,EX-21,"https://www.sec.gov/Archives/edgar/data/1661306/000166130625000013/hpci202410-kexhibit211.htm",Failed,"FAILED","","0","","","","","false"
000162828025008747,EX-21,"https://www.sec.gov/Archives/edgar/data/1664703/000162828025008747/exhibit211listofsubsidiari.htm",Failed,"FAILED","","0","","","","","false"
000095017025047919,EX-21,"https://www.sec.gov/Archives/edgar/data/1665300/000095017025047919/phun-ex21/1.htm",Failed,"FAILED","","0","","","","","false"
000095017025047855,EX-21,"https://www.sec.gov/Archives/edgar/data/1666244/000095017025047855/cfit-ex21/1.htm",Failed,"FAILED","","0","","","","","false"
000166670025000005,EX-21,"https://www.sec.gov/Archives/edgar/data/1666700/000166670025000005/exhibit21123124.htm",Failed,"FAILED","","0","","","","","false"
000167192725000006,EX-21,"https://www.sec.gov/Archives/edgar/data/1671927/000167192725000006/subsidiariesoftheregistran.htm",Failed,"FAILED","","0","","","","","false"
000167193325000029,EX-21,"https://www.sec.gov/Archives/edgar/data/1671933/000167193325000029/exhibit211-subsidiariesoft.htm",Failed,"FAILED","","0","","","","","false"
000167433525000055,EX-21,"https://www.sec.gov/Archives/edgar/data/1674335/000167433525000055/exhibit211-listofsubsidi.htm",Failed,"FAILED","","0","","","","","false"
000095017025036517,EX-21,"https://www.sec.gov/Archives/edgar/data/1675033/000095017025036517/gecc-ex21/1.htm",Failed,"FAILED","","0","","","","","false"
000167926825000009,EX-21,"https://www.sec.gov/Archives/edgar/data/1679268/000167926825000009/a2024-12x31exx211.htm",Failed,"FAILED","","0","","","","","false"
000121390025026262,EX-21,"https://www.sec.gov/Archives/edgar/data/1680139/000121390025026262/ea023517201ex21-1/health.htm",Failed,"FAILED","","0","","","","","false"
000095017025042648,EX-21,"https://www.sec.gov/Archives/edgar/data/1681087/000095017025042648/tecx-ex21/1.htm",Failed,"FAILED","","0","","","","","false"
000141057825000587,EX-21,"https://www.sec.gov/Archives/edgar/data/1682220/000141057825000587/sach-20241231xex21d1.htm",Failed,"FAILED","","0","","","","","false"
000147793225002756,EX-21,"https://www.sec.gov/Archives/edgar/data/1682265/000147793225002756/onar/ex211.htm",Failed,"FAILED","","0","","","","","false"
000155837025002904,EX-21,"https://www.sec.gov/Archives/edgar/data/1684144/000155837025002904/zom-20241231xex21d1.htm",Failed,"FAILED","","0","","","","","false"
000001687525000008,EX-21,"https://www.sec.gov/Archives/edgar/data/16875/000001687525000008/exhibit211-subsidiariesoft.htm",Failed,"FAILED","","0","","","","","false"
000164117225015110,EX-21,"https://www.sec.gov/Archives/edgar/data/1688126/000164117225015110/ex21-1.htm",Failed,"FAILED","","0","","","","","false"
000168856825000029,EX-21,"https://www.sec.gov/Archives/edgar/data/1688568/000168856825000029/fy25ex21-dxcsubsidiaries/f.htm",Failed,"FAILED","","0","","","","","false"
000095017025027933,EX-21,"https://www.sec.gov/Archives/edgar/data/1690334/000095017025027933/smhi-ex21/1.htm",Failed,"FAILED","","0","","","","","false"
000169206325000023,EX-21,"https://www.sec.gov/Archives/edgar/data/1692063/000169206325000023/subsidiariesofschneidern.htm",Failed,"FAILED","","0","","","","","false"
000169295125000106,EX-21,"https://www.sec.gov/Archives/edgar/data/1692951/000169295125000106/ex211q424subsidiarieslist.htm",Failed,"FAILED","","0","","","","","false"
000143774925007641,EX-21,"https://www.sec.gov/Archives/edgar/data/1693577/000143774925007641/ex/728099.htm",Failed,"FAILED","","0","","","","","false"
000118518525000271,EX-21,"https://www.sec.gov/Archives/edgar/data/1694617/000118518525000271/roylex21-1.htm",Failed,"FAILED","","0","","","","","false"
000118518525000219,EX-21,"https://www.sec.gov/Archives/edgar/data/1696088/000118518525000219/energy12ex21-1.htm",Failed,"FAILED","","0","","","","","false"
000143774925007333,EX-21,"https://www.sec.gov/Archives/edgar/data/1698022/000143774925007333/ex/786482.htm",Failed,"FAILED","","0","","","","","false"
000170175625000043,EX-21,"https://www.sec.gov/Archives/edgar/data/1701756/000170175625000043/ex2111.htm",Failed,"FAILED","","0","","","","","false"
000170471125000031,EX-21,"https://www.sec.gov/Archives/edgar/data/1704711/000170471125000031/ex-2112024.htm",Failed,"FAILED","","0","","","","","false"
000162828025009125,EX-21,"https://www.sec.gov/Archives/edgar/data/1705012/000162828025009125/a2024form10-kex211.htm",Failed,"FAILED","","0","","","","","false"
000173112225000316,EX-21,"https://www.sec.gov/Archives/edgar/data/1708331/000173112225000316/e6385/ex21-1.htm",Failed,"FAILED","","0","","","","","false"
000171036625000010,EX-21,"https://www.sec.gov/Archives/edgar/data/1710366/000171036625000010/exhibit212024.htm",Failed,"FAILED","","0","","","","","false"
000171127925000008,EX-21,"https://www.sec.gov/Archives/edgar/data/1711279/000171127925000008/a4q24krysex211.htm",Failed,"FAILED","","0","","","","","false"
000162828025012927,EX-21,"https://www.sec.gov/Archives/edgar/data/1712463/000162828025012927/listofsubsidiaries.htm",Failed,"FAILED","","0","","","","","false"
000171344525000018,EX-21,"https://www.sec.gov/Archives/edgar/data/1713445/000171344525000018/exhibit211subsidiaries10-k.htm",Failed,"FAILED","","0","","","","","false"
000121390025103549,EX-21,"https://www.sec.gov/Archives/edgar/data/1713863/000121390025103549/ea026239501ex21-01/rafael.htm",Failed,"FAILED","","0","","","","","false"
000171754725000008,EX-21,"https://www.sec.gov/Archives/edgar/data/1717547/000171754725000008/brsp12312024exhibit211.htm",Failed,"FAILED","","0","","","","","false"
000155837025003985,EX-21,"https://www.sec.gov/Archives/edgar/data/1720893/000155837025003985/btai-20241231xex21d1.htm",Failed,"FAILED","","0","","","","","false"
000172248225000015,EX-21,"https://www.sec.gov/Archives/edgar/data/1722482/000172248225000015/a2024q4ex21.htm",Failed,"FAILED","","0","","","","","false"
000155837025002105,EX-21,"https://www.sec.gov/Archives/edgar/data/1722964/000155837025002105/ymab-20241231xex21d1.htm",Failed,"FAILED","","0","","","","","false"
000095017025030878,EX-21,"https://www.sec.gov/Archives/edgar/data/1726445/000095017025030878/ck0001726445-ex21/1.htm",Failed,"FAILED","","0","","","","","false"
000147793225006766,EX-21,"https://www.sec.gov/Archives/edgar/data/1729637/000147793225006766/karx/ex211.htm",Failed,"FAILED","","0","","","","","false"
000155837025003117,EX-21,"https://www.sec.gov/Archives/edgar/data/1736243/000155837025003117/acxp-20241231xex21d1.htm",Failed,"FAILED","","0","","","","","false"
000173694625000014,EX-21,"https://www.sec.gov/Archives/edgar/data/1736946/000173694625000014/arlo202410-kxex211.htm",Failed,"FAILED","","0","","","","","false"
000168316825002219,EX-21,"https://www.sec.gov/Archives/edgar/data/1737193/000168316825002219/luduson/ex2100.htm",Failed,"FAILED","","0","","","","","false"
000147793225002725,EX-21,"https://www.sec.gov/Archives/edgar/data/1737523/000147793225002725/bglc/ex211.htm",Failed,"FAILED","","0","","","","","false"
000162828025008382,EX-21,"https://www.sec.gov/Archives/edgar/data/1737924/000162828025008382/ncdl-ex211xlistofsubsidiar.htm",Failed,"FAILED","","0","","","","","false"
000173994225000013,EX-21,"https://www.sec.gov/Archives/edgar/data/1739942/000173994225000013/swi-20241231xexx211.htm",Failed,"FAILED","","0","","","","","false"
000174033225000010,EX-21,"https://www.sec.gov/Archives/edgar/data/1740332/000174033225000010/rezi-20241231x10kxexx211.htm",Failed,"FAILED","","0","","","","","false"
000095017025026599,EX-21,"https://www.sec.gov/Archives/edgar/data/1743415/000095017025026599/ck0001743415-ex21/1.htm",Failed,"FAILED","","0","","","","","false"
000174972325000029,EX-21,"https://www.sec.gov/Archives/edgar/data/1749723/000174972325000029/listofsubsidiariesofnewf.htm",Failed,"FAILED","","0","","","","","false"
000164117225001709,EX-21,"https://www.sec.gov/Archives/edgar/data/1750106/000164117225001709/ex21.htm",Failed,"FAILED","","0","","","","","false"
000175015525000006,EX-21,"https://www.sec.gov/Archives/edgar/data/1750155/000175015525000006/ex211.htm",Failed,"FAILED","","0","","","","","false"
000175073525000011,EX-21,"https://www.sec.gov/Archives/edgar/data/1750735/000175073525000011/mrbk/ex211x12312024.htm",Failed,"FAILED","","0","","","","","false"
000175178325000012,EX-21,"https://www.sec.gov/Archives/edgar/data/1751783/000175178325000012/rbkb-20241231xex21.htm",Failed,"FAILED","","0","","","","","false"
000175178825000012,EX-21,"https://www.sec.gov/Archives/edgar/data/1751788/000175178825000012/dowinc202410kex21.htm",Failed,"FAILED","","0","","","","","false"
000162828025015336,EX-21,"https://www.sec.gov/Archives/edgar/data/1753162/000162828025015336/fthm-20241231xsubsidiaries.htm",Failed,"FAILED","","0","","","","","false"
000155837025003120,EX-21,"https://www.sec.gov/Archives/edgar/data/1754226/000155837025003120/tmb-20241231xex21.htm",Failed,"FAILED","","0","","","","","false"
000095017025032037,EX-21,"https://www.sec.gov/Archives/edgar/data/1755237/000095017025032037/cycn-ex21/1.htm",Failed,"FAILED","","0","","","","","false"
000095017025047247,EX-21,"https://www.sec.gov/Archives/edgar/data/1756701/000095017025047247/lnkb-ex21/1.htm",Failed,"FAILED","","0","","","","","false"
000149315225008300,EX-21,"https://www.sec.gov/Archives/edgar/data/1757499/000149315225008300/ex21.htm",Failed,"FAILED","","0","","","","","false"
000168316825001942,EX-21,"https://www.sec.gov/Archives/edgar/data/1759186/000168316825001942/coeptis/ex2101.htm",Failed,"FAILED","","0","","","","","false"
000095017025033669,EX-21,"https://www.sec.gov/Archives/edgar/data/1759824/000095017025033669/altg-ex21/1.htm",Failed,"FAILED","","0","","","","","false"
000095017025020026,EX-21,"https://www.sec.gov/Archives/edgar/data/1762303/000095017025020026/rcel-ex21/1.htm",Failed,"FAILED","","0","","","","","false"
000176510725000004,EX-21,"https://www.sec.gov/Archives/edgar/data/1765107/000176510725000004/exhibit211cimopportunityzo.htm",Failed,"FAILED","","0","","","","","false"
000155837025002369,EX-21,"https://www.sec.gov/Archives/edgar/data/1766368/000155837025002369/tmb-20241231xex21.htm",Failed,"FAILED","","0","","","","","false"
000176647825000019,EX-21,"https://www.sec.gov/Archives/edgar/data/1766478/000176647825000019/a2024-yeaomrexhibit211.htm",Failed,"FAILED","","0","","","","","false"
000176650225000014,EX-21,"https://www.sec.gov/Archives/edgar/data/1766502/000176650225000014/exhibit211significantsubsi.htm",Failed,"FAILED","","0","","","","","false"
000095017025044350,EX-21,"https://www.sec.gov/Archives/edgar/data/1768446/000095017025044350/clym-ex21/1.htm",Failed,"FAILED","","0","","","","","false"
000143774925029934,EX-21,"https://www.sec.gov/Archives/edgar/data/1770236/000143774925029934/ex/833351.htm",Failed,"FAILED","","0","","","","","false"
000177045025000010,EX-21,"https://www.sec.gov/Archives/edgar/data/1770450/000177045025000010/xrx-123124xex21.htm",Failed,"FAILED","","0","","","","","false"
000156276225000021,EX-21,"https://www.sec.gov/Archives/edgar/data/1770561/000156276225000021/ex211.htm",Failed,"FAILED","","0","","","","","false"
000095017025046056,EX-21,"https://www.sec.gov/Archives/edgar/data/1781174/000095017025046056/acrv-ex21/1.htm",Failed,"FAILED","","0","","","","","false"
000121390025049687,EX-21,"https://www.sec.gov/Archives/edgar/data/1782107/000121390025049687/ea024412201ex21/onconetix.htm",Failed,"FAILED","","0","","","","","false"
000001784325000021,EX-21,"https://www.sec.gov/Archives/edgar/data/17843/000001784325000021/exhibit216-30x2025.htm",Failed,"FAILED","","0","","","","","false"
000149315225022052,EX-21,"https://www.sec.gov/Archives/edgar/data/1785493/000149315225022052/ex21.htm",Failed,"FAILED","","0","","","","","false"
000155837025000687,EX-21,"https://www.sec.gov/Archives/edgar/data/1786117/000155837025000687/pine-20241231xex21d1.htm",Failed,"FAILED","","0","","","","","false"
000162828025003936,EX-21,"https://www.sec.gov/Archives/edgar/data/1786431/000162828025003936/reyn-20241231xex211.htm",Failed,"FAILED","","0","","","","","false"
000114036125011279,EX-21,"https://www.sec.gov/Archives/edgar/data/1786835/000114036125011279/ef20039032/ex21-1.htm",Failed,"FAILED","","0","","","","","false"
000107997325000651,EX-21,"https://www.sec.gov/Archives/edgar/data/1788841/000107997325000651/ex21x1.htm",Failed,"FAILED","","0","","","","","false"
000095017025027914,EX-21,"https://www.sec.gov/Archives/edgar/data/1792580/000095017025027914/ovv-ex21/1.htm",Failed,"FAILED","","0","","","","","false"
000095017025028273,EX-21,"https://www.sec.gov/Archives/edgar/data/1795139/000095017025028273/gtbif-ex21/1.htm",Failed,"FAILED","","0","","","","","false"
000141057825000516,EX-21,"https://www.sec.gov/Archives/edgar/data/1798562/000141057825000516/tmc-20241231xex21d1.htm",Failed,"FAILED","","0","","","","","false"
000180116925000017,EX-21,"https://www.sec.gov/Archives/edgar/data/1801169/000180116925000017/a2024ex211xlistofsubsidiar.htm",Failed,"FAILED","","0","","","","","false"
000180166125000050,EX-21,"https://www.sec.gov/Archives/edgar/data/1801661/000180166125000050/subsidiaries.htm",Failed,"FAILED","","0","","","","","false"
000180245725000008,EX-21,"https://www.sec.gov/Archives/edgar/data/1802457/000180245725000008/orgn-20241231xexx211.htm",Failed,"FAILED","","0","","","","","false"
000180474525000010,EX-21,"https://www.sec.gov/Archives/edgar/data/1804745/000180474525000010/exhibit211subsidiariesof.htm",Failed,"FAILED","","0","","","","","false"
000162828025008233,EX-21,"https://www.sec.gov/Archives/edgar/data/1809987/000162828025008233/exhibit211-miriontechnolog.htm",Failed,"FAILED","","0","","","","","false"
000181107425000044,EX-21,"https://www.sec.gov/Archives/edgar/data/1811074/000181107425000044/ex211listofsubsidiaries-.htm",Failed,"FAILED","","0","","","","","false"
000181197225000007,EX-21,"https://www.sec.gov/Archives/edgar/data/1811972/000181197225000007/ex211listofsubsidiaries202.htm",Failed,"FAILED","","0","","","","","false"
000095017025046869,EX-21,"https://www.sec.gov/Archives/edgar/data/1816613/000095017025046869/mkfg-ex21/1.htm",Failed,"FAILED","","0","","","","","false"
000181838225000034,EX-21,"https://www.sec.gov/Archives/edgar/data/1818382/000181838225000034/huma-20241231x10kxex211.htm",Failed,"FAILED","","0","","","","","false"
000155837025003823,EX-21,"https://www.sec.gov/Archives/edgar/data/1819411/000155837025003823/ganx-20241231xex21d1.htm",Failed,"FAILED","","0","","","","","false"
000162828025015649,EX-21,"https://www.sec.gov/Archives/edgar/data/1819438/000162828025015649/exhibit211-listofsubsidiar.htm",Failed,"FAILED","","0","","","","","false"
000155837025003237,EX-21,"https://www.sec.gov/Archives/edgar/data/1819576/000155837025003237/lqda-20241231xex21d1.htm",Failed,"FAILED","","0","","","","","false"
000182056625000031,EX-21,"https://www.sec.gov/Archives/edgar/data/1820566/000182056625000031/ispo-20241231x10kxexx211.htm",Failed,"FAILED","","0","","","","","false"
000095017025037990,EX-21,"https://www.sec.gov/Archives/edgar/data/1822250/000095017025037990/logc-ex21/1.htm",Failed,"FAILED","","0","","","","","false"
000182249225000050,EX-21,"https://www.sec.gov/Archives/edgar/data/1822492/000182249225000050/exhibit211-122824.htm",Failed,"FAILED","","0","","","","","false"
000182252325000003,EX-21,"https://www.sec.gov/Archives/edgar/data/1822523/000182252325000003/ex211listofsubsidiariesoft.htm",Failed,"FAILED","","0","","","","","false"
000143774925007614,EX-21,"https://www.sec.gov/Archives/edgar/data/1822928/000143774925007614/ex/746859.htm",Failed,"FAILED","","0","","","","","false"
000001823025000008,EX-21,"https://www.sec.gov/Archives/edgar/data/18230/000001823025000008/cat/exx21x12312024subsidia.htm",Failed,"FAILED","","0","","","","","false"
000182314425000004,EX-21,"https://www.sec.gov/Archives/edgar/data/1823144/000182314425000004/exhibit211-listofsubsidiar.htm",Failed,"FAILED","","0","","","","","false"
000182323925000034,EX-21,"https://www.sec.gov/Archives/edgar/data/1823239/000182323925000034/mrvi-2024form10xkxex211xli.htm",Failed,"FAILED","","0","","","","","false"
000182352925000070,EX-21,"https://www.sec.gov/Archives/edgar/data/1823529/000182352925000070/exhibit21listingofsubsidia.htm",Failed,"FAILED","","0","","","","","false"
000182360825000015,EX-21,"https://www.sec.gov/Archives/edgar/data/1823608/000182360825000015/a202412/amal10-kxex211.htm",Failed,"FAILED","","0","","","","","false"
000182524825000004,EX-21,"https://www.sec.gov/Archives/edgar/data/1825248/000182524825000004/exhibit21-subsidiariesoffr.htm",Failed,"FAILED","","0","","","","","false"
000156276225000062,EX-21,"https://www.sec.gov/Archives/edgar/data/18255/000156276225000062/exhibit211.htm",Failed,"FAILED","","0","","","","","false"
000164117225002955,EX-21,"https://www.sec.gov/Archives/edgar/data/1826397/000164117225002955/ex21-1.htm",Failed,"FAILED","","0","","","","","false"
000182750625000027,EX-21,"https://www.sec.gov/Archives/edgar/data/1827506/000182750625000027/a12312024exhibit211.htm",Failed,"FAILED","","0","","","","","false"
000182810825000028,EX-21,"https://www.sec.gov/Archives/edgar/data/1828108/000182810825000028/a24q4ex211.htm",Failed,"FAILED","","0","","","","","false"
000095017025026598,EX-21,"https://www.sec.gov/Archives/edgar/data/1832148/000095017025026598/ck0001832148-ex21/1.htm",Failed,"FAILED","","0","","","","","false"
000183248325000010,EX-21,"https://www.sec.gov/Archives/edgar/data/1832483/000183248325000010/a211-subsidiariestothere.htm",Failed,"FAILED","","0","","","","","false"
000095017025046994,EX-21,"https://www.sec.gov/Archives/edgar/data/1833214/000095017025046994/sabs-ex21/1.htm",Failed,"FAILED","","0","","","","","false"
000183448825000053,EX-21,"https://www.sec.gov/Archives/edgar/data/1834488/000183448825000053/n-able2024123110xkxex211.htm",Failed,"FAILED","","0","","","","","false"
000183687525000076,EX-21,"https://www.sec.gov/Archives/edgar/data/1836875/000183687525000076/nuvveholdingcorp-listofsub.htm",Failed,"FAILED","","0","","","","","false"
000183760725000022,EX-21,"https://www.sec.gov/Archives/edgar/data/1837607/000183760725000022/aeon-20241231xex21.htm",Failed,"FAILED","","0","","","","","false"
000183812625000017,EX-21,"https://www.sec.gov/Archives/edgar/data/1838126/000183812625000017/exhibit21listingofsubsidia.htm",Failed,"FAILED","","0","","","","","false"
000162828025013180,EX-21,"https://www.sec.gov/Archives/edgar/data/1838615/000162828025013180/altilistofsubsidiariesex.htm",Failed,"FAILED","","0","","","","","false"
000095017025047775,EX-21,"https://www.sec.gov/Archives/edgar/data/1840439/000095017025047775/bmea-ex21/1.htm",Failed,"FAILED","","0","","","","","false"
000204026625000007,EX-21,"https://www.sec.gov/Archives/edgar/data/1841666/000204026625000007/ex211subsidiariesofregis.htm",Failed,"FAILED","","0","","","","","false"
000095017025047208,EX-21,"https://www.sec.gov/Archives/edgar/data/1842295/000095017025047208/maze-ex21/1.htm",Failed,"FAILED","","0","","","","","false"
000095017025047891,EX-21,"https://www.sec.gov/Archives/edgar/data/1842939/000095017025047891/xage-ex21/1.htm",Failed,"FAILED","","0","","","","","false"
000184502225000026,EX-21,"https://www.sec.gov/Archives/edgar/data/1845022/000184502225000026/exhibit211-subsidiariesxfy.htm",Failed,"FAILED","","0","","","","","false"
000095017025026654,EX-21,"https://www.sec.gov/Archives/edgar/data/1845337/000095017025026654/dawn-ex21/1.htm",Failed,"FAILED","","0","","","","","false"
000184543725000008,EX-21,"https://www.sec.gov/Archives/edgar/data/1845437/000184543725000008/a09np-202410xkxex211.htm",Failed,"FAILED","","0","","","","","false"
000162828025012365,EX-21,"https://www.sec.gov/Archives/edgar/data/1847590/000162828025012365/bwmn-20241231xex211subofre.htm",Failed,"FAILED","","0","","","","","false"
000143774925007028,EX-21,"https://www.sec.gov/Archives/edgar/data/1847874/000143774925007028/ex/730713.htm",Failed,"FAILED","","0","","","","","false"
000147793225001399,EX-21,"https://www.sec.gov/Archives/edgar/data/1848861/000147793225001399/haia/ex21.htm",Failed,"FAILED","","0","","","","","false"
000155837025004017,EX-21,"https://www.sec.gov/Archives/edgar/data/1849670/000155837025004017/pbbk-20241231xex21.htm",Failed,"FAILED","","0","","","","","false"
000182912625001450,EX-21,"https://www.sec.gov/Archives/edgar/data/1850059/000182912625001450/flagshipacq/ex21.htm",Failed,"FAILED","","0","","","","","false"
000095017025027338,EX-21,"https://www.sec.gov/Archives/edgar/data/1851003/000095017025027338/zeta-ex21/1.htm",Failed,"FAILED","","0","","","","","false"
000162828025015753,EX-21,"https://www.sec.gov/Archives/edgar/data/1853962/000162828025015753/a211i80corporgchart-dec2024.htm",Failed,"FAILED","","0","","","","","false"
000143774925006458,EX-21,"https://www.sec.gov/Archives/edgar/data/1855175/000143774925006458/ex/777114.htm",Failed,"FAILED","","0","","","","","false"
000149315225011052,EX-21,"https://www.sec.gov/Archives/edgar/data/1858685/000149315225011052/ex21-1.htm",Failed,"FAILED","","0","","","","","false"
000185991925000013,EX-21,"https://www.sec.gov/Archives/edgar/data/1859919/000185991925000013/ex211listofsubsidiaries202.htm",Failed,"FAILED","","0","","","","","false"
000121390025032210,EX-21,"https://www.sec.gov/Archives/edgar/data/1860484/000121390025032210/ea023809601ex21/relat.htm",Failed,"FAILED","","0","","","","","false"
000186510725000016,EX-21,"https://www.sec.gov/Archives/edgar/data/1865107/000186510725000016/exhibit211-2024.htm",Failed,"FAILED","","0","","","","","false"
000141057825000490,EX-21,"https://www.sec.gov/Archives/edgar/data/1867066/000141057825000490/derm-20241231xex21d1.htm",Failed,"FAILED","","0","","","","","false"
000186815925000011,EX-21,"https://www.sec.gov/Archives/edgar/data/1868159/000186815925000011/lineageincsubsidiaries.htm",Failed,"FAILED","","0","","","","","false"
000107997325000428,EX-21,"https://www.sec.gov/Archives/edgar/data/1870144/000107997325000428/ex21x1.htm",Failed,"FAILED","","0","","","","","false"
000121390025031596,EX-21,"https://www.sec.gov/Archives/edgar/data/1872525/000121390025031596/ea023765201ex21-1/stran.htm",Failed,"FAILED","","0","","","","","false"
000187278925000036,EX-21,"https://www.sec.gov/Archives/edgar/data/1872789/000187278925000036/q4202510kexhibit211.htm",Failed,"FAILED","","0","","","","","false"
000155837025001496,EX-21,"https://www.sec.gov/Archives/edgar/data/1875558/000155837025001496/tmb-20241231xex21d1.htm",Failed,"FAILED","","0","","","","","false"
000095017025027757,EX-21,"https://www.sec.gov/Archives/edgar/data/1876588/000095017025027757/zimv-ex21/1.htm",Failed,"FAILED","","0","","","","","false"
000121390025032211,EX-21,"https://www.sec.gov/Archives/edgar/data/1879403/000121390025032211/ea020343601ex21-1/larosa.htm",Failed,"FAILED","","0","","","","","false"
000164117225001754,EX-21,"https://www.sec.gov/Archives/edgar/data/1882464/000164117225001754/ex21-1.htm",Failed,"FAILED","","0","","","","","false"
000188368525000010,EX-21,"https://www.sec.gov/Archives/edgar/data/1883685/000188368525000010/draftkings-subsidiarylis.htm",Failed,"FAILED","","0","","","","","false"
000149315225018682,EX-21,"https://www.sec.gov/Archives/edgar/data/1883788/000149315225018682/ex21.htm",Failed,"FAILED","","0","","","","","false"
000164117225003384,EX-21,"https://www.sec.gov/Archives/edgar/data/1889450/000164117225003384/ex21-1.htm",Failed,"FAILED","","0","","","","","false"
000141057825000724,EX-21,"https://www.sec.gov/Archives/edgar/data/1894057/000141057825000724/ppya-20241231xex21d1.htm",Failed,"FAILED","","0","","","","","false"
000101376225002805,EX-21,"https://www.sec.gov/Archives/edgar/data/1894176/000101376225002805/ea023455701ex21-1/cohen1.htm",Failed,"FAILED","","0","","","","","false"
000155837025010044,EX-21,"https://www.sec.gov/Archives/edgar/data/1895249/000155837025010044/cntm-20241231xex21d1.htm",Failed,"FAILED","","0","","","","","false"
000141057825000434,EX-21,"https://www.sec.gov/Archives/edgar/data/1895316/000141057825000434/tmb-20241231xex21d1.htm",Failed,"FAILED","","0","","","","","false"
000164117225001707,EX-21,"https://www.sec.gov/Archives/edgar/data/1897245/000164117225001707/ex21.htm",Failed,"FAILED","","0","","","","","false"
000095017025039445,EX-21,"https://www.sec.gov/Archives/edgar/data/1899017/000095017025039445/ck0001899017-ex21.htm",Failed,"FAILED","","0","","","","","false"
000190116425000002,EX-21,"https://www.sec.gov/Archives/edgar/data/1901164/000190116425000002/ocreditxlistofsubsidiaries.htm",Failed,"FAILED","","0","","","","","false"
000156276225000043,EX-21,"https://www.sec.gov/Archives/edgar/data/1901637/000156276225000043/exhibit211.htm",Failed,"FAILED","","0","","","","","false"
000141057825000400,EX-21,"https://www.sec.gov/Archives/edgar/data/1903382/000141057825000400/bhm-20241231xex21d1.htm",Failed,"FAILED","","0","","","","","false"
000121390025026372,EX-21,"https://www.sec.gov/Archives/edgar/data/1907223/000121390025026372/ea023205101ex21-1/klotho.htm",Failed,"FAILED","","0","","","","","false"
000141057825000127,EX-21,"https://www.sec.gov/Archives/edgar/data/1910139/000141057825000127/mbly-20241228xex21d1.htm",Failed,"FAILED","","0","","","","","false"
000162828025010237,EX-21,"https://www.sec.gov/Archives/edgar/data/1911066/000162828025010237/exhibit211-listofsubsidiar.htm",Failed,"FAILED","","0","","","","","false"
000095017025045057,EX-21,"https://www.sec.gov/Archives/edgar/data/1911321/000095017025045057/ck0001911321-ex21/1.htm",Failed,"FAILED","","0","","","","","false"
000141057825000576,EX-21,"https://www.sec.gov/Archives/edgar/data/1926599/000141057825000576/tdac-20241231xex21.htm",Failed,"FAILED","","0","","","","","false"
000119312525054797,EX-21,"https://www.sec.gov/Archives/edgar/data/1930054/000119312525054797/d935128dex211.htm",Failed,"FAILED","","0","","","","","false"
000095017025026600,EX-21,"https://www.sec.gov/Archives/edgar/data/1932591/000095017025026600/ck0001932591-ex21/1.htm",Failed,"FAILED","","0","","","","","false"
000101376225002139,EX-21,"https://www.sec.gov/Archives/edgar/data/1934945/000101376225002139/ea023423401ex21-1/trail1.htm",Failed,"FAILED","","0","","","","","false"
000162828025010567,EX-21,"https://www.sec.gov/Archives/edgar/data/1943289/000162828025010567/a211listofsubsidiaries.htm",Failed,"FAILED","","0","","","","","false"
000194436625000041,EX-21,"https://www.sec.gov/Archives/edgar/data/1944366/000194436625000041/exhibit211orent2024xlistof.htm",Failed,"FAILED","","0","","","","","false"
000164117225001314,EX-21,"https://www.sec.gov/Archives/edgar/data/1946573/000164117225001314/ex21-1.htm",Failed,"FAILED","","0","","","","","false"
000095017025024835,EX-21,"https://www.sec.gov/Archives/edgar/data/1954360/000095017025024835/ck0001954360-ex21/1.htm",Failed,"FAILED","","0","","","","","false"
000195501025000002,EX-21,"https://www.sec.gov/Archives/edgar/data/1955010/000195501025000002/ulendxlistofsubsidiariesex.htm",Failed,"FAILED","","0","","","","","false"
000095017025019072,EX-21,"https://www.sec.gov/Archives/edgar/data/1958086/000095017025019072/clb-ex21/1.htm",Failed,"FAILED","","0","","","","","false"
000155837025002009,EX-21,"https://www.sec.gov/Archives/edgar/data/1958140/000155837025002009/batra-20241231xex21.htm",Failed,"FAILED","","0","","","","","false"
000156276225000038,EX-21,"https://www.sec.gov/Archives/edgar/data/19584/000156276225000038/che-20241231xex21.htm",Failed,"FAILED","","0","","","","","false"
000095017025024723,EX-21,"https://www.sec.gov/Archives/edgar/data/1959472/000095017025024723/kim-ex21/1.htm",Failed,"FAILED","","0","","","","","false"
000095017025041898,EX-21,"https://www.sec.gov/Archives/edgar/data/1959961/000095017025041898/ck0001959961-ex21/1.htm",Failed,"FAILED","","0","","","","","false"
000196473825000019,EX-21,"https://www.sec.gov/Archives/edgar/data/1964738/000196473825000019/a202410-kexhibit21.htm",Failed,"FAILED","","0","","","","","false"
000155837025001996,EX-21,"https://www.sec.gov/Archives/edgar/data/1964789/000155837025001996/hut-20241231xex21d1.htm",Failed,"FAILED","","0","","","","","false"
000164117225002125,EX-21,"https://www.sec.gov/Archives/edgar/data/1969475/000164117225002125/ex21-1.htm",Failed,"FAILED","","0","","","","","false"
000197121325000012,EX-21,"https://www.sec.gov/Archives/edgar/data/1971213/000197121325000012/exhibit21-q42024subsidiari.htm",Failed,"FAILED","","0","","","","","false"
000095017025041127,EX-21,"https://www.sec.gov/Archives/edgar/data/1976336/000095017025041127/ck0001976336-ex21/1.htm",Failed,"FAILED","","0","","","","","false"
000095017025042730,EX-21,"https://www.sec.gov/Archives/edgar/data/1987221/000095017025042730/ck0001987221-ex21/1.htm",Failed,"FAILED","","0","","","","","false"
000095017025040578,EX-21,"https://www.sec.gov/Archives/edgar/data/1993402/000095017025040578/ck0001993402-ex21/1.htm",Failed,"FAILED","","0","","","","","false"
000143774925007468,EX-21,"https://www.sec.gov/Archives/edgar/data/1996210/000143774925007468/ex/699715.htm",Failed,"FAILED","","0","","","","","false"
000199681025000011,EX-21,"https://www.sec.gov/Archives/edgar/data/1996810/000199681025000011/gevform10k2024-ex211.htm",Failed,"FAILED","","0","","","","","false"
000199686225000008,EX-21,"https://www.sec.gov/Archives/edgar/data/1996862/000199686225000008/subsidiarieslistex211123124.htm",Failed,"FAILED","","0","","","","","false"
000200388125000020,EX-21,"https://www.sec.gov/Archives/edgar/data/2003881/000200388125000020/shr2024q410-kxex211.htm",Failed,"FAILED","","0","","","","","false"
000162828025009131,EX-21,"https://www.sec.gov/Archives/edgar/data/2011954/000162828025009131/a2024form10-kex211.htm",Failed,"FAILED","","0","","","","","false"
000095017025046089,EX-21,"https://www.sec.gov/Archives/edgar/data/2013639/000095017025046089/ck0002013639-ex21.htm",Failed,"FAILED","","0","","","","","false"
000202644825000028,EX-21,"https://www.sec.gov/Archives/edgar/data/2026448/000202644825000028/pcreditform10-kxexhibit211.htm",Failed,"FAILED","","0","","","","","false"
000095017025024834,EX-21,"https://www.sec.gov/Archives/edgar/data/2027317/000095017025024834/curb-ex21/subsidiari.htm",Failed,"FAILED","","0","","","","","false"
000141057825000590,EX-21,"https://www.sec.gov/Archives/edgar/data/2028336/000141057825000590/nehc-20241231xex21d1.htm",Failed,"FAILED","","0","","","","","false"
000119312525065546,EX-21,"https://www.sec.gov/Archives/edgar/data/2029769/000119312525065546/d888799dex21.htm",Failed,"FAILED","","0","","","","","false"
000203078125000011,EX-21,"https://www.sec.gov/Archives/edgar/data/2030781/000203078125000011/sail-20250131x10kex211.htm",Failed,"FAILED","","0","","","","","false"
000141057825000486,EX-21,"https://www.sec.gov/Archives/edgar/data/2031283/000141057825000486/tmb-20241231xex21d1.htm",Failed,"FAILED","","0","","","","","false"
000203811825000004,EX-21,"https://www.sec.gov/Archives/edgar/data/2038118/000203811825000004/fet-12312024xex21.htm",Failed,"FAILED","","0","","","","","false"
000141057825000595,EX-21,"https://www.sec.gov/Archives/edgar/data/2039497/000141057825000595/rhld-20241231xex21d1.htm",Failed,"FAILED","","0","","","","","false"
000020540225000005,EX-21,"https://www.sec.gov/Archives/edgar/data/205402/000020540225000005/c402-20241231xex21.htm",Failed,"FAILED","","0","","","","","false"
000002134425000011,EX-21,"https://www.sec.gov/Archives/edgar/data/21344/000002134425000011/a20241231exhibit211.htm",Failed,"FAILED","","0","","","","","false"
000155837025001229,EX-21,"https://www.sec.gov/Archives/edgar/data/23795/000155837025001229/cto-20241231xex21d1.htm",Failed,"FAILED","","0","","","","","false"
000162828025005347,EX-21,"https://www.sec.gov/Archives/edgar/data/24741/000162828025005347/glw-20241231x10kexx21.htm",Failed,"FAILED","","0","","","","","false"
000162828025006754,EX-21,"https://www.sec.gov/Archives/edgar/data/25445/000162828025006754/cxt-ex21/20241231.htm",Failed,"FAILED","","0","","","","","false"
000143774925004554,EX-21,"https://www.sec.gov/Archives/edgar/data/26780/000143774925004554/ex/700977.htm",Failed,"FAILED","","0","","","","","false"
000002741925000018,EX-21,"https://www.sec.gov/Archives/edgar/data/27419/000002741925000018/tgt-20250201xexhibit211.htm",Failed,"FAILED","","0","","","","","false"
000095017025022754,EX-21,"https://www.sec.gov/Archives/edgar/data/275880/000095017025022754/psn-ex21/1.htm",Failed,"FAILED","","0","","","","","false"
000110465925110312,EX-21,"https://www.sec.gov/Archives/edgar/data/276720/000110465925110312/pcyo-20250831xex21.htm",Failed,"FAILED","","0","","","","","false"
000027794825000008,EX-21,"https://www.sec.gov/Archives/edgar/data/277948/000027794825000008/csx-12312024ex21subsidiari.htm",Failed,"FAILED","","0","","","","","false"
000027816625000057,EX-21,"https://www.sec.gov/Archives/edgar/data/278166/000027816625000057/cvco-2025329xexhibit21.htm",Failed,"FAILED","","0","","","","","false"
000002799625000051,EX-21,"https://www.sec.gov/Archives/edgar/data/27996/000002799625000051/exhibit2111231202410k.htm",Failed,"FAILED","","0","","","","","false"
000002882325000022,EX-21,"https://www.sec.gov/Archives/edgar/data/28823/000002882325000022/dbd12312024ex-211.htm",Failed,"FAILED","","0","","","","","false"
000000296925000055,EX-21,"https://www.sec.gov/Archives/edgar/data/2969/000000296925000055/apd-exhibit211x30sep25.htm",Failed,"FAILED","","0","","","","","false"
000002990525000006,EX-21,"https://www.sec.gov/Archives/edgar/data/29905/000002990525000006/a2024123110-kexhibit21.htm",Failed,"FAILED","","0","","","","","false"
000117184325001156,EX-21,"https://www.sec.gov/Archives/edgar/data/311094/000117184325001156/ex/780748.htm",Failed,"FAILED","","0","","","","","false"
000118518525000204,EX-21,"https://www.sec.gov/Archives/edgar/data/312257/000118518525000204/ivfhex21.htm",Failed,"FAILED","","0","","","","","false"
000095017025040256,EX-21,"https://www.sec.gov/Archives/edgar/data/31235/000095017025040256/kodk-ex21.htm",Failed,"FAILED","","0","","","","","false"
000155837025003017,EX-21,"https://www.sec.gov/Archives/edgar/data/314203/000155837025003017/mux-20241231xex21.htm",Failed,"FAILED","","0","","","","","false"
000165495425004233,EX-21,"https://www.sec.gov/Archives/edgar/data/314227/000165495425004233/tomz/ex211.htm",Failed,"FAILED","","0","","","","","false"
000007274125000007,EX-21,"https://www.sec.gov/Archives/edgar/data/315256/000007274125000007/a2024-ex21subsidiariesofth.htm",Failed,"FAILED","","0","","","","","false"
000031670925000010,EX-21,"https://www.sec.gov/Archives/edgar/data/316709/000031670925000010/schw-123124xex21110k.htm",Failed,"FAILED","","0","","","","","false"
000149315225010978,EX-21,"https://www.sec.gov/Archives/edgar/data/318306/000149315225010978/ex21.htm",Failed,"FAILED","","0","","","","","false"
000164117225001508,EX-21,"https://www.sec.gov/Archives/edgar/data/318673/000164117225001508/ex21.htm",Failed,"FAILED","","0","","","","","false"
000032019325000079,EX-21,"https://www.sec.gov/Archives/edgar/data/320193/000032019325000079/a10-kexhibit21109272025.htm",Failed,"FAILED","","0","","","","","false"
000143774925006863,EX-21,"https://www.sec.gov/Archives/edgar/data/33488/000143774925006863/ex/780526.htm",Failed,"FAILED","","0","","","","","false"
000003408825000010,EX-21,"https://www.sec.gov/Archives/edgar/data/34088/000003408825000010/xomexhibit21123124.htm",Failed,"FAILED","","0","","","","","false"
000155837025001875,EX-21,"https://www.sec.gov/Archives/edgar/data/3453/000155837025001875/matx-20241231xex21.htm",Failed,"FAILED","","0","","","","","false"
000114036125006428,EX-21,"https://www.sec.gov/Archives/edgar/data/350852/000114036125006428/ef20038948/ex21.htm",Failed,"FAILED","","0","","","","","false"
000095017025027785,EX-21,"https://www.sec.gov/Archives/edgar/data/352915/000095017025027785/uhs-ex21.htm",Failed,"FAILED","","0","","","","","false"
000035318425000044,EX-21,"https://www.sec.gov/Archives/edgar/data/353184/000035318425000044/ex-211to2025form10xkairtinc.htm",Failed,"FAILED","","0","","","","","false"
000035470725000013,EX-21,"https://www.sec.gov/Archives/edgar/data/354707/000035470725000013/heiexhibit21110k2024.htm",Failed,"FAILED","","0","","","","","false"
000162828025006567,EX-21,"https://www.sec.gov/Archives/edgar/data/354963/000162828025006567/shenex2112312024.htm",Failed,"FAILED","","0","","","","","false"
000035581125000009,EX-21,"https://www.sec.gov/Archives/edgar/data/355811/000035581125000009/gntx12312024-ex21.htm",Failed,"FAILED","","0","","","","","false"
000095017025101785,EX-21,"https://www.sec.gov/Archives/edgar/data/355948/000095017025101785/rell-ex21.htm",Failed,"FAILED","","0","","","","","false"
000155837025002383,EX-21,"https://www.sec.gov/Archives/edgar/data/357173/000155837025002383/tmb-20241231xex21d1.htm",Failed,"FAILED","","0","","","","","false"
000114036125008827,EX-21,"https://www.sec.gov/Archives/edgar/data/357301/000114036125008827/ef20039040/ex21.htm",Failed,"FAILED","","0","","","","","false"
000003610425000016,EX-21,"https://www.sec.gov/Archives/edgar/data/36104/000003610425000016/a2024exx21subsidiariesofth.htm",Failed,"FAILED","","0","","","","","false"
000095017025110965,EX-21,"https://www.sec.gov/Archives/edgar/data/37472/000095017025110965/flxs-ex21/1.htm",Failed,"FAILED","","0","","","","","false"
000003780825000071,EX-21,"https://www.sec.gov/Archives/edgar/data/37808/000003780825000071/fnb-10xk2024xex21xq4.htm",Failed,"FAILED","","0","","","","","false"
000003799625000013,EX-21,"https://www.sec.gov/Archives/edgar/data/37996/000003799625000013/f12312024exhibit21.htm",Failed,"FAILED","","0","","","","","false"
000168316825009068,EX-21,"https://www.sec.gov/Archives/edgar/data/38264/000168316825009068/forward/ex2101.htm",Failed,"FAILED","","0","","","","","false"
000143774925020219,EX-21,"https://www.sec.gov/Archives/edgar/data/39092/000143774925020219/ex/780552.htm",Failed,"FAILED","","0","","","","","false"
000003931125000044,EX-21,"https://www.sec.gov/Archives/edgar/data/39311/000003931125000044/ibcp-20241231xexx21.htm",Failed,"FAILED","","0","","","","","false"
000003991125000029,EX-21,"https://www.sec.gov/Archives/edgar/data/39911/000003991125000029/fy202410-kexhibit21.htm",Failed,"FAILED","","0","","","","","false"
000004054525000015,EX-21,"https://www.sec.gov/Archives/edgar/data/40545/000004054525000015/ex21subsidiariesofregistra.htm",Failed,"FAILED","","0","","","","","false"
000119312525147079,EX-21,"https://www.sec.gov/Archives/edgar/data/40704/000119312525147079/d938443dex211.htm",Failed,"FAILED","","0","","","","","false"
000004171925000110,EX-21,"https://www.sec.gov/Archives/edgar/data/41719/000004171925000110/exhibit21-1.htm",Failed,"FAILED","","0","","","","","false"
000155837025002265,EX-21,"https://www.sec.gov/Archives/edgar/data/46129/000155837025002265/alnt-20241231xex21.htm",Failed,"FAILED","","0","","","","","false"
000095017025031193,EX-21,"https://www.sec.gov/Archives/edgar/data/46195/000095017025031193/boh-ex21/1.htm",Failed,"FAILED","","0","","","","","false"
000004907125000007,EX-21,"https://www.sec.gov/Archives/edgar/data/49071/000004907125000007/hum-20241231x10kxex21.htm",Failed,"FAILED","","0","","","","","false"
000004919625000020,EX-21,"https://www.sec.gov/Archives/edgar/data/49196/000004919625000020/hban20241231ex211-10k.htm",Failed,"FAILED","","0","","","","","false"
000004960025000019,EX-21,"https://www.sec.gov/Archives/edgar/data/49600/000004960025000019/exhibit2112024q4.htm",Failed,"FAILED","","0","","","","","false"
000105787725000014,EX-21,"https://www.sec.gov/Archives/edgar/data/49648/000105787725000014/ida123124ex211.htm",Failed,"FAILED","","0","","","","","false"
000004982625000007,EX-21,"https://www.sec.gov/Archives/edgar/data/49826/000004982625000007/a20241231-ex21.htm",Failed,"FAILED","","0","","","","","false"
000121390025053885,EX-21,"https://www.sec.gov/Archives/edgar/data/50292/000121390025053885/ea024323701ex21/iehcorp.htm",Failed,"FAILED","","0","","","","","false"
000000527225000012,EX-21,"https://www.sec.gov/Archives/edgar/data/5272/000000527225000012/q42024exhibit21.htm",Failed,"FAILED","","0","","","","","false"
000162828025053316,EX-21,"https://www.sec.gov/Archives/edgar/data/52988/000162828025053316/exhibit21-xlistofsubsidiar.htm",Failed,"FAILED","","0","","","","","false"
000005524225000068,EX-21,"https://www.sec.gov/Archives/edgar/data/55242/000005524225000068/kmt630202510kex21.htm",Failed,"FAILED","","0","","","","","false"
000005552925000026,EX-21,"https://www.sec.gov/Archives/edgar/data/55529/000005552925000026/exhibit2112025.htm",Failed,"FAILED","","0","","","","","false"
000005578525000013,EX-21,"https://www.sec.gov/Archives/edgar/data/55785/000005578525000013/kmb10k2024exhibit21.htm",Failed,"FAILED","","0","","","","","false"
000095017025022012,EX-21,"https://www.sec.gov/Archives/edgar/data/56047/000095017025022012/kex-ex21/1.htm",Failed,"FAILED","","0","","","","","false"
000143774925012086,EX-21,"https://www.sec.gov/Archives/edgar/data/56868/000143774925012086/ex/801208.htm",Failed,"FAILED","","0","","","","","false"
000155837025004267,EX-21,"https://www.sec.gov/Archives/edgar/data/56873/000155837025004267/kr-20250201xex21d1.htm",Failed,"FAILED","","0","","","","","false"
000005836125000040,EX-21,"https://www.sec.gov/Archives/edgar/data/58361/000005836125000040/lee10-k9292025ex21.htm",Failed,"FAILED","","0","","","","","false"
000005947825000067,EX-21,"https://www.sec.gov/Archives/edgar/data/59478/000005947825000067/lly-20241231x10kexhibit21.htm",Failed,"FAILED","","0","","","","","false"
000005955825000023,EX-21,"https://www.sec.gov/Archives/edgar/data/59558/000005955825000023/exhibit21-lnc.htm",Failed,"FAILED","","0","","","","","false"
000095017025078615,EX-21,"https://www.sec.gov/Archives/edgar/data/5981/000095017025078615/avd-ex21.htm",Failed,"FAILED","","0","","","","","false"
000006008625000036,EX-21,"https://www.sec.gov/Archives/edgar/data/60086/000006008625000036/exhibit2101-q42024.htm",Failed,"FAILED","","0","","","","","false"
000006051925000005,EX-21,"https://www.sec.gov/Archives/edgar/data/60519/000006051925000005/lpx12312024ex21.htm",Failed,"FAILED","","0","","","","","false"
000095017025029046,EX-21,"https://www.sec.gov/Archives/edgar/data/60714/000095017025029046/lxu-ex21/1.htm",Failed,"FAILED","","0","","","","","false"
000095017025024838,EX-21,"https://www.sec.gov/Archives/edgar/data/61986/000095017025024838/mtw-ex21.htm",Failed,"FAILED","","0","","","","","false"
000006223425000006,EX-21,"https://www.sec.gov/Archives/edgar/data/62234/000006223425000006/mcs-20241226xex21.htm",Failed,"FAILED","","0","","","","","false"
000006329625000070,EX-21,"https://www.sec.gov/Archives/edgar/data/63296/000006329625000070/matw/93025xex21.htm",Failed,"FAILED","","0","","","","","false"
000006390825000012,EX-21,"https://www.sec.gov/Archives/edgar/data/63908/000006390825000012/mcd-ex2110xk.htm",Failed,"FAILED","","0","","","","","false"
000119312525150836,EX-21,"https://www.sec.gov/Archives/edgar/data/64472/000119312525150836/d877455dex211.htm",Failed,"FAILED","","0","","","","","false"
000119312525312742,EX-21,"https://www.sec.gov/Archives/edgar/data/64472/000119312525312742/d65222dex211.htm",Failed,"FAILED","","0","","","","","false"
000006480325000007,EX-21,"https://www.sec.gov/Archives/edgar/data/64803/000006480325000007/exhibit211-2024.htm",Failed,"FAILED","","0","","","","","false"
000117494725000251,EX-21,"https://www.sec.gov/Archives/edgar/data/66004/000117494725000251/ex21.htm",Failed,"FAILED","","0","","","","","false"
000164117225016966,EX-21,"https://www.sec.gov/Archives/edgar/data/66418/000164117225016966/ex21-1.htm",Failed,"FAILED","","0","","","","","false"
000006850525000012,EX-21,"https://www.sec.gov/Archives/edgar/data/68505/000006850525000012/msiex212024.htm",Failed,"FAILED","","0","","","","","false"
000149315225016154,EX-21,"https://www.sec.gov/Archives/edgar/data/69422/000149315225016154/ex21.htm",Failed,"FAILED","","0","","","","","false"
000095017025034598,EX-21,"https://www.sec.gov/Archives/edgar/data/69488/000095017025034598/mye-ex21.htm",Failed,"FAILED","","0","","","","","false"
000095017025029793,EX-21,"https://www.sec.gov/Archives/edgar/data/700565/000095017025029793/fmbh-ex21/1.htm",Failed,"FAILED","","0","","","","","false"
000143774925007557,EX-21,"https://www.sec.gov/Archives/edgar/data/700841/000143774925007557/ex/784501.htm",Failed,"FAILED","","0","","","","","false"
000070216525000008,EX-21,"https://www.sec.gov/Archives/edgar/data/702165/000070216525000008/nsc202410-kexhibit21.htm",Failed,"FAILED","","0","","","","","false"
000070335125000035,EX-21,"https://www.sec.gov/Archives/edgar/data/703351/000070335125000035/fy25q4ex-2110xk.htm",Failed,"FAILED","","0","","","","","false"
000070543225000020,EX-21,"https://www.sec.gov/Archives/edgar/data/705432/000070543225000020/sbsi/123124ex21.htm",Failed,"FAILED","","0","","","","","false"
000109690625000308,EX-21,"https://www.sec.gov/Archives/edgar/data/706698/000109690625000308/utmd/ex21z1.htm",Failed,"FAILED","","0","","","","","false"
000070686325000044,EX-21,"https://www.sec.gov/Archives/edgar/data/706863/000070686325000044/a123124exhibit211.htm",Failed,"FAILED","","0","","","","","false"
000070738825000040,EX-21,"https://www.sec.gov/Archives/edgar/data/707388/000070738825000040/starequity2024ex211subsidi.htm",Failed,"FAILED","","0","","","","","false"
000095017025034480,EX-21,"https://www.sec.gov/Archives/edgar/data/709337/000095017025034480/fmnb-ex21.htm",Failed,"FAILED","","0","","","","","false"
000106299325006533,EX-21,"https://www.sec.gov/Archives/edgar/data/711034/000106299325006533/exhibit21-1.htm",Failed,"FAILED","","0","","","","","false"
000095017025100064,EX-21,"https://www.sec.gov/Archives/edgar/data/711377/000095017025100064/neog-ex21.htm",Failed,"FAILED","","0","","","","","false"
000071253725000061,EX-21,"https://www.sec.gov/Archives/edgar/data/712537/000071253725000061/fcf-ex211/20241231x10xk.htm",Failed,"FAILED","","0","","","","","false"
000071367625000027,EX-21,"https://www.sec.gov/Archives/edgar/data/713676/000071367625000027/pnc-12312024xex21.htm",Failed,"FAILED","","0","","","","","false"
000071456225000010,EX-21,"https://www.sec.gov/Archives/edgar/data/714562/000071456225000010/thff-20241231xex21.htm",Failed,"FAILED","","0","","","","","false"
000071557925000030,EX-21,"https://www.sec.gov/Archives/edgar/data/715579/000071557925000030/a2024acnbexhibit2110k.htm",Failed,"FAILED","","0","","","","","false"
000071742325000006,EX-21,"https://www.sec.gov/Archives/edgar/data/717423/000071742325000006/mur-20241231xex211.htm",Failed,"FAILED","","0","","","","","false"
000071753825000023,EX-21,"https://www.sec.gov/Archives/edgar/data/717538/000071753825000023/ex21subs-2024.htm",Failed,"FAILED","","0","","","","","false"
000095017025014412,EX-21,"https://www.sec.gov/Archives/edgar/data/717605/000095017025014412/hxl-ex21.htm",Failed,"FAILED","","0","","","","","false"
000143774925023754,EX-21,"https://www.sec.gov/Archives/edgar/data/717720/000143774925023754/ex/840843.htm",Failed,"FAILED","","0","","","","","false"
000007182925000012,EX-21,"https://www.sec.gov/Archives/edgar/data/71829/000007182925000012/a2024q410kexhibit211.htm",Failed,"FAILED","","0","","","","","false"
000165495425003447,EX-21,"https://www.sec.gov/Archives/edgar/data/718413/000165495425003447/cmtv/ex21.htm",Failed,"FAILED","","0","","","","","false"
000071973325000086,EX-21,"https://www.sec.gov/Archives/edgar/data/719733/000071973325000086/q42024exhibit21ng1.htm",Failed,"FAILED","","0","","","","","false"
000162828025055483,EX-21,"https://www.sec.gov/Archives/edgar/data/720154/000162828025055483/notv-20250930xex211.htm",Failed,"FAILED","","0","","","","","false"
000072199425000087,EX-21,"https://www.sec.gov/Archives/edgar/data/721994/000072199425000087/a10kexhibit21112312024.htm",Failed,"FAILED","","0","","","","","false"
000095017025011000,EX-21,"https://www.sec.gov/Archives/edgar/data/72205/000095017025011000/ck0000072205-ex21/1.htm",Failed,"FAILED","","0","","","","","false"
000143774925012105,EX-21,"https://www.sec.gov/Archives/edgar/data/723269/000143774925012105/ex/795327.htm",Failed,"FAILED","","0","","","","","false"
000072364625000020,EX-21,"https://www.sec.gov/Archives/edgar/data/723646/000072364625000020/fraf-20241231xex21.htm",Failed,"FAILED","","0","","","","","false"
000155837025003553,EX-21,"https://www.sec.gov/Archives/edgar/data/724742/000155837025003553/tphs-20241231xex21d1.htm",Failed,"FAILED","","0","","","","","false"
000095017025054522,EX-21,"https://www.sec.gov/Archives/edgar/data/72573/000095017025054522/mov-ex21/1.htm",Failed,"FAILED","","0","","","","","false"
000072660125000013,EX-21,"https://www.sec.gov/Archives/edgar/data/726601/000072660125000013/exhibit21.htm",Failed,"FAILED","","0","","","","","false"
000072685425000037,EX-21,"https://www.sec.gov/Archives/edgar/data/726854/000072685425000037/exhibit2112-31x2024.htm",Failed,"FAILED","","0","","","","","false"
000072695825000065,EX-21,"https://www.sec.gov/Archives/edgar/data/726958/000072695825000065/casy-ex211/2025430xq4.htm",Failed,"FAILED","","0","","","","","false"
000143774925009714,EX-21,"https://www.sec.gov/Archives/edgar/data/727273/000143774925009714/ex/795284.htm",Failed,"FAILED","","0","","","","","false"
000095017025045242,EX-21,"https://www.sec.gov/Archives/edgar/data/728387/000095017025045242/catx-ex21/1.htm",Failed,"FAILED","","0","","","","","false"
000143774925004736,EX-21,"https://www.sec.gov/Archives/edgar/data/728535/000143774925004736/ex/779490.htm",Failed,"FAILED","","0","","","","","false"
000119312525042589,EX-21,"https://www.sec.gov/Archives/edgar/data/729986/000119312525042589/d915367dex211.htm",Failed,"FAILED","","0","","","","","false"
000073070825000045,EX-21,"https://www.sec.gov/Archives/edgar/data/730708/000073070825000045/sbcf2024123110kex-21.htm",Failed,"FAILED","","0","","","","","false"
000183988225014475,EX-21,"https://www.sec.gov/Archives/edgar/data/731122/000183988225014475/ex21-1.htm",Failed,"FAILED","","0","","","","","false"
000007312425000105,EX-21,"https://www.sec.gov/Archives/edgar/data/73124/000007312425000105/a202410-kex21.htm",Failed,"FAILED","","0","","","","","false"
000141057825000351,EX-21,"https://www.sec.gov/Archives/edgar/data/731653/000141057825000351/ubcp-20241231xex21.htm",Failed,"FAILED","","0","","","","","false"
000143774925029455,EX-21,"https://www.sec.gov/Archives/edgar/data/732026/000143774925029455/ex/799319.htm",Failed,"FAILED","","0","","","","","false"
000095017025025741,EX-21,"https://www.sec.gov/Archives/edgar/data/732834/000095017025025741/ck0000732834-ex21.htm",Failed,"FAILED","","0","","","","","false"
000095017025028427,EX-21,"https://www.sec.gov/Archives/edgar/data/73309/000095017025028427/nue-ex21.htm",Failed,"FAILED","","0","","","","","false"
000073359025000004,EX-21,"https://www.sec.gov/Archives/edgar/data/733590/000073359025000004/tci20241231ex211subsidiari.htm",Failed,"FAILED","","0","","","","","false"
000073787525000012,EX-21,"https://www.sec.gov/Archives/edgar/data/737875/000073787525000012/fkys-20241231xex21.htm",Failed,"FAILED","","0","","","","","false"
000143774925007768,EX-21,"https://www.sec.gov/Archives/edgar/data/738214/000143774925007768/ex/700962.htm",Failed,"FAILED","","0","","","","","false"
000114036125007274,EX-21,"https://www.sec.gov/Archives/edgar/data/739421/000114036125007274/ef20038946/ex21.htm",Failed,"FAILED","","0","","","","","false"
000074026025000052,EX-21,"https://www.sec.gov/Archives/edgar/data/740260/000074026025000052/vtr-ex21/123124.htm",Failed,"FAILED","","0","","","","","false"
000143774925001497,EX-21,"https://www.sec.gov/Archives/edgar/data/740664/000143774925001497/ex/763669.htm",Failed,"FAILED","","0","","","","","false"
000165495425003506,EX-21,"https://www.sec.gov/Archives/edgar/data/740806/000165495425003506/fmbm/ex211.htm",Failed,"FAILED","","0","","","","","false"
000007420825000010,EX-21,"https://www.sec.gov/Archives/edgar/data/74208/000007420825000010/udr-20241231xex21.htm",Failed,"FAILED","","0","","","","","false"
000143774925004501,EX-21,"https://www.sec.gov/Archives/edgar/data/743238/000143774925004501/ex/742523.htm",Failed,"FAILED","","0","","","","","false"
000143774925011052,EX-21,"https://www.sec.gov/Archives/edgar/data/744825/000143774925011052/ex/708284.htm",Failed,"FAILED","","0","","","","","false"
000074683825000008,EX-21,"https://www.sec.gov/Archives/edgar/data/746838/000074683825000008/ex2110-k2024.htm",Failed,"FAILED","","0","","","","","false"
000075000425000016,EX-21,"https://www.sec.gov/Archives/edgar/data/750004/000075000425000016/ex21-lnwlistofsubsidiaries.htm",Failed,"FAILED","","0","","","","","false"
000095017025040857,EX-21,"https://www.sec.gov/Archives/edgar/data/750558/000095017025040857/qnbc-ex21/1.htm",Failed,"FAILED","","0","","","","","false"
000119312525051574,EX-21,"https://www.sec.gov/Archives/edgar/data/750574/000119312525051574/d889705dex211.htm",Failed,"FAILED","","0","","","","","false"
000075068625000044,EX-21,"https://www.sec.gov/Archives/edgar/data/750686/000075068625000044/a123124exhibit211.htm",Failed,"FAILED","","0","","","","","false"
000162828025017640,EX-21,"https://www.sec.gov/Archives/edgar/data/751365/000162828025017640/virc-202513110kexhibit211.htm",Failed,"FAILED","","0","","","","","false"
000155837025001940,EX-21,"https://www.sec.gov/Archives/edgar/data/75252/000155837025001940/omi-20241231xex21d1.htm",Failed,"FAILED","","0","","","","","false"
000095017025023116,EX-21,"https://www.sec.gov/Archives/edgar/data/752714/000095017025023116/mgrc-ex21/1.htm",Failed,"FAILED","","0","","","","","false"
000143774925028574,EX-21,"https://www.sec.gov/Archives/edgar/data/754811/000143774925028574/ex/804571.htm",Failed,"FAILED","","0","","","","","false"
000095017025017154,EX-21,"https://www.sec.gov/Archives/edgar/data/755001/000095017025017154/utl-ex21/1.htm",Failed,"FAILED","","0","","","","","false"
000095017025028533,EX-21,"https://www.sec.gov/Archives/edgar/data/75677/000095017025028533/pkg-ex21/1.htm",Failed,"FAILED","","0","","","","","false"
000119312525043848,EX-21,"https://www.sec.gov/Archives/edgar/data/763901/000119312525043848/d924089dex211.htm",Failed,"FAILED","","0","","","","","false"
000155837025003375,EX-21,"https://www.sec.gov/Archives/edgar/data/763907/000155837025003375/func-20241231xex21.htm",Failed,"FAILED","","0","","","","","false"
000155837025001274,EX-21,"https://www.sec.gov/Archives/edgar/data/764038/000155837025001274/ssb-20241231xex21.htm",Failed,"FAILED","","0","","","","","false"
000076447825000007,EX-21,"https://www.sec.gov/Archives/edgar/data/764478/000076447825000007/bby-20250201xex21/1.htm",Failed,"FAILED","","0","","","","","false"
000076462225000023,EX-21,"https://www.sec.gov/Archives/edgar/data/764622/000076462225000023/pnw20241231exhibit211.htm",Failed,"FAILED","","0","","","","","false"
000162828025011264,EX-21,"https://www.sec.gov/Archives/edgar/data/775215/000162828025011264/hbt-20241231xex211.htm",Failed,"FAILED","","0","","","","","false"
000000778925000013,EX-21,"https://www.sec.gov/Archives/edgar/data/7789/000000778925000013/asb12312024ex21subsidiarie.htm",Failed,"FAILED","","0","","","","","false"
000156276225000036,EX-21,"https://www.sec.gov/Archives/edgar/data/78128/000156276225000036/wtrg-20241231xex21/1.htm",Failed,"FAILED","","0","","","","","false"
000143774925038836,EX-21,"https://www.sec.gov/Archives/edgar/data/783412/000143774925038836/ex/902871.htm",Failed,"FAILED","","0","","","","","false"
000143774925036456,EX-21,"https://www.sec.gov/Archives/edgar/data/785956/000143774925036456/ex/889220.htm",Failed,"FAILED","","0","","","","","false"
000155837025003141,EX-21,"https://www.sec.gov/Archives/edgar/data/788965/000155837025003141/hnrg-20241231xex21d1.htm",Failed,"FAILED","","0","","","","","false"
000095017025100235,EX-21,"https://www.sec.gov/Archives/edgar/data/789019/000095017025100235/msft-ex21.htm",Failed,"FAILED","","0","","","","","false"
000078957025000008,EX-21,"https://www.sec.gov/Archives/edgar/data/789570/000078957025000008/exhibit21-q42024.htm",Failed,"FAILED","","0","","","","","false"
000079005125000077,EX-21,"https://www.sec.gov/Archives/edgar/data/790051/000079005125000077/a2024-exhibit211.htm",Failed,"FAILED","","0","","","","","false"
000079081625000009,EX-21,"https://www.sec.gov/Archives/edgar/data/790816/000079081625000009/bdn2024-ex21xlistofsubsidi.htm",Failed,"FAILED","","0","","","","","false"
000095017025027602,EX-21,"https://www.sec.gov/Archives/edgar/data/792966/000095017025027602/fmao-ex21.htm",Failed,"FAILED","","0","","","","","false"
000149315225009377,EX-21,"https://www.sec.gov/Archives/edgar/data/793524/000149315225009377/ex21.htm",Failed,"FAILED","","0","","","","","false"
000079417025000112,EX-21,"https://www.sec.gov/Archives/edgar/data/794170/000079417025000112/tol-20251031x10kxex21.htm",Failed,"FAILED","","0","","","","","false"
000095017025046763,EX-21,"https://www.sec.gov/Archives/edgar/data/796534/000095017025046763/nksh-ex21.htm",Failed,"FAILED","","0","","","","","false"
000110935725000043,EX-21,"https://www.sec.gov/Archives/edgar/data/79732/000110935725000043/exc-20241231x10kxexh211.htm",Failed,"FAILED","","0","","","","","false"
000143774925007273,EX-21,"https://www.sec.gov/Archives/edgar/data/798287/000143774925007273/ex/785658.htm",Failed,"FAILED","","0","","","","","false"
000095017025027861,EX-21,"https://www.sec.gov/Archives/edgar/data/798783/000095017025027861/uht-ex21.htm",Failed,"FAILED","","0","","","","","false"
000007987925000034,EX-21,"https://www.sec.gov/Archives/edgar/data/79879/000007987925000034/ppg2024ex21-subsidiariesof.htm",Failed,"FAILED","","0","","","","","false"
000155837025004330,EX-21,"https://www.sec.gov/Archives/edgar/data/799165/000155837025004330/dwsn-20241231xex21d1.htm",Failed,"FAILED","","0","","","","","false"
000079923325000008,EX-21,"https://www.sec.gov/Archives/edgar/data/799233/000079923325000008/exhibit212024.htm",Failed,"FAILED","","0","","","","","false"
000079929225000018,EX-21,"https://www.sec.gov/Archives/edgar/data/799292/000079929225000018/exhibit21subsidiaries12-31.htm",Failed,"FAILED","","0","","","","","false"
000162828025039026,EX-21,"https://www.sec.gov/Archives/edgar/data/799850/000162828025039026/cmrt-20250430xexx211.htm",Failed,"FAILED","","0","","","","","false"
000162828025012640,EX-21,"https://www.sec.gov/Archives/edgar/data/80035/000162828025012640/plpc-10kxex21x2024q4.htm",Failed,"FAILED","","0","","","","","false"
000143774925007735,EX-21,"https://www.sec.gov/Archives/edgar/data/80172/000143774925007735/ex/752712.htm",Failed,"FAILED","","0","","","","","false"
000118518525000257,EX-21,"https://www.sec.gov/Archives/edgar/data/802257/000118518525000257/mitiex21-1.htm",Failed,"FAILED","","0","","","","","false"
000080248125000011,EX-21,"https://www.sec.gov/Archives/edgar/data/802481/000080248125000011/ppc-2024x12x29xexh21.htm",Failed,"FAILED","","0","","","","","false"
000095017025036839,EX-21,"https://www.sec.gov/Archives/edgar/data/803164/000095017025036839/cofs-ex21.htm",Failed,"FAILED","","0","","","","","false"
000008042025000152,EX-21,"https://www.sec.gov/Archives/edgar/data/80420/000008042025000152/exhibit21110k2025.htm",Failed,"FAILED","","0","","","","","false"
000080592825000017,EX-21,"https://www.sec.gov/Archives/edgar/data/805928/000080592825000017/exhibit211subsidiariesofax.htm",Failed,"FAILED","","0","","","","","false"
000080832625000007,EX-21,"https://www.sec.gov/Archives/edgar/data/808326/000080832625000007/ex211emcorecorporationsubs.htm",Failed,"FAILED","","0","","","","","false"
000008106125000007,EX-21,"https://www.sec.gov/Archives/edgar/data/81061/000008106125000007/ex21-publixxfy24q4.htm",Failed,"FAILED","","0","","","","","false"
000108539225000009,EX-21,"https://www.sec.gov/Archives/edgar/data/81100/000108539225000009/exhibit211-pe10k2024xq4.htm",Failed,"FAILED","","0","","","","","false"
000081367225000024,EX-21,"https://www.sec.gov/Archives/edgar/data/813672/000081367225000024/ex211cdns12312024.htm",Failed,"FAILED","","0","","","","","false"
000190359625000126,EX-21,"https://www.sec.gov/Archives/edgar/data/814926/000190359625000126/ex21/1.htm",Failed,"FAILED","","0","","","","","false"
000081847925000035,EX-21,"https://www.sec.gov/Archives/edgar/data/818479/000081847925000035/exhibit211q4202410-k.htm",Failed,"FAILED","","0","","","","","false"
000081979325000007,EX-21,"https://www.sec.gov/Archives/edgar/data/819793/000081979325000007/ain-20241231xex21.htm",Failed,"FAILED","","0","","","","","false"
000082002725000013,EX-21,"https://www.sec.gov/Archives/edgar/data/820027/000082002725000013/exhibit21-ampxx12312024.htm",Failed,"FAILED","","0","","","","","false"
000155837025001798,EX-21,"https://www.sec.gov/Archives/edgar/data/82020/000155837025001798/uslm-20241231xex21d1.htm",Failed,"FAILED","","0","","","","","false"
000155837025000714,EX-21,"https://www.sec.gov/Archives/edgar/data/820313/000155837025000714/aph-20241231xex21d1.htm",Failed,"FAILED","","0","","","","","false"
000164117225007998,EX-21,"https://www.sec.gov/Archives/edgar/data/82473/000164117225007998/ex21.htm",Failed,"FAILED","","0","","","","","false"
000082531325000014,EX-21,"https://www.sec.gov/Archives/edgar/data/825313/000082531325000014/ab123124ex21012024subsidia.htm",Failed,"FAILED","","0","","","","","false"
000121465925018518,EX-21,"https://www.sec.gov/Archives/edgar/data/825324/000121465925018518/ex21/1.htm",Failed,"FAILED","","0","","","","","false"
000082615425000090,EX-21,"https://www.sec.gov/Archives/edgar/data/826154/000082615425000090/ex212024123110k.htm",Failed,"FAILED","","0","","","","","false"
000083100125000067,EX-21,"https://www.sec.gov/Archives/edgar/data/831001/000083100125000067/citi-exh2101x12312024.htm",Failed,"FAILED","","0","","","","","false"
000083298825000018,EX-21,"https://www.sec.gov/Archives/edgar/data/832988/000083298825000018/fy25q410kexhibit211.htm",Failed,"FAILED","","0","","","","","false"
000162828025007962,EX-21,"https://www.sec.gov/Archives/edgar/data/835011/000162828025007962/ex2112312024-10xk.htm",Failed,"FAILED","","0","","","","","false"
000143774925007527,EX-21,"https://www.sec.gov/Archives/edgar/data/836147/000143774925007527/ex/729971.htm",Failed,"FAILED","","0","","","","","false"
000119312525248751,EX-21,"https://www.sec.gov/Archives/edgar/data/836157/000119312525248751/lnn-ex21.htm",Failed,"FAILED","","0","","","","","false"
000168316825002584,EX-21,"https://www.sec.gov/Archives/edgar/data/836564/000168316825002584/mosaic/ex2100.htm",Failed,"FAILED","","0","","","","","false"
000110465925123847,EX-21,"https://www.sec.gov/Archives/edgar/data/836690/000110465925123847/issc-20250930xex21.htm",Failed,"FAILED","","0","","","","","false"
000155837025003382,EX-21,"https://www.sec.gov/Archives/edgar/data/839470/000155837025003382/wwr-20241231xex21d1.htm",Failed,"FAILED","","0","","","","","false"
000175392625000516,EX-21,"https://www.sec.gov/Archives/edgar/data/840715/000175392625000516/ex211/2.htm",Failed,"FAILED","","0","","","","","false"
000084216225000010,EX-21,"https://www.sec.gov/Archives/edgar/data/842162/000084216225000010/lear-2024dec31/exx211subsi.htm",Failed,"FAILED","","0","","","","","false"
000084251725000053,EX-21,"https://www.sec.gov/Archives/edgar/data/842517/000084251725000053/isba/20241231xkxex21.htm",Failed,"FAILED","","0","","","","","false"
000008483925000024,EX-21,"https://www.sec.gov/Archives/edgar/data/84839/000008483925000024/exhibit21.htm",Failed,"FAILED","","0","","","","","false"
000162828025008838,EX-21,"https://www.sec.gov/Archives/edgar/data/850141/000162828025008838/hm123124ex21.htm",Failed,"FAILED","","0","","","","","false"
000164117225001563,EX-21,"https://www.sec.gov/Archives/edgar/data/8504/000164117225001563/ex21-1.htm",Failed,"FAILED","","0","","","","","false"
000085847025000075,EX-21,"https://www.sec.gov/Archives/edgar/data/858470/000085847025000075/ctra12312024ex211.htm",Failed,"FAILED","","0","","","","","false"
000143774925006683,EX-21,"https://www.sec.gov/Archives/edgar/data/859070/000143774925006683/ex/727561.htm",Failed,"FAILED","","0","","","","","false"
000086054625000008,EX-21,"https://www.sec.gov/Archives/edgar/data/860546/000086054625000008/cdp12312024ex211.htm",Failed,"FAILED","","0","","","","","false"
000095017025020134,EX-21,"https://www.sec.gov/Archives/edgar/data/860730/000095017025020134/hca-ex21.htm",Failed,"FAILED","","0","","","","","false"
000086074825000053,EX-21,"https://www.sec.gov/Archives/edgar/data/860748/000086074825000053/kmpr202412312024ex21.htm",Failed,"FAILED","","0","","","","","false"
000155837025001806,EX-21,"https://www.sec.gov/Archives/edgar/data/861884/000155837025001806/rs-20241231xex21.htm",Failed,"FAILED","","0","","","","","false"
000095017025037918,EX-21,"https://www.sec.gov/Archives/edgar/data/862831/000095017025037918/fisi-ex21.htm",Failed,"FAILED","","0","","","","","false"
000143774925009524,EX-21,"https://www.sec.gov/Archives/edgar/data/864240/000143774925009524/ex/792431.htm",Failed,"FAILED","","0","","","","","false"
000086627325000069,EX-21,"https://www.sec.gov/Archives/edgar/data/866273/000086627325000069/exhibit21-mtrxx2025x06x30x.htm",Failed,"FAILED","","0","","","","","false"
000086672925000020,EX-21,"https://www.sec.gov/Archives/edgar/data/866729/000086672925000020/exhibit21/5312025.htm",Failed,"FAILED","","0","","","","","false"
000101738625000053,EX-21,"https://www.sec.gov/Archives/edgar/data/867038/000101738625000053/exhibit/21.htm",Failed,"FAILED","","0","","","","","false"
000086885725000013,EX-21,"https://www.sec.gov/Archives/edgar/data/868857/000086885725000013/acm-20250930xexx211.htm",Failed,"FAILED","","0","","","","","false"
000162828025010797,EX-21,"https://www.sec.gov/Archives/edgar/data/872912/000162828025010797/ex21-subsidiariesoftheregi.htm",Failed,"FAILED","","0","","","","","false"
000095017025007638,EX-21,"https://www.sec.gov/Archives/edgar/data/87347/000095017025007638/slb-ex21.htm",Failed,"FAILED","","0","","","","","false"
000087476625000023,EX-21,"https://www.sec.gov/Archives/edgar/data/874766/000087476625000023/hig12312024-10xkex2101.htm",Failed,"FAILED","","0","","","","","false"
000087532025000053,EX-21,"https://www.sec.gov/Archives/edgar/data/875320/000087532025000053/a10k/2024-exhibit211.htm",Failed,"FAILED","","0","","","","","false"
000087535725000013,EX-21,"https://www.sec.gov/Archives/edgar/data/875357/000087535725000013/a20241231bokfex21.htm",Failed,"FAILED","","0","","","","","false"
000143774925010360,EX-21,"https://www.sec.gov/Archives/edgar/data/875657/000143774925010360/ex/793507.htm",Failed,"FAILED","","0","","","","","false"
000087643725000036,EX-21,"https://www.sec.gov/Archives/edgar/data/876437/000087643725000036/mtg-123124xex21q42024.htm",Failed,"FAILED","","0","","","","","false"
000087688325000009,EX-21,"https://www.sec.gov/Archives/edgar/data/876883/000087688325000009/exhibit21-subsidiaries.htm",Failed,"FAILED","","0","","","","","false"
000087721225000027,EX-21,"https://www.sec.gov/Archives/edgar/data/877212/000087721225000027/exhibit21-subsidiariesofth.htm",Failed,"FAILED","","0","","","","","false"
000087786025000027,EX-21,"https://www.sec.gov/Archives/edgar/data/877860/000087786025000027/nhi-12312024x10kex21.htm",Failed,"FAILED","","0","","","","","false"
000087963525000030,EX-21,"https://www.sec.gov/Archives/edgar/data/879635/000087963525000030/mpb-20241231xexx21.htm",Failed,"FAILED","","0","","","","","false"
000143774925010172,EX-21,"https://www.sec.gov/Archives/edgar/data/880242/000143774925010172/ex/701322.htm",Failed,"FAILED","","0","","","","","false"
000095017025039227,EX-21,"https://www.sec.gov/Archives/edgar/data/880417/000095017025039227/csbb-ex21.htm",Failed,"FAILED","","0","","","","","false"
000095017025047778,EX-21,"https://www.sec.gov/Archives/edgar/data/880641/000095017025047778/efsi-ex21/1.htm",Failed,"FAILED","","0","","","","","false"
000143774925017986,EX-21,"https://www.sec.gov/Archives/edgar/data/880807/000143774925017986/ex/774519.htm",Failed,"FAILED","","0","","","","","false"
000000881825000003,EX-21,"https://www.sec.gov/Archives/edgar/data/8818/000000881825000003/ex-21avyx20241228.htm",Failed,"FAILED","","0","","","","","false"
000168316825004780,EX-21,"https://www.sec.gov/Archives/edgar/data/882291/000168316825004780/aethlon/ex2101.htm",Failed,"FAILED","","0","","","","","false"
000088390225000004,EX-21,"https://www.sec.gov/Archives/edgar/data/883902/000088390225000004/a20241231exhibit21/1.htm",Failed,"FAILED","","0","","","","","false"
000088524525000052,EX-21,"https://www.sec.gov/Archives/edgar/data/885245/000088524525000052/bke20250201-10kex21.htm",Failed,"FAILED","","0","","","","","false"
000095017025029576,EX-21,"https://www.sec.gov/Archives/edgar/data/885275/000095017025029576/ck0000885275-ex21/1.htm",Failed,"FAILED","","0","","","","","false"
000088555025000012,EX-21,"https://www.sec.gov/Archives/edgar/data/885550/000088555025000012/cacc-20241231xex21.htm",Failed,"FAILED","","0","","","","","false"
000088572525000011,EX-21,"https://www.sec.gov/Archives/edgar/data/885725/000088572525000011/exhibit21-listofsubsidiari.htm",Failed,"FAILED","","0","","","","","false"
000088620625000085,EX-21,"https://www.sec.gov/Archives/edgar/data/886206/000088620625000085/fc-20250831xex21.htm",Failed,"FAILED","","0","","","","","false"
000095017025027982,EX-21,"https://www.sec.gov/Archives/edgar/data/886744/000095017025027982/gern-ex21/1.htm",Failed,"FAILED","","0","","","","","false"
000162828025008447,EX-21,"https://www.sec.gov/Archives/edgar/data/887359/000162828025008447/ex211subsidiariesofregistr.htm",Failed,"FAILED","","0","","","","","false"
000141057825000195,EX-21,"https://www.sec.gov/Archives/edgar/data/887596/000141057825000195/cake-20241231xex21d1.htm",Failed,"FAILED","","0","","","","","false"
000199937125003528,EX-21,"https://www.sec.gov/Archives/edgar/data/889348/000199937125003528/ex21.htm",Failed,"FAILED","","0","","","","","false"
000008894125000068,EX-21,"https://www.sec.gov/Archives/edgar/data/88941/000008894125000068/smtc-01262025xex211.htm",Failed,"FAILED","","0","","","","","false"
000165495425011130,EX-21,"https://www.sec.gov/Archives/edgar/data/889971/000165495425011130/lpth/ex211.htm",Failed,"FAILED","","0","","","","","false"
000089056425000008,EX-21,"https://www.sec.gov/Archives/edgar/data/890564/000089056425000008/ex211subsoftheregistrant20.htm",Failed,"FAILED","","0","","","","","false"
000008908925000011,EX-21,"https://www.sec.gov/Archives/edgar/data/89089/000008908925000011/sci-12312024x10kxex211.htm",Failed,"FAILED","","0","","","","","false"
000095017025021241,EX-21,"https://www.sec.gov/Archives/edgar/data/890926/000095017025021241/rdn-ex21.htm",Failed,"FAILED","","0","","","","","false"
000089116625000025,EX-21,"https://www.sec.gov/Archives/edgar/data/891166/000089116625000025/uve-ex21/1012312024.htm",Failed,"FAILED","","0","","","","","false"
000149315225010161,EX-21,"https://www.sec.gov/Archives/edgar/data/891532/000149315225010161/ex21-1.htm",Failed,"FAILED","","0","","","","","false"
000089255325000039,EX-21,"https://www.sec.gov/Archives/edgar/data/892553/000089255325000039/a211listofsubsidiaries.htm",Failed,"FAILED","","0","","","","","false"
000089353825000008,EX-21,"https://www.sec.gov/Archives/edgar/data/893538/000089353825000008/exhibit211-subsidiaries123.htm",Failed,"FAILED","","0","","","","","false"
000095017025023730,EX-21,"https://www.sec.gov/Archives/edgar/data/893949/000095017025023730/md-ex21/1.htm",Failed,"FAILED","","0","","","","","false"
000143774925005937,EX-21,"https://www.sec.gov/Archives/edgar/data/894081/000143774925005937/ex/648040.htm",Failed,"FAILED","","0","","","","","false"
000095017025029989,EX-21,"https://www.sec.gov/Archives/edgar/data/894315/000095017025029989/sitc-ex21/1.htm",Failed,"FAILED","","0","","","","","false"
000164033425000558,EX-21,"https://www.sec.gov/Archives/edgar/data/894556/000164033425000558/gevi/ex211.htm",Failed,"FAILED","","0","","","","","false"
000089462725000014,EX-21,"https://www.sec.gov/Archives/edgar/data/894627/000089462725000014/egy-20241231xex211listofsu.htm",Failed,"FAILED","","0","","","","","false"
000089512625000021,EX-21,"https://www.sec.gov/Archives/edgar/data/895126/000089512625000021/exe-ex/21x20241231x10k.htm",Failed,"FAILED","","0","","","","","false"
000089541725000013,EX-21,"https://www.sec.gov/Archives/edgar/data/895417/000089541725000013/exhibit21-subsidiariesofre.htm",Failed,"FAILED","","0","","","","","false"
000089541925000110,EX-21,"https://www.sec.gov/Archives/edgar/data/895419/000089541925000110/wolfspeedex211.htm",Failed,"FAILED","","0","","","","","false"
000143774925008025,EX-21,"https://www.sec.gov/Archives/edgar/data/895456/000143774925008025/ex/728859.htm",Failed,"FAILED","","0","","","","","false"
000089615925000004,EX-21,"https://www.sec.gov/Archives/edgar/data/896159/000089615925000004/cb-12312024xex211.htm",Failed,"FAILED","","0","","","","","false"
000089626225000018,EX-21,"https://www.sec.gov/Archives/edgar/data/896262/000089626225000018/a202410-kexhibit211.htm",Failed,"FAILED","","0","","","","","false"
000089662225000007,EX-21,"https://www.sec.gov/Archives/edgar/data/896622/000089662225000007/atr-20241231x10kexx21.htm",Failed,"FAILED","","0","","","","","false"
000089905125000015,EX-21,"https://www.sec.gov/Archives/edgar/data/899051/000089905125000015/exhibit21allcorp123124.htm",Failed,"FAILED","","0","","","","","false"
000108131625000004,EX-21,"https://www.sec.gov/Archives/edgar/data/90144/000108131625000004/bhe123124ex211.htm",Failed,"FAILED","","0","","","","","false"
000162828025008427,EX-21,"https://www.sec.gov/Archives/edgar/data/901491/000162828025008427/pzza-20241229x10kxexx21.htm",Failed,"FAILED","","0","","","","","false"
000095017025039389,EX-21,"https://www.sec.gov/Archives/edgar/data/906709/000095017025039389/nktr-ex21/1.htm",Failed,"FAILED","","0","","","","","false"
000090725425000022,EX-21,"https://www.sec.gov/Archives/edgar/data/907254/000090725425000022/bfs-12312024xex21.htm",Failed,"FAILED","","0","","","","","false"
000090893725000005,EX-21,"https://www.sec.gov/Archives/edgar/data/908937/000090893725000005/exhibit211-20241231.htm",Failed,"FAILED","","0","","","","","false"
000143774925007558,EX-21,"https://www.sec.gov/Archives/edgar/data/909494/000143774925007558/ex/747748.htm",Failed,"FAILED","","0","","","","","false"
000114036125006103,EX-21,"https://www.sec.gov/Archives/edgar/data/909724/000114036125006103/ef20039035/ex21-1.htm",Failed,"FAILED","","0","","","","","false"
000091007325000038,EX-21,"https://www.sec.gov/Archives/edgar/data/910073/000091007325000038/ex21-subsactivity2024.htm",Failed,"FAILED","","0","","","","","false"
000091224225000023,EX-21,"https://www.sec.gov/Archives/edgar/data/912242/000091224225000023/mac-20241231xex211xsubsidi.htm",Failed,"FAILED","","0","","","","","false"
000091256225000007,EX-21,"https://www.sec.gov/Archives/edgar/data/912562/000091256225000007/q42024exhibit211.htm",Failed,"FAILED","","0","","","","","false"
000091259325000086,EX-21,"https://www.sec.gov/Archives/edgar/data/912593/000091259325000086/exhibit211listofsubsidiari.htm",Failed,"FAILED","","0","","","","","false"
000162828025014482,EX-21,"https://www.sec.gov/Archives/edgar/data/912728/000162828025014482/fwrdex2112024.htm",Failed,"FAILED","","0","","","","","false"
000155837025001595,EX-21,"https://www.sec.gov/Archives/edgar/data/912767/000155837025001595/ufpi-20241228xex21.htm",Failed,"FAILED","","0","","","","","false"
000143774925014095,EX-21,"https://www.sec.gov/Archives/edgar/data/914122/000143774925014095/ex/760672.htm",Failed,"FAILED","","0","","","","","false"
000143774925008997,EX-21,"https://www.sec.gov/Archives/edgar/data/914139/000143774925008997/ex/793056.htm",Failed,"FAILED","","0","","","","","false"
000117184325001192,EX-21,"https://www.sec.gov/Archives/edgar/data/914156/000117184325001192/ex/781334.htm",Failed,"FAILED","","0","","","","","false"
000091538925000012,EX-21,"https://www.sec.gov/Archives/edgar/data/915389/000091538925000012/ex2101-20241231subsidiaries.htm",Failed,"FAILED","","0","","","","","false"
000091591225000005,EX-21,"https://www.sec.gov/Archives/edgar/data/915912/000091591225000005/ex-2112024.htm",Failed,"FAILED","","0","","","","","false"
000091591325000026,EX-21,"https://www.sec.gov/Archives/edgar/data/915913/000091591325000026/exhibit2111231202410-k.htm",Failed,"FAILED","","0","","","","","false"
000095017025024770,EX-21,"https://www.sec.gov/Archives/edgar/data/916076/000095017025024770/mlm-ex21/01.htm",Failed,"FAILED","","0","","","","","false"
000165495425002628,EX-21,"https://www.sec.gov/Archives/edgar/data/917225/000165495425002628/xpl/ex211.htm",Failed,"FAILED","","0","","","","","false"
000155837025000803,EX-21,"https://www.sec.gov/Archives/edgar/data/917251/000155837025000803/adc-20241231xex21.htm",Failed,"FAILED","","0","","","","","false"
000091727325000021,EX-21,"https://www.sec.gov/Archives/edgar/data/917273/000091727325000021/rmbs-ex211/2024123110k.htm",Failed,"FAILED","","0","","","","","false"
000009176725000014,EX-21,"https://www.sec.gov/Archives/edgar/data/91767/000009176725000014/sonexhibit212024.htm",Failed,"FAILED","","0","","","","","false"
000114036125021940,EX-21,"https://www.sec.gov/Archives/edgar/data/918251/000114036125021940/ef20046978/ex21-1.htm",Failed,"FAILED","","0","","","","","false"
000095017025042746,EX-21,"https://www.sec.gov/Archives/edgar/data/919012/000095017025042746/aeo-ex21.htm",Failed,"FAILED","","0","","","","","false"
000143774925010182,EX-21,"https://www.sec.gov/Archives/edgar/data/919864/000143774925010182/ex/793374.htm",Failed,"FAILED","","0","","","","","false"
000092014825000032,EX-21,"https://www.sec.gov/Archives/edgar/data/920148/000092014825000032/exhibit2112024.htm",Failed,"FAILED","","0","","","","","false"
000092037125000051,EX-21,"https://www.sec.gov/Archives/edgar/data/920371/000092037125000051/exhibit21listofsubsidiar.htm",Failed,"FAILED","","0","","","","","false"
000092042725000016,EX-21,"https://www.sec.gov/Archives/edgar/data/920427/000092042725000016/unty-20241231xex21.htm",Failed,"FAILED","","0","","","","","false"
000092052225000024,EX-21,"https://www.sec.gov/Archives/edgar/data/920522/000092052225000024/ess-123124xex211.htm",Failed,"FAILED","","0","","","","","false"
000162828025006389,EX-21,"https://www.sec.gov/Archives/edgar/data/92116/000162828025006389/ex21subsidiariesofawr-2024.htm",Failed,"FAILED","","0","","","","","false"
000110465925099508,EX-21,"https://www.sec.gov/Archives/edgar/data/922358/000110465925099508/fgp-20250731xex21d1.htm",Failed,"FAILED","","0","","","","","false"
000095017025029972,EX-21,"https://www.sec.gov/Archives/edgar/data/923796/000095017025029972/geo-ex21/1.htm",Failed,"FAILED","","0","","","","","false"
000119312525319294,EX-21,"https://www.sec.gov/Archives/edgar/data/924383/000119312525319294/gnss-ex21/1.htm",Failed,"FAILED","","0","","","","","false"
000141057825000323,EX-21,"https://www.sec.gov/Archives/edgar/data/925528/000141057825000323/hdsn-20241231xex21.htm",Failed,"FAILED","","0","","","","","false"
000092765325000036,EX-21,"https://www.sec.gov/Archives/edgar/data/927653/000092765325000036/mck/exhibit21x3312025.htm",Failed,"FAILED","","0","","","","","false"
000092805425000017,EX-21,"https://www.sec.gov/Archives/edgar/data/928054/000092805425000017/ex211subsdiaries-q42024.htm",Failed,"FAILED","","0","","","","","false"
000143774925005696,EX-21,"https://www.sec.gov/Archives/edgar/data/928658/000143774925005696/ex/702458.htm",Failed,"FAILED","","0","","","","","false"
000162828025005817,EX-21,"https://www.sec.gov/Archives/edgar/data/932696/000162828025005817/exhibit/21.htm",Failed,"FAILED","","0","","","","","false"
000155278125000082,EX-21,"https://www.sec.gov/Archives/edgar/data/932781/000155278125000082/e25084/ex21-1.htm",Failed,"FAILED","","0","","","","","false"
000095017025111218,EX-21,"https://www.sec.gov/Archives/edgar/data/933034/000095017025111218/strt-ex21.htm",Failed,"FAILED","","0","","","","","false"
000093303625000042,EX-21,"https://www.sec.gov/Archives/edgar/data/933036/000093303625000042/ex-211/q4x2024.htm",Failed,"FAILED","","0","","","","","false"
000147793225002231,EX-21,"https://www.sec.gov/Archives/edgar/data/93314/000147793225002231/vnrx/ex211.htm",Failed,"FAILED","","0","","","","","false"
000093454925000004,EX-21,"https://www.sec.gov/Archives/edgar/data/934549/000093454925000004/actg-20241231xex211.htm",Failed,"FAILED","","0","","","","","false"
000093503625000006,EX-21,"https://www.sec.gov/Archives/edgar/data/935036/000093503625000006/aciw-20241231xexx2101.htm",Failed,"FAILED","","0","","","","","false"
000093646825000009,EX-21,"https://www.sec.gov/Archives/edgar/data/936468/000093646825000009/ex21q42024.htm",Failed,"FAILED","","0","","","","","false"
000009375125000111,EX-21,"https://www.sec.gov/Archives/edgar/data/93751/000009375125000111/exhibit21-december312024.htm",Failed,"FAILED","","0","","","","","false"
000155837025001190,EX-21,"https://www.sec.gov/Archives/edgar/data/9389/000155837025001190/ball-20241231xex21.htm",Failed,"FAILED","","0","","","","","false"
000094094425000038,EX-21,"https://www.sec.gov/Archives/edgar/data/940944/000094094425000038/dri202510-kex21.htm",Failed,"FAILED","","0","","","","","false"
000092108225000004,EX-21,"https://www.sec.gov/Archives/edgar/data/941713/000092108225000004/hiw12312024ex21.htm",Failed,"FAILED","","0","","","","","false"
000162828025005100,EX-21,"https://www.sec.gov/Archives/edgar/data/943452/000162828025005100/wabex210-10k2024.htm",Failed,"FAILED","","0","","","","","false"
000164117225004775,EX-21,"https://www.sec.gov/Archives/edgar/data/943535/000164117225004775/ex21-1.htm",Failed,"FAILED","","0","","","","","false"
000094413025000007,EX-21,"https://www.sec.gov/Archives/edgar/data/944130/000094413025000007/mpic-20241231xex21d1.htm",Failed,"FAILED","","0","","","","","false"
000095017025025093,EX-21,"https://www.sec.gov/Archives/edgar/data/944695/000095017025025093/thg-ex21.htm",Failed,"FAILED","","0","","","","","false"
000094755925000007,EX-21,"https://www.sec.gov/Archives/edgar/data/947559/000094755925000007/fbms-20041231xexx211.htm",Failed,"FAILED","","0","","","","","false"
000094870825000004,EX-21,"https://www.sec.gov/Archives/edgar/data/948708/000094870825000004/smsi-20241231xexx211.htm",Failed,"FAILED","","0","","","","","false"
000095017025036831,EX-21,"https://www.sec.gov/Archives/edgar/data/949858/000095017025036831/achv-ex21/1.htm",Failed,"FAILED","","0","","","","","false"
000095017025026756,EX-21,"https://www.sec.gov/Archives/edgar/data/949870/000095017025026756/sam-ex21/1.htm",Failed,"FAILED","","0","","","","","false"
000199937125002901,EX-21,"https://www.sec.gov/Archives/edgar/data/949961/000199937125002901/ex21-1.htm",Failed,"FAILED","","0","","","","","false"
000009595325000007,EX-21,"https://www.sec.gov/Archives/edgar/data/95953/000009595325000007/acnt-20241231x10kex211.htm",Failed,"FAILED","","0","","","","","false"
000009686925000006,EX-21,"https://www.sec.gov/Archives/edgar/data/96869/000009686925000006/exhibit21listofsubs202410k.htm",Failed,"FAILED","","0","","","","","false"
000009978025000015,EX-21,"https://www.sec.gov/Archives/edgar/data/99780/000009978025000015/exh21listofsubsidiaries123.htm",Failed,"FAILED","","0","","","","","false"
000155837025005643,EX-8,"https://www.sec.gov/Archives/edgar/data/1001807/000155837025005643/tmb-20241231xex8d1.htm",Failed,"FAILED","","0","","","","","false"
000157587225000261,EX-8,"https://www.sec.gov/Archives/edgar/data/1004156/000157587225000261/ara018/ex8-1.htm",Failed,"FAILED","","0","","","","","false"
000117184325002591,EX-8,"https://www.sec.gov/Archives/edgar/data/1015647/000117184325002591/exh/8.htm",Failed,"FAILED","","0","","","","","false"
000165495425004888,EX-8,"https://www.sec.gov/Archives/edgar/data/1026662/000165495425004888/clwt/ex81.htm",Failed,"FAILED","","0","","","","","false"
000121390025059629,EX-8,"https://www.sec.gov/Archives/edgar/data/1026785/000121390025059629/ea024638301ex8-1/highway.htm",Failed,"FAILED","","0","","","","","false"
000102755225000035,EX-8,"https://www.sec.gov/Archives/edgar/data/1027552/000102755225000035/bsac-exhibit81subsidiaries.htm",Failed,"FAILED","","0","","","","","false"
000162828025013971,EX-8,"https://www.sec.gov/Archives/edgar/data/1027664/000162828025013971/exhibit8-2024.htm",Failed,"FAILED","","0","","","","","false"
000162828025010764,EX-8,"https://www.sec.gov/Archives/edgar/data/1039765/000162828025010764/a2024exhibit8.htm",Failed,"FAILED","","0","","","","","false"
000119312525083423,EX-8,"https://www.sec.gov/Archives/edgar/data/1046179/000119312525083423/d896993dex81.htm",Failed,"FAILED","","0","","","","","false"
000129281425001805,EX-8,"https://www.sec.gov/Archives/edgar/data/1049659/000129281425001805/ex08-1.htm",Failed,"FAILED","","0","","","","","false"
000095017025091925,EX-8,"https://www.sec.gov/Archives/edgar/data/1067491/000095017025091925/infy-ex8/1.htm",Failed,"FAILED","","0","","","","","false"
000157587225000398,EX-8,"https://www.sec.gov/Archives/edgar/data/1094324/000157587225000398/sify065/ex8-1.htm",Failed,"FAILED","","0","","","","","false"
000164117225003456,EX-8,"https://www.sec.gov/Archives/edgar/data/1113423/000164117225003456/ex8-1.htm",Failed,"FAILED","","0","","","","","false"
000121390025035593,EX-8,"https://www.sec.gov/Archives/edgar/data/1161125/000121390025035593/ea023375901ex8-1/banco.htm",Failed,"FAILED","","0","","","","","false"
000117272425000010,EX-8,"https://www.sec.gov/Archives/edgar/data/1172724/000117272425000010/exhibit81.htm",Failed,"FAILED","","0","","","","","false"
000119312525089950,EX-8,"https://www.sec.gov/Archives/edgar/data/1263043/000119312525089950/d895587dex81.htm",Failed,"FAILED","","0","","","","","false"
000119312525078429,EX-8,"https://www.sec.gov/Archives/edgar/data/1269238/000119312525078429/d779353dex81.htm",Failed,"FAILED","","0","","","","","false"
000110465925114997,EX-8,"https://www.sec.gov/Archives/edgar/data/1294404/000110465925114997/sfuny-20241231xex8d1.htm",Failed,"FAILED","","0","","","","","false"
000162828025019782,EX-8,"https://www.sec.gov/Archives/edgar/data/1313310/000162828025019782/exhibit81listofregistrants.htm",Failed,"FAILED","","0","","","","","false"
000156276225000050,EX-8,"https://www.sec.gov/Archives/edgar/data/1318885/000156276225000050/exhibit81.htm",Failed,"FAILED","","0","","","","","false"
000119312525066199,EX-8,"https://www.sec.gov/Archives/edgar/data/1329099/000119312525066199/d853848dex81.htm",Failed,"FAILED","","0","","","","","false"
000137878925000007,EX-8,"https://www.sec.gov/Archives/edgar/data/1378789/000137878925000007/aercap202420-fxex81.htm",Failed,"FAILED","","0","","","","","false"
000119312525059759,EX-8,"https://www.sec.gov/Archives/edgar/data/1381640/000119312525059759/d894115dex81.htm",Failed,"FAILED","","0","","","","","false"
000095017025046904,EX-8,"https://www.sec.gov/Archives/edgar/data/1415921/000095017025046904/nmm-ex8/1.htm",Failed,"FAILED","","0","","","","","false"
000141057825000679,EX-8,"https://www.sec.gov/Archives/edgar/data/1420529/000141057825000679/aacg-20241231xex8d1.htm",Failed,"FAILED","","0","","","","","false"
000162828025020401,EX-8,"https://www.sec.gov/Archives/edgar/data/1432364/000162828025020401/exhibit81/listofsubsidiari.htm",Failed,"FAILED","","0","","","","","false"
000110465925099502,EX-8,"https://www.sec.gov/Archives/edgar/data/1442620/000110465925099502/rcon-20250630xex8d1.htm",Failed,"FAILED","","0","","","","","false"
000114036125009905,EX-8,"https://www.sec.gov/Archives/edgar/data/1448397/000114036125009905/ef20039029/ex8-1.htm",Failed,"FAILED","","0","","","","","false"
000146852225000034,EX-8,"https://www.sec.gov/Archives/edgar/data/1468522/000146852225000034/exhibit81-listofsubsidia.htm",Failed,"FAILED","","0","","","","","false"
000141057825000907,EX-8,"https://www.sec.gov/Archives/edgar/data/1472072/000141057825000907/ccm-20241231xex8d1.htm",Failed,"FAILED","","0","","","","","false"
000148393425000021,EX-8,"https://www.sec.gov/Archives/edgar/data/1483934/000148393425000021/fy2024-exhibit81.htm",Failed,"FAILED","","0","","","","","false"
000141057825000900,EX-8,"https://www.sec.gov/Archives/edgar/data/1483994/000141057825000900/htht-20241231xex8d1.htm",Failed,"FAILED","","0","","","","","false"
000149950525000006,EX-8,"https://www.sec.gov/Archives/edgar/data/1499505/000149950525000006/exhibit8112312024.htm",Failed,"FAILED","","0","","","","","false"
000141057825000852,EX-8,"https://www.sec.gov/Archives/edgar/data/1499543/000141057825000852/noah-20241231xex8d1.htm",Failed,"FAILED","","0","","","","","false"
000121390025103992,EX-8,"https://www.sec.gov/Archives/edgar/data/1499849/000121390025103992/ea026220501ex8-1/brasil.htm",Failed,"FAILED","","0","","","","","false"
000119312525035910,EX-8,"https://www.sec.gov/Archives/edgar/data/1512717/000119312525035910/d857007dex8.htm",Failed,"FAILED","","0","","","","","false"
000141057825000990,EX-8,"https://www.sec.gov/Archives/edgar/data/1517496/000141057825000990/btcm-20241231xex8d1.htm",Failed,"FAILED","","0","","","","","false"
000129281425001765,EX-8,"https://www.sec.gov/Archives/edgar/data/1520504/000129281425001765/ex08-1.htm",Failed,"FAILED","","0","","","","","false"
000141057825000609,EX-8,"https://www.sec.gov/Archives/edgar/data/1523836/000141057825000609/litb-20241231xex8d1.htm",Failed,"FAILED","","0","","","","","false"
000095017025053940,EX-8,"https://www.sec.gov/Archives/edgar/data/1527636/000095017025053940/athm-ex8/1.htm",Failed,"FAILED","","0","","","","","false"
000164117225007755,EX-8,"https://www.sec.gov/Archives/edgar/data/1527762/000164117225007755/ex8-1.htm",Failed,"FAILED","","0","","","","","false"
000162828025009110,EX-8,"https://www.sec.gov/Archives/edgar/data/1557860/000162828025009110/globex8112312024.htm",Failed,"FAILED","","0","","","","","false"
000129281425000831,EX-8,"https://www.sec.gov/Archives/edgar/data/1565025/000129281425000831/ex08-1.htm",Failed,"FAILED","","0","","","","","false"
000095017025090161,EX-8,"https://www.sec.gov/Archives/edgar/data/1577552/000095017025090161/baba-ex8/1.htm",Failed,"FAILED","","0","","","","","false"
000121390025037657,EX-8,"https://www.sec.gov/Archives/edgar/data/1596812/000121390025037657/ea023916101ex8-1/enlivex.htm",Failed,"FAILED","","0","","","","","false"
000095017025039038,EX-8,"https://www.sec.gov/Archives/edgar/data/1627281/000095017025039038/clls-ex8/1.htm",Failed,"FAILED","","0","","","","","false"
000141057825000377,EX-8,"https://www.sec.gov/Archives/edgar/data/1648257/000141057825000377/hcm-20241231xex8d1.htm",Failed,"FAILED","","0","","","","","false"
000155837025005756,EX-8,"https://www.sec.gov/Archives/edgar/data/1659939/000155837025005756/enic-20241231xex8d1.htm",Failed,"FAILED","","0","","","","","false"
000166073425000004,EX-8,"https://www.sec.gov/Archives/edgar/data/1660734/000166073425000004/exhibit81listofsubsidiar.htm",Failed,"FAILED","","0","","","","","false"
000164117225005409,EX-8,"https://www.sec.gov/Archives/edgar/data/1691445/000164117225005409/ex8-1.htm",Failed,"FAILED","","0","","","","","false"
000095017025055749,EX-8,"https://www.sec.gov/Archives/edgar/data/1708259/000095017025055749/lx-ex8/1.htm",Failed,"FAILED","","0","","","","","false"
000162828025020406,EX-8,"https://www.sec.gov/Archives/edgar/data/1712807/000162828025020406/exhibit81-listafinalxsubsi.htm",Failed,"FAILED","","0","","","","","false"
000119312525059760,EX-8,"https://www.sec.gov/Archives/edgar/data/1713334/000119312525059760/d907381dex81.htm",Failed,"FAILED","","0","","","","","false"
000141057825000926,EX-8,"https://www.sec.gov/Archives/edgar/data/1713923/000141057825000926/jt-20241231xex8d1.htm",Failed,"FAILED","","0","","","","","false"
000162828025014602,EX-8,"https://www.sec.gov/Archives/edgar/data/1715497/000162828025014602/a81subsidiarieslist.htm",Failed,"FAILED","","0","","","","","false"
000141057825000773,EX-8,"https://www.sec.gov/Archives/edgar/data/1716338/000141057825000773/pt-20241231xex8d1.htm",Failed,"FAILED","","0","","","","","false"
000141057825000513,EX-8,"https://www.sec.gov/Archives/edgar/data/1717393/000141057825000513/caap-20241231xex8d1.htm",Failed,"FAILED","","0","","","","","false"
000162828025019653,EX-8,"https://www.sec.gov/Archives/edgar/data/1745431/000162828025019653/exhibit0801-subsidiariesof.htm",Failed,"FAILED","","0","","","","","false"
000121390025034322,EX-8,"https://www.sec.gov/Archives/edgar/data/1750593/000121390025034322/ea023572701ex8-1/fangdd.htm",Failed,"FAILED","","0","","","","","false"
000095017025056953,EX-8,"https://www.sec.gov/Archives/edgar/data/1756699/000095017025056953/tigr-ex8/1.htm",Failed,"FAILED","","0","","","","","false"
000164117225000949,EX-8,"https://www.sec.gov/Archives/edgar/data/1786286/000164117225000949/ex8-1.htm",Failed,"FAILED","","0","","","","","false"
000178690925000021,EX-8,"https://www.sec.gov/Archives/edgar/data/1786909/000178690925000021/ex81significantsubs.htm",Failed,"FAILED","","0","","","","","false"
000164117225010279,EX-8,"https://www.sec.gov/Archives/edgar/data/1787803/000164117225010279/ex8-1.htm",Failed,"FAILED","","0","","","","","false"
000162828025012875,EX-8,"https://www.sec.gov/Archives/edgar/data/1794846/000162828025012875/atlas-q4x24exhibit81.htm",Failed,"FAILED","","0","","","","","false"
000119312525078014,EX-8,"https://www.sec.gov/Archives/edgar/data/1799207/000119312525078014/d921415dex81.htm",Failed,"FAILED","","0","","","","","false"
000162828025029217,EX-8,"https://www.sec.gov/Archives/edgar/data/1799983/000162828025029217/ex81-significantsubsidia.htm",Failed,"FAILED","","0","","","","","false"
000180119825000012,EX-8,"https://www.sec.gov/Archives/edgar/data/1801198/000180119825000012/exhibit8/11.htm",Failed,"FAILED","","0","","","","","false"
000121390025126219,EX-8,"https://www.sec.gov/Archives/edgar/data/1806904/000121390025126219/ea027079501ex8-1/ezgotech.htm",Failed,"FAILED","","0","","","","","false"
000121390025052372,EX-8,"https://www.sec.gov/Archives/edgar/data/1828102/000121390025052372/ea024487201ex8-1/karooooo.htm",Failed,"FAILED","","0","","","","","false"
000141057825000399,EX-8,"https://www.sec.gov/Archives/edgar/data/1836470/000141057825000399/srad-20241231xex8d1.htm",Failed,"FAILED","","0","","","","","false"
000182912625001963,EX-8,"https://www.sec.gov/Archives/edgar/data/1841209/000182912625001963/microcloud/ex8-1.htm",Failed,"FAILED","","0","","","","","false"
000162828025025661,EX-8,"https://www.sec.gov/Archives/edgar/data/1843588/000162828025025661/ex81listofsubsidiariesofre.htm",Failed,"FAILED","","0","","","","","false"
000164117225006627,EX-8,"https://www.sec.gov/Archives/edgar/data/1847846/000164117225006627/ex8-1.htm",Failed,"FAILED","","0","","","","","false"
000121390025025829,EX-8,"https://www.sec.gov/Archives/edgar/data/1854368/000121390025025829/ea023620101ex8-1/digi.htm",Failed,"FAILED","","0","","","","","false"
000162828025013334,EX-8,"https://www.sec.gov/Archives/edgar/data/1854587/000162828025013334/exhibit81subsidiaries.htm",Failed,"FAILED","","0","","","","","false"
000121390025067924,EX-8,"https://www.sec.gov/Archives/edgar/data/1856084/000121390025067924/ea024991001ex8-1/ridgetech.htm",Failed,"FAILED","","0","","","","","false"
000162828025041512,EX-8,"https://www.sec.gov/Archives/edgar/data/1863362/000162828025041512/listofsubsidiaries.htm",Failed,"FAILED","","0","","","","","false"
000187447425000006,EX-8,"https://www.sec.gov/Archives/edgar/data/1874474/000187447425000006/listofsubsidiariesex81.htm",Failed,"FAILED","","0","","","","","false"
000162828025016393,EX-8,"https://www.sec.gov/Archives/edgar/data/1878057/000162828025016393/exhibit81-31dec24.htm",Failed,"FAILED","","0","","","","","false"
000164117225010399,EX-8,"https://www.sec.gov/Archives/edgar/data/1940674/000164117225010399/ex8-1.htm",Failed,"FAILED","","0","","","","","false"
000121390025077592,EX-8,"https://www.sec.gov/Archives/edgar/data/1951229/000121390025077592/ea025010501ex8-1/reitar.htm",Failed,"FAILED","","0","","","","","false"
000164117225006599,EX-8,"https://www.sec.gov/Archives/edgar/data/1957538/000164117225006599/ex8-1.htm",Failed,"FAILED","","0","","","","","false"
000155837025004086,EX-8,"https://www.sec.gov/Archives/edgar/data/1962738/000155837025004086/casi-20241231xex8d1.htm",Failed,"FAILED","","0","","","","","false"
000162828025011314,EX-8,"https://www.sec.gov/Archives/edgar/data/1988894/000162828025011314/exhibit81subsidiariesofa.htm",Failed,"FAILED","","0","","","","","false"
000149315225009478,EX-8,"https://www.sec.gov/Archives/edgar/data/1992818/000149315225009478/ex8-1.htm",Failed,"FAILED","","0","","","","","false"
000137647425000389,EX-8,"https://www.sec.gov/Archives/edgar/data/1997403/000137647425000389/zt/ex8z1.htm",Failed,"FAILED","","0","","","","","false"
000199746425000015,EX-8,"https://www.sec.gov/Archives/edgar/data/1997464/000199746425000015/exhibit81.htm",Failed,"FAILED","","0","","","","","false"
000095017025072593,EX-8,"https://www.sec.gov/Archives/edgar/data/2029471/000095017025072593/hmr-ex8/1.htm",Failed,"FAILED","","0","","","","","false"
000149315225020356,EX-8,"https://www.sec.gov/Archives/edgar/data/2044241/000149315225020356/ex8-1.htm",Failed,"FAILED","","0","","","","","false"
000021741025000015,EX-8,"https://www.sec.gov/Archives/edgar/data/217410/000021741025000015/a81-groupcompanies.htm",Failed,"FAILED","","0","","","","","false"
000117184325003266,EX-8,"https://www.sec.gov/Archives/edgar/data/766011/000117184325003266/ex/819018.htm",Failed,"FAILED","","0","","","","","false"
000117891325001046,EX-8,"https://www.sec.gov/Archives/edgar/data/808439/000117891325001046/exhibit/8.htm",Failed,"FAILED","","0","","","","","false"
000110465925016029,EX-8,"https://www.sec.gov/Archives/edgar/data/844150/000110465925016029/nwg-20241231xex8d1.htm",Failed,"FAILED","","0","","","","","false"
000165495425004881,EX-8,"https://www.sec.gov/Archives/edgar/data/868822/000165495425004881/crcuf/ex81.htm",Failed,"FAILED","","0","","","","","false"
000119312525104983,EX-8,"https://www.sec.gov/Archives/edgar/data/889132/000119312525104983/d928283dex81.htm",Failed,"FAILED","","0","","","","","false"
000119312525101714,EX-8,"https://www.sec.gov/Archives/edgar/data/892450/000119312525101714/d854001dex81.htm",Failed,"FAILED","","0","","","","","false"
000117891325001071,EX-8,"https://www.sec.gov/Archives/edgar/data/897322/000117891325001071/exhibit/8-1.htm",Failed,"FAILED","","0","","","","","false"
000095017025060771,EX-8,"https://www.sec.gov/Archives/edgar/data/900391/000095017025060771/ntz-ex8/1.htm",Failed,"FAILED","","0","","","","","false"
000110465925014750,EX-8,"https://www.sec.gov/Archives/edgar/data/901832/000110465925014750/azn-20241231xex8d1.htm",Failed,"FAILED","","0","","","","","false"
000155837025001178,EX-8,"https://www.sec.gov/Archives/edgar/data/929869/000155837025001178/relx-20241231xex8.htm",Failed,"FAILED","","0","","","","","false"
000093278725000006,EX-8,"https://www.sec.gov/Archives/edgar/data/932787/000093278725000006/stm-exhibit8.htm",Failed,"FAILED","","0","","","","","false"